<?xml version="1.0" encoding="UTF-8"?>
<osm version="0.6" generator="json_to_lanelet.py">
  <node id="N0" lat="-89.596039" lon="-21.274179" />
  <node id="N1" lat="-90.230039" lon="-11.958179" />
  <node id="N2" lat="-93.087961" lon="-21.511821" />
  <node id="N3" lat="-93.721961" lon="-12.195821" />
  <node id="N4" lat="-93.088039" lon="-21.512179" />
  <node id="N5" lat="-93.722039" lon="-12.196179" />
  <node id="N6" lat="-96.579961" lon="-21.749821" />
  <node id="N7" lat="-97.213961" lon="-12.433821" />
  <node id="N8" lat="-96.579051" lon="-21.749992" />
  <node id="N9" lat="-97.214051" lon="-12.433992" />
  <node id="N10" lat="-100.070949" lon="-21.988008" />
  <node id="N11" lat="-100.705949" lon="-12.672008" />
  <node id="N12" lat="-90.228813" lon="432.306558" />
  <node id="N13" lat="-86.402121" lon="328.459528" />
  <node id="N14" lat="-85.622382" lon="299.124499" />
  <node id="N15" lat="-86.731187" lon="432.435442" />
  <node id="N16" lat="-82.903879" lon="328.570472" />
  <node id="N17" lat="-82.123618" lon="299.217501" />
  <node id="N18" lat="-86.731813" lon="432.435546" />
  <node id="N19" lat="-82.903121" lon="328.552552" />
  <node id="N20" lat="-82.124384" lon="299.217559" />
  <node id="N21" lat="-83.234187" lon="432.564454" />
  <node id="N22" lat="-79.404879" lon="328.663448" />
  <node id="N23" lat="-78.625616" lon="299.310441" />
  <node id="N24" lat="-83.233813" lon="432.564552" />
  <node id="N25" lat="-79.404121" lon="328.645555" />
  <node id="N26" lat="-78.625384" lon="299.310559" />
  <node id="N27" lat="-79.736187" lon="432.693448" />
  <node id="N28" lat="-75.905879" lon="328.756445" />
  <node id="N29" lat="-75.126616" lon="299.403441" />
  <node id="N30" lat="-79.736812" lon="432.693541" />
  <node id="N31" lat="-75.905121" lon="328.738549" />
  <node id="N32" lat="-75.126384" lon="299.403559" />
  <node id="N33" lat="-76.239188" lon="432.822459" />
  <node id="N34" lat="-72.406879" lon="328.849451" />
  <node id="N35" lat="-71.627616" lon="299.496441" />
  <node id="N36" lat="-77.905548" lon="26.057216" />
  <node id="N37" lat="-76.202548" lon="-48.834784" />
  <node id="N38" lat="-74.406452" lon="26.136784" />
  <node id="N39" lat="-72.703452" lon="-48.755216" />
  <node id="N40" lat="-74.406548" lon="26.137217" />
  <node id="N41" lat="-72.703548" lon="-48.755783" />
  <node id="N42" lat="-70.907452" lon="26.216783" />
  <node id="N43" lat="-69.204452" lon="-48.676217" />
  <node id="N44" lat="-77.342972" lon="-45.461677" />
  <node id="N45" lat="-79.902972" lon="31.309323" />
  <node id="N46" lat="-80.841028" lon="-45.578323" />
  <node id="N47" lat="-83.401028" lon="31.192677" />
  <node id="N48" lat="-80.840972" lon="-45.578677" />
  <node id="N49" lat="-83.400972" lon="31.192323" />
  <node id="N50" lat="-84.339028" lon="-45.695323" />
  <node id="N51" lat="-86.899028" lon="31.075677" />
  <node id="N52" lat="85.092646" lon="418.832099" />
  <node id="N53" lat="80.574381" lon="386.735909" />
  <node id="N54" lat="63.263171" lon="251.683692" />
  <node id="N55" lat="50.109466" lon="149.029663" />
  <node id="N56" lat="49.459543" lon="124.954360" />
  <node id="N57" lat="88.063354" lon="418.413901" />
  <node id="N58" lat="83.547619" lon="386.336091" />
  <node id="N59" lat="66.238829" lon="251.302308" />
  <node id="N60" lat="53.100534" lon="148.798337" />
  <node id="N61" lat="52.458457" lon="124.873640" />
  <node id="N62" lat="82.122644" lon="419.250089" />
  <node id="N63" lat="77.599381" lon="387.116910" />
  <node id="N64" lat="60.287157" lon="252.064587" />
  <node id="N65" lat="47.110457" lon="149.109552" />
  <node id="N66" lat="46.460543" lon="125.035362" />
  <node id="N67" lat="85.093356" lon="418.831911" />
  <node id="N68" lat="80.572619" lon="386.717090" />
  <node id="N69" lat="63.262843" lon="251.683413" />
  <node id="N70" lat="50.101543" lon="148.878448" />
  <node id="N71" lat="49.459457" lon="124.954638" />
  <node id="N72" lat="-93.105401" lon="423.906462" />
  <node id="N73" lat="-87.496349" lon="489.364213" />
  <node id="N74" lat="-77.450876" lon="531.425329" />
  <node id="N75" lat="-56.429806" lon="585.263629" />
  <node id="N76" lat="-96.592599" lon="424.205538" />
  <node id="N77" lat="-90.951651" lon="489.921787" />
  <node id="N78" lat="-80.791124" lon="532.470671" />
  <node id="N79" lat="-59.690194" lon="586.536371" />
  <node id="N80" lat="-96.592488" lon="424.205443" />
  <node id="N81" lat="-90.900534" lon="490.177070" />
  <node id="N82" lat="-80.712073" lon="532.697699" />
  <node id="N83" lat="-59.689817" lon="586.536602" />
  <node id="N84" lat="-100.079512" lon="424.506557" />
  <node id="N85" lat="-94.355466" lon="490.736930" />
  <node id="N86" lat="-84.051927" lon="533.744301" />
  <node id="N87" lat="-62.950183" lon="587.809398" />
  <node id="N88" lat="-79.902599" lon="31.283769" />
  <node id="N89" lat="-82.542205" lon="132.170933" />
  <node id="N90" lat="-88.432021" lon="254.606089" />
  <node id="N91" lat="-83.401401" lon="31.192231" />
  <node id="N92" lat="-86.039795" lon="132.041067" />
  <node id="N93" lat="-91.927979" lon="254.437911" />
  <node id="N94" lat="-83.400599" lon="31.192770" />
  <node id="N95" lat="-86.038205" lon="132.002934" />
  <node id="N96" lat="-91.928021" lon="254.437090" />
  <node id="N97" lat="-86.899401" lon="31.101230" />
  <node id="N98" lat="-89.535795" lon="131.873066" />
  <node id="N99" lat="-95.423979" lon="254.268910" />
  <node id="N100" lat="94.779012" lon="454.367555" />
  <node id="N101" lat="99.777012" lon="463.445555" />
  <node id="N102" lat="92.150988" lon="455.814445" />
  <node id="N103" lat="97.148988" lon="464.892445" />
  <node id="N104" lat="92.151012" lon="455.814555" />
  <node id="N105" lat="97.149012" lon="464.892555" />
  <node id="N106" lat="89.522988" lon="457.261445" />
  <node id="N107" lat="94.520988" lon="466.339445" />
  <node id="N108" lat="438.842056" lon="-238.750720" />
  <node id="N109" lat="438.386056" lon="-250.895720" />
  <node id="N110" lat="441.839944" lon="-238.863280" />
  <node id="N111" lat="441.383944" lon="-251.008280" />
  <node id="N112" lat="441.840056" lon="-238.863716" />
  <node id="N113" lat="441.384056" lon="-251.007716" />
  <node id="N114" lat="444.837944" lon="-238.976284" />
  <node id="N115" lat="444.381944" lon="-251.120284" />
  <node id="N116" lat="-125.814337" lon="508.660269" />
  <node id="N117" lat="-140.299553" lon="513.812276" />
  <node id="N118" lat="-148.933704" lon="516.921613" />
  <node id="N119" lat="-195.178928" lon="533.499051" />
  <node id="N120" lat="-198.466697" lon="535.434351" />
  <node id="N121" lat="-200.576209" lon="537.962408" />
  <node id="N122" lat="-202.835829" lon="544.595662" />
  <node id="N123" lat="-126.819663" lon="505.833731" />
  <node id="N124" lat="-141.310447" lon="510.987724" />
  <node id="N125" lat="-149.948296" lon="514.098387" />
  <node id="N126" lat="-196.457072" lon="530.784949" />
  <node id="N127" lat="-200.413303" lon="533.151649" />
  <node id="N128" lat="-203.189791" lon="536.489592" />
  <node id="N129" lat="-205.672171" lon="543.618338" />
  <node id="N130" lat="-124.808258" lon="511.486241" />
  <node id="N131" lat="-139.282571" lon="516.635282" />
  <node id="N132" lat="-147.922409" lon="519.745866" />
  <node id="N133" lat="-193.727540" lon="536.121049" />
  <node id="N134" lat="-196.288005" lon="537.477238" />
  <node id="N135" lat="-197.767909" lon="538.986534" />
  <node id="N136" lat="-199.999829" lon="545.572662" />
  <node id="N137" lat="-125.813742" lon="508.659759" />
  <node id="N138" lat="-140.293429" lon="513.810718" />
  <node id="N139" lat="-148.935591" lon="516.922134" />
  <node id="N140" lat="-194.944460" lon="533.378951" />
  <node id="N141" lat="-198.097995" lon="535.084762" />
  <node id="N142" lat="-200.326091" lon="537.419466" />
  <node id="N143" lat="-202.836171" lon="544.595338" />
  <node id="N144" lat="428.610017" lon="-359.594208" />
  <node id="N145" lat="428.766017" lon="-392.056208" />
  <node id="N146" lat="431.609983" lon="-359.579792" />
  <node id="N147" lat="431.765983" lon="-392.041792" />
  <node id="N148" lat="431.610017" lon="-359.580209" />
  <node id="N149" lat="431.766017" lon="-392.041209" />
  <node id="N150" lat="434.609983" lon="-359.565791" />
  <node id="N151" lat="434.765983" lon="-392.026791" />
  <node id="N152" lat="426.160907" lon="-423.378269" />
  <node id="N153" lat="425.558906" lon="-369.411196" />
  <node id="N154" lat="425.447905" lon="-359.546123" />
  <node id="N155" lat="423.161093" lon="-423.411731" />
  <node id="N156" lat="422.559094" lon="-369.444804" />
  <node id="N157" lat="422.448095" lon="-359.579877" />
  <node id="N158" lat="423.160907" lon="-423.412296" />
  <node id="N159" lat="422.559905" lon="-369.445134" />
  <node id="N160" lat="422.447903" lon="-359.579971" />
  <node id="N161" lat="420.161093" lon="-423.445704" />
  <node id="N162" lat="419.560095" lon="-369.478866" />
  <node id="N163" lat="419.448097" lon="-359.614029" />
  <node id="N164" lat="-223.931154" lon="83.526157" />
  <node id="N165" lat="-229.392083" lon="74.557652" />
  <node id="N166" lat="-236.466378" lon="61.693780" />
  <node id="N167" lat="-221.368846" lon="81.965843" />
  <node id="N168" lat="-226.795917" lon="73.054348" />
  <node id="N169" lat="-233.837622" lon="60.248220" />
  <node id="N170" lat="-226.494369" lon="85.085804" />
  <node id="N171" lat="-232.021209" lon="76.003434" />
  <node id="N172" lat="-239.094421" lon="63.139701" />
  <node id="N173" lat="-223.931631" lon="83.526196" />
  <node id="N174" lat="-229.424791" lon="74.500566" />
  <node id="N175" lat="-236.465579" lon="61.694299" />
  <node id="N176" lat="-196.936655" lon="-231.009903" />
  <node id="N177" lat="-197.570655" lon="-246.583903" />
  <node id="N178" lat="-193.689345" lon="-231.142097" />
  <node id="N179" lat="-194.323345" lon="-246.716097" />
  <node id="N180" lat="-200.183655" lon="-230.877903" />
  <node id="N181" lat="-200.817655" lon="-246.451903" />
  <node id="N182" lat="-196.936345" lon="-231.010097" />
  <node id="N183" lat="-197.570345" lon="-246.584097" />
  <node id="N184" lat="-6.650379" lon="-53.879562" />
  <node id="N185" lat="-18.822070" lon="-57.559714" />
  <node id="N186" lat="-33.887958" lon="-65.548966" />
  <node id="N187" lat="-42.267886" lon="-71.088883" />
  <node id="N188" lat="-49.057253" lon="-78.471071" />
  <node id="N189" lat="-58.803594" lon="-91.958260" />
  <node id="N190" lat="-5.639621" lon="-57.230438" />
  <node id="N191" lat="-17.489930" lon="-60.796286" />
  <node id="N192" lat="-32.102042" lon="-68.559034" />
  <node id="N193" lat="-39.998114" lon="-73.753117" />
  <node id="N194" lat="-46.344747" lon="-80.682929" />
  <node id="N195" lat="-55.966406" lon="-94.007740" />
  <node id="N196" lat="-12.712502" lon="570.331614" />
  <node id="N197" lat="0.312940" lon="567.658934" />
  <node id="N198" lat="10.798383" lon="565.484256" />
  <node id="N199" lat="-12.109498" lon="573.270386" />
  <node id="N200" lat="0.919060" lon="570.597066" />
  <node id="N201" lat="11.407617" lon="568.421744" />
  <node id="N202" lat="-13.315419" lon="567.392597" />
  <node id="N203" lat="-0.296032" lon="564.721928" />
  <node id="N204" lat="10.188355" lon="562.547262" />
  <node id="N205" lat="-12.712581" lon="570.331403" />
  <node id="N206" lat="0.310032" lon="567.660072" />
  <node id="N207" lat="10.797645" lon="565.484738" />
  <node id="N208" lat="-216.117177" lon="300.365142" />
  <node id="N209" lat="-204.600027" lon="295.690063" />
  <node id="N210" lat="-200.932869" lon="294.233002" />
  <node id="N211" lat="-214.988823" lon="303.144858" />
  <node id="N212" lat="-203.481973" lon="298.473937" />
  <node id="N213" lat="-199.825131" lon="297.020998" />
  <node id="N214" lat="-217.245165" lon="297.585137" />
  <node id="N215" lat="-205.707955" lon="292.902034" />
  <node id="N216" lat="-202.039738" lon="291.444950" />
  <node id="N217" lat="-216.116835" lon="300.364863" />
  <node id="N218" lat="-204.590045" lon="295.685966" />
  <node id="N219" lat="-200.932262" lon="294.233050" />
  <node id="N220" lat="-114.269005" lon="312.509739" />
  <node id="N221" lat="-118.390103" lon="312.431913" />
  <node id="N222" lat="-124.813850" lon="311.869974" />
  <node id="N223" lat="-130.792300" lon="310.505640" />
  <node id="N224" lat="-137.749955" lon="307.231883" />
  <node id="N225" lat="-142.894879" lon="302.245620" />
  <node id="N226" lat="-148.182889" lon="294.338774" />
  <node id="N227" lat="-153.740627" lon="282.617972" />
  <node id="N228" lat="-156.435814" lon="276.792984" />
  <node id="N229" lat="-156.337907" lon="250.142281" />
  <node id="N230" lat="-155.997129" lon="230.488122" />
  <node id="N231" lat="-157.295468" lon="215.347711" />
  <node id="N232" lat="-157.951892" lon="207.751867" />
  <node id="N233" lat="-159.226331" lon="200.682866" />
  <node id="N234" lat="-162.711842" lon="184.603764" />
  <node id="N235" lat="-164.529207" lon="177.492099" />
  <node id="N236" lat="-172.335428" lon="155.402216" />
  <node id="N237" lat="-176.241604" lon="144.470530" />
  <node id="N238" lat="-183.778676" lon="123.358327" />
  <node id="N239" lat="-114.212995" lon="309.510261" />
  <node id="N240" lat="-118.231897" lon="309.436087" />
  <node id="N241" lat="-124.350150" lon="308.906026" />
  <node id="N242" lat="-129.817700" lon="307.668360" />
  <node id="N243" lat="-136.044045" lon="304.764117" />
  <node id="N244" lat="-140.589121" lon="300.326380" />
  <node id="N245" lat="-145.573111" lon="292.859226" />
  <node id="N246" lat="-151.027373" lon="281.338028" />
  <node id="N247" lat="-153.506186" lon="276.147016" />
  <node id="N248" lat="-153.338093" lon="250.175719" />
  <node id="N249" lat="-152.998871" lon="230.385878" />
  <node id="N250" lat="-154.306532" lon="215.090289" />
  <node id="N251" lat="-154.978108" lon="207.356133" />
  <node id="N252" lat="-156.283669" lon="200.099134" />
  <node id="N253" lat="-159.792158" lon="183.914236" />
  <node id="N254" lat="-161.658793" lon="176.619901" />
  <node id="N255" lat="-169.508572" lon="154.397784" />
  <node id="N256" lat="-173.416396" lon="143.461470" />
  <node id="N257" lat="-180.953324" lon="122.349673" />
  <node id="N258" lat="-114.329491" lon="315.508690" />
  <node id="N259" lat="-118.661764" lon="315.419659" />
  <node id="N260" lat="-125.508873" lon="314.789043" />
  <node id="N261" lat="-132.118130" lon="313.199591" />
  <node id="N262" lat="-139.870201" lon="309.359069" />
  <node id="N263" lat="-145.397823" lon="303.900433" />
  <node id="N264" lat="-150.895143" lon="295.620556" />
  <node id="N265" lat="-156.495066" lon="283.806909" />
  <node id="N266" lat="-159.441925" lon="276.748904" />
  <node id="N267" lat="-159.337900" lon="250.088656" />
  <node id="N268" lat="-158.986150" lon="230.742497" />
  <node id="N269" lat="-160.284580" lon="215.602401" />
  <node id="N270" lat="-160.904085" lon="208.282412" />
  <node id="N271" lat="-162.158377" lon="201.317631" />
  <node id="N272" lat="-165.619142" lon="185.343490" />
  <node id="N273" lat="-167.358565" lon="178.489918" />
  <node id="N274" lat="-175.160412" lon="156.411261" />
  <node id="N275" lat="-179.067594" lon="145.479558" />
  <node id="N276" lat="-186.603698" lon="124.367267" />
  <node id="N277" lat="-114.268509" lon="312.509310" />
  <node id="N278" lat="-118.494236" lon="312.424341" />
  <node id="N279" lat="-125.021127" lon="311.828957" />
  <node id="N280" lat="-131.097870" lon="310.378409" />
  <node id="N281" lat="-138.127799" lon="306.916931" />
  <node id="N282" lat="-143.080177" lon="301.995567" />
  <node id="N283" lat="-148.282857" lon="294.145444" />
  <node id="N284" lat="-153.756934" lon="282.581091" />
  <node id="N285" lat="-156.500075" lon="276.161096" />
  <node id="N286" lat="-156.338100" lon="250.123344" />
  <node id="N287" lat="-155.987850" lon="230.641503" />
  <node id="N288" lat="-157.295420" lon="215.347599" />
  <node id="N289" lat="-157.929915" lon="207.889588" />
  <node id="N290" lat="-159.215623" lon="200.734369" />
  <node id="N291" lat="-162.698858" lon="184.656510" />
  <node id="N292" lat="-164.487435" lon="177.620082" />
  <node id="N293" lat="-172.333588" lon="155.406739" />
  <node id="N294" lat="-176.242406" lon="144.470442" />
  <node id="N295" lat="-183.778302" lon="123.358733" />
  <node id="N296" lat="-270.012854" lon="434.290079" />
  <node id="N297" lat="-266.041893" lon="435.070817" />
  <node id="N298" lat="-261.013216" lon="433.437285" />
  <node id="N299" lat="-243.290152" lon="427.018811" />
  <node id="N300" lat="-237.429907" lon="424.711766" />
  <node id="N301" lat="-218.439034" lon="417.595661" />
  <node id="N302" lat="-179.734569" lon="403.549343" />
  <node id="N303" lat="-173.088114" lon="400.778464" />
  <node id="N304" lat="-270.559146" lon="437.239921" />
  <node id="N305" lat="-265.858107" lon="438.065183" />
  <node id="N306" lat="-260.050784" lon="436.278715" />
  <node id="N307" lat="-242.229848" lon="429.825189" />
  <node id="N308" lat="-236.354093" lon="427.512234" />
  <node id="N309" lat="-217.400966" lon="420.410339" />
  <node id="N310" lat="-178.645431" lon="406.344657" />
  <node id="N311" lat="-171.933886" lon="403.547536" />
  <node id="N312" lat="-270.547430" lon="437.243152" />
  <node id="N313" lat="-265.183923" lon="437.935354" />
  <node id="N314" lat="-259.991565" lon="436.258403" />
  <node id="N315" lat="-242.190231" lon="429.810841" />
  <node id="N316" lat="-236.376988" lon="427.521797" />
  <node id="N317" lat="-217.415123" lon="420.415694" />
  <node id="N318" lat="-178.580630" lon="406.318367" />
  <node id="N319" lat="-171.934114" lon="403.547464" />
  <node id="N320" lat="-270.912570" lon="440.220848" />
  <node id="N321" lat="-264.908077" lon="440.922646" />
  <node id="N322" lat="-259.028435" lon="439.099597" />
  <node id="N323" lat="-241.129769" lon="432.617159" />
  <node id="N324" lat="-235.301012" lon="430.322203" />
  <node id="N325" lat="-216.376877" lon="423.230306" />
  <node id="N326" lat="-177.491370" lon="409.113633" />
  <node id="N327" lat="-170.779886" lon="406.316536" />
  <node id="N328" lat="21.240023" lon="-93.064305" />
  <node id="N329" lat="28.086023" lon="-78.953305" />
  <node id="N330" lat="18.315977" lon="-91.645695" />
  <node id="N331" lat="25.161977" lon="-77.534695" />
  <node id="N332" lat="24.164043" lon="-94.483265" />
  <node id="N333" lat="31.010043" lon="-80.371265" />
  <node id="N334" lat="21.239957" lon="-93.064735" />
  <node id="N335" lat="28.085957" lon="-78.952735" />
  <node id="N336" lat="-225.408357" lon="80.352391" />
  <node id="N337" lat="-212.471910" lon="74.332183" />
  <node id="N338" lat="-202.518031" lon="69.707999" />
  <node id="N339" lat="-176.211611" lon="55.142969" />
  <node id="N340" lat="-223.931643" lon="83.525609" />
  <node id="N341" lat="-210.996090" lon="77.505817" />
  <node id="N342" lat="-200.931969" lon="72.828001" />
  <node id="N343" lat="-174.516389" lon="58.205031" />
  <node id="N344" lat="-223.931404" lon="83.525413" />
  <node id="N345" lat="-210.996492" lon="77.505454" />
  <node id="N346" lat="-200.822593" lon="72.770285" />
  <node id="N347" lat="-174.516635" lon="58.204983" />
  <node id="N348" lat="-222.454596" lon="86.698587" />
  <node id="N349" lat="-209.519508" lon="80.678546" />
  <node id="N350" lat="-199.235407" lon="75.889715" />
  <node id="N351" lat="-172.821365" lon="61.267017" />
  <node id="N352" lat="-91.920807" lon="-17.263557" />
  <node id="N353" lat="-105.743398" lon="-8.058051" />
  <node id="N354" lat="-203.679075" lon="71.186485" />
  <node id="N355" lat="-220.275291" lon="87.293886" />
  <node id="N356" lat="-93.861193" lon="-20.176443" />
  <node id="N357" lat="-107.816602" lon="-10.877949" />
  <node id="N358" lat="-206.000925" lon="68.567515" />
  <node id="N359" lat="-222.712709" lon="84.782114" />
  <node id="N360" lat="-93.862562" lon="-20.175387" />
  <node id="N361" lat="-107.944713" lon="-10.779555" />
  <node id="N362" lat="-206.116999" lon="68.675418" />
  <node id="N363" lat="-222.712293" lon="84.781887" />
  <node id="N364" lat="-95.805438" lon="-23.086613" />
  <node id="N365" lat="-110.019287" lon="-13.598445" />
  <node id="N366" lat="-208.439001" lon="66.056582" />
  <node id="N367" lat="-225.149707" lon="82.270113" />
  <node id="N368" lat="-95.803342" lon="-23.087203" />
  <node id="N369" lat="-110.146044" lon="-13.500047" />
  <node id="N370" lat="-208.553947" lon="66.163372" />
  <node id="N371" lat="-225.150330" lon="82.269924" />
  <node id="N372" lat="-97.748658" lon="-25.996797" />
  <node id="N373" lat="-112.221956" lon="-16.317953" />
  <node id="N374" lat="-210.876053" lon="63.544628" />
  <node id="N375" lat="-227.587670" lon="79.758076" />
  <node id="N376" lat="-58.809885" lon="0.144917" />
  <node id="N377" lat="-44.612729" lon="-9.930953" />
  <node id="N378" lat="-26.958899" lon="-23.858923" />
  <node id="N379" lat="-56.784115" lon="2.999083" />
  <node id="N380" lat="-42.515271" lon="-7.129047" />
  <node id="N381" lat="-24.791101" lon="-21.111077" />
  <node id="N382" lat="-56.784229" lon="2.999162" />
  <node id="N383" lat="-42.444922" lon="-7.182808" />
  <node id="N384" lat="-24.790947" lon="-21.111885" />
  <node id="N385" lat="-54.757771" lon="5.852838" />
  <node id="N386" lat="-40.347078" lon="-4.381192" />
  <node id="N387" lat="-22.623053" lon="-18.364115" />
  <node id="N388" lat="270.513575" lon="512.489205" />
  <node id="N389" lat="266.349568" lon="464.327119" />
  <node id="N390" lat="264.323565" lon="440.862088" />
  <node id="N391" lat="261.737879" lon="410.938537" />
  <node id="N392" lat="260.715586" lon="402.380890" />
  <node id="N393" lat="273.502425" lon="512.230795" />
  <node id="N394" lat="269.338432" lon="464.068881" />
  <node id="N395" lat="267.312435" lon="440.603912" />
  <node id="N396" lat="264.722121" lon="410.631463" />
  <node id="N397" lat="263.694414" lon="402.025110" />
  <node id="N398" lat="273.502575" lon="512.230208" />
  <node id="N399" lat="269.338568" lon="464.069120" />
  <node id="N400" lat="267.312570" lon="440.604150" />
  <node id="N401" lat="264.715877" lon="410.582524" />
  <node id="N402" lat="263.694568" lon="402.025739" />
  <node id="N403" lat="276.491425" lon="511.971792" />
  <node id="N404" lat="272.327432" lon="463.810880" />
  <node id="N405" lat="270.301430" lon="440.345850" />
  <node id="N406" lat="267.700123" lon="410.275476" />
  <node id="N407" lat="266.673432" lon="401.670261" />
  <node id="N408" lat="-82.903312" lon="204.232935" />
  <node id="N409" lat="-77.905312" lon="26.038935" />
  <node id="N410" lat="-79.404688" lon="204.331065" />
  <node id="N411" lat="-74.406688" lon="26.137065" />
  <node id="N412" lat="-79.404312" lon="204.330935" />
  <node id="N413" lat="-74.406312" lon="26.136935" />
  <node id="N414" lat="-75.905688" lon="204.429065" />
  <node id="N415" lat="-70.907688" lon="26.235065" />
  <node id="N416" lat="-127.225475" lon="578.539710" />
  <node id="N417" lat="-135.475552" lon="571.917235" />
  <node id="N418" lat="-140.304328" lon="567.992128" />
  <node id="N419" lat="-147.847070" lon="564.207483" />
  <node id="N420" lat="-151.847704" lon="562.790754" />
  <node id="N421" lat="-168.375459" lon="557.539987" />
  <node id="N422" lat="-203.749834" lon="547.974320" />
  <node id="N423" lat="-125.034525" lon="575.810290" />
  <node id="N424" lat="-133.278448" lon="569.192765" />
  <node id="N425" lat="-138.405672" lon="565.051872" />
  <node id="N426" lat="-146.472930" lon="560.988517" />
  <node id="N427" lat="-150.732296" lon="559.473246" />
  <node id="N428" lat="-167.388541" lon="554.182013" />
  <node id="N429" lat="-202.836166" lon="544.595680" />
  <node id="N430" lat="-125.034454" lon="575.809727" />
  <node id="N431" lat="-133.280701" lon="569.190529" />
  <node id="N432" lat="-138.725634" lon="564.869979" />
  <node id="N433" lat="-146.674394" lon="560.910622" />
  <node id="N434" lat="-150.788323" lon="559.454883" />
  <node id="N435" lat="-167.461319" lon="554.161028" />
  <node id="N436" lat="-202.835834" lon="544.595320" />
  <node id="N437" lat="-122.843546" lon="573.080273" />
  <node id="N438" lat="-131.099299" lon="566.453471" />
  <node id="N439" lat="-136.848366" lon="561.916021" />
  <node id="N440" lat="-145.305606" lon="557.689378" />
  <node id="N441" lat="-149.673677" lon="556.137117" />
  <node id="N442" lat="-166.474681" lon="550.802972" />
  <node id="N443" lat="-201.922166" lon="541.216680" />
  <node id="N444" lat="-71.978256" lon="504.917120" />
  <node id="N445" lat="-78.228776" lon="483.440331" />
  <node id="N446" lat="-81.711784" lon="466.821432" />
  <node id="N447" lat="-86.696223" lon="433.075671" />
  <node id="N448" lat="-68.617744" lon="503.938880" />
  <node id="N449" lat="-74.833224" lon="482.591669" />
  <node id="N450" lat="-78.266216" lon="466.206568" />
  <node id="N451" lat="-83.233777" lon="432.564329" />
  <node id="N452" lat="-68.618050" lon="503.938829" />
  <node id="N453" lat="-74.802592" lon="482.722068" />
  <node id="N454" lat="-78.249716" lon="466.310816" />
  <node id="N455" lat="-83.234223" lon="432.564671" />
  <node id="N456" lat="-65.257950" lon="502.959171" />
  <node id="N457" lat="-71.407408" lon="481.871932" />
  <node id="N458" lat="-74.804284" lon="465.695184" />
  <node id="N459" lat="-79.771777" lon="432.053329" />
  <node id="N460" lat="-53.679328" lon="584.092458" />
  <node id="N461" lat="-75.233346" lon="528.577858" />
  <node id="N462" lat="-80.078277" lon="510.492068" />
  <node id="N463" lat="-84.555933" lon="489.618725" />
  <node id="N464" lat="-87.099323" lon="464.072593" />
  <node id="N465" lat="-86.733881" lon="432.523581" />
  <node id="N466" lat="-50.416672" lon="582.825542" />
  <node id="N467" lat="-71.906654" lon="527.490142" />
  <node id="N468" lat="-76.675723" lon="509.671932" />
  <node id="N469" lat="-81.098067" lon="489.077275" />
  <node id="N470" lat="-83.602677" lon="463.919407" />
  <node id="N471" lat="-83.234119" lon="432.564419" />
  <node id="N472" lat="-50.417108" lon="582.825024" />
  <node id="N473" lat="-71.852191" lon="527.673332" />
  <node id="N474" lat="-76.656017" lon="509.757148" />
  <node id="N475" lat="-81.072674" lon="489.272374" />
  <node id="N476" lat="-83.599290" lon="464.114347" />
  <node id="N477" lat="-83.233881" lon="432.564581" />
  <node id="N478" lat="-47.154892" lon="581.556976" />
  <node id="N479" lat="-68.525809" lon="526.584668" />
  <node id="N480" lat="-73.253983" lon="508.934852" />
  <node id="N481" lat="-77.615326" lon="488.727626" />
  <node id="N482" lat="-80.102710" lon="463.959653" />
  <node id="N483" lat="-79.734119" lon="432.605419" />
  <node id="N484" lat="-44.610487" lon="582.426860" />
  <node id="N485" lat="-59.713305" lon="543.197287" />
  <node id="N486" lat="-71.718568" lon="504.911172" />
  <node id="N487" lat="-41.577513" lon="581.259140" />
  <node id="N488" lat="-56.644695" lon="542.126713" />
  <node id="N489" lat="-68.617432" lon="503.938828" />
  <node id="N490" lat="-41.578408" lon="581.259066" />
  <node id="N491" lat="-56.612267" lon="542.224397" />
  <node id="N492" lat="-68.617565" lon="503.939184" />
  <node id="N493" lat="-38.545592" lon="580.090934" />
  <node id="N494" lat="-53.543733" lon="541.153603" />
  <node id="N495" lat="-65.516435" lon="502.966816" />
  <node id="N496" lat="-74.958047" lon="-27.250080" />
  <node id="N497" lat="-79.758526" lon="-24.292655" />
  <node id="N498" lat="-92.203172" lon="-17.087512" />
  <node id="N499" lat="-76.793953" lon="-30.229920" />
  <node id="N500" lat="-81.553474" lon="-27.297345" />
  <node id="N501" lat="-93.956828" lon="-20.116488" />
  <node id="N502" lat="-76.793927" lon="-30.229154" />
  <node id="N503" lat="-81.512465" lon="-27.321691" />
  <node id="N504" lat="-93.957172" lon="-20.116512" />
  <node id="N505" lat="-78.630073" lon="-33.208846" />
  <node id="N506" lat="-83.307535" lon="-30.326309" />
  <node id="N507" lat="-95.710828" lon="-23.145488" />
  <node id="N508" lat="-78.630425" lon="-33.209463" />
  <node id="N509" lat="-83.266186" lon="-30.350858" />
  <node id="N510" lat="-95.710119" lon="-23.145543" />
  <node id="N511" lat="-80.467575" lon="-36.188537" />
  <node id="N512" lat="-85.061814" lon="-33.355142" />
  <node id="N513" lat="-97.463881" lon="-26.174457" />
  <node id="N514" lat="-262.214569" lon="109.966925" />
  <node id="N515" lat="-273.233808" lon="117.233741" />
  <node id="N516" lat="-280.816046" lon="122.215555" />
  <node id="N517" lat="-264.141431" lon="107.045075" />
  <node id="N518" lat="-275.158192" lon="114.310259" />
  <node id="N519" lat="-282.737954" lon="119.290445" />
  <node id="N520" lat="-260.287597" lon="112.888943" />
  <node id="N521" lat="-271.311821" lon="120.158750" />
  <node id="N522" lat="-278.894046" lon="125.140555" />
  <node id="N523" lat="-262.214403" lon="109.967057" />
  <node id="N524" lat="-273.236179" lon="117.235250" />
  <node id="N525" lat="-280.815954" lon="122.215445" />
  <node id="N526" lat="415.001537" lon="-276.091115" />
  <node id="N527" lat="419.030537" lon="-272.973115" />
  <node id="N528" lat="413.012463" lon="-273.520885" />
  <node id="N529" lat="417.041463" lon="-270.402885" />
  <node id="N530" lat="416.989183" lon="-278.661389" />
  <node id="N531" lat="421.019183" lon="-275.544389" />
  <node id="N532" lat="415.000817" lon="-276.090611" />
  <node id="N533" lat="419.030817" lon="-272.973611" />
  <node id="N534" lat="-203.749996" lon="547.974276" />
  <node id="N535" lat="-233.551148" lon="539.912235" />
  <node id="N536" lat="-255.570074" lon="533.951255" />
  <node id="N537" lat="-297.069848" lon="522.728316" />
  <node id="N538" lat="-202.836004" lon="544.595724" />
  <node id="N539" lat="-232.636852" lon="536.533765" />
  <node id="N540" lat="-254.655926" lon="530.572745" />
  <node id="N541" lat="-296.156152" lon="519.349684" />
  <node id="N542" lat="-202.835958" lon="544.595287" />
  <node id="N543" lat="-232.636119" lon="536.534243" />
  <node id="N544" lat="-254.656083" lon="530.573253" />
  <node id="N545" lat="-296.155886" lon="519.349306" />
  <node id="N546" lat="-201.922042" lon="541.216713" />
  <node id="N547" lat="-231.721881" lon="533.155757" />
  <node id="N548" lat="-253.741917" lon="527.194747" />
  <node id="N549" lat="-295.242114" lon="515.970694" />
  <node id="N550" lat="-121.208991" lon="584.530859" />
  <node id="N551" lat="-127.498991" lon="578.295859" />
  <node id="N552" lat="-118.745009" lon="582.045141" />
  <node id="N553" lat="-125.035009" lon="575.810141" />
  <node id="N554" lat="-118.745091" lon="582.045760" />
  <node id="N555" lat="-125.035091" lon="575.809760" />
  <node id="N556" lat="-116.280909" lon="579.560240" />
  <node id="N557" lat="-122.570909" lon="573.324240" />
  <node id="N558" lat="-146.296534" lon="537.580488" />
  <node id="N559" lat="-157.206534" lon="536.333488" />
  <node id="N560" lat="-145.927466" lon="534.351512" />
  <node id="N561" lat="-156.837466" lon="533.104512" />
  <node id="N562" lat="-146.665534" lon="540.809488" />
  <node id="N563" lat="-157.575534" lon="539.562488" />
  <node id="N564" lat="-146.296466" lon="537.580512" />
  <node id="N565" lat="-157.206466" lon="536.333512" />
  <node id="N566" lat="49.459133" lon="124.955004" />
  <node id="N567" lat="49.582260" lon="115.721098" />
  <node id="N568" lat="51.218430" lon="47.197065" />
  <node id="N569" lat="52.242434" lon="4.616937" />
  <node id="N570" lat="52.458867" lon="124.994996" />
  <node id="N571" lat="52.581740" lon="115.776902" />
  <node id="N572" lat="54.217570" lon="47.268935" />
  <node id="N573" lat="55.241566" lon="4.689063" />
  <node id="N574" lat="46.460130" lon="124.915235" />
  <node id="N575" lat="46.582258" lon="115.649203" />
  <node id="N576" lat="48.219431" lon="47.125055" />
  <node id="N577" lat="49.243434" lon="4.544937" />
  <node id="N578" lat="49.459870" lon="124.954765" />
  <node id="N579" lat="49.581742" lon="115.704797" />
  <node id="N580" lat="51.218569" lon="47.196945" />
  <node id="N581" lat="52.242566" lon="4.617063" />
  <node id="N582" lat="416.681591" lon="-429.187128" />
  <node id="N583" lat="403.067591" lon="-429.358128" />
  <node id="N584" lat="416.722409" lon="-432.436872" />
  <node id="N585" lat="403.108409" lon="-432.607872" />
  <node id="N586" lat="416.641592" lon="-425.937128" />
  <node id="N587" lat="403.026592" lon="-426.108128" />
  <node id="N588" lat="416.682408" lon="-429.186872" />
  <node id="N589" lat="403.067408" lon="-429.357872" />
  <node id="N590" lat="-193.006612" lon="291.167508" />
  <node id="N591" lat="-173.928953" lon="283.448435" />
  <node id="N592" lat="-156.471292" lon="276.462368" />
  <node id="N593" lat="-191.881388" lon="293.948492" />
  <node id="N594" lat="-172.809047" lon="286.231565" />
  <node id="N595" lat="-155.356708" lon="279.247632" />
  <node id="N596" lat="-194.131609" lon="288.386507" />
  <node id="N597" lat="-175.043952" lon="280.663435" />
  <node id="N598" lat="-157.586292" lon="273.677368" />
  <node id="N599" lat="-193.006391" lon="291.167493" />
  <node id="N600" lat="-173.924048" lon="283.446565" />
  <node id="N601" lat="-156.471708" lon="276.462632" />
  <node id="N602" lat="-200.932011" lon="294.232962" />
  <node id="N603" lat="-193.006011" lon="291.167962" />
  <node id="N604" lat="-199.849989" lon="297.031038" />
  <node id="N605" lat="-191.923989" lon="293.966038" />
  <node id="N606" lat="-202.015011" lon="291.434962" />
  <node id="N607" lat="-194.089011" lon="288.369962" />
  <node id="N608" lat="-200.932989" lon="294.233038" />
  <node id="N609" lat="-193.006989" lon="291.168038" />
  <node id="N610" lat="-136.322374" lon="487.325716" />
  <node id="N611" lat="-131.585520" lon="499.291016" />
  <node id="N612" lat="-130.759176" lon="500.977772" />
  <node id="N613" lat="-127.688764" lon="504.232857" />
  <node id="N614" lat="-125.822549" lon="508.636758" />
  <node id="N615" lat="-122.509398" lon="517.368602" />
  <node id="N616" lat="-107.894972" lon="556.852659" />
  <node id="N617" lat="-105.444568" lon="564.101233" />
  <node id="N618" lat="-105.983252" lon="570.994384" />
  <node id="N619" lat="-111.553461" lon="577.398940" />
  <node id="N620" lat="-139.111626" lon="488.430284" />
  <node id="N621" lat="-134.324480" lon="500.514984" />
  <node id="N622" lat="-133.216824" lon="502.698228" />
  <node id="N623" lat="-130.203236" lon="505.869143" />
  <node id="N624" lat="-128.609451" lon="509.747242" />
  <node id="N625" lat="-125.318602" lon="518.421398" />
  <node id="N626" lat="-110.721028" lon="557.859341" />
  <node id="N627" lat="-108.419432" lon="564.488767" />
  <node id="N628" lat="-108.748748" lon="569.831616" />
  <node id="N629" lat="-113.798539" lon="575.409060" />
  <node id="N630" lat="-133.533221" lon="486.221101" />
  <node id="N631" lat="-128.832371" lon="498.101254" />
  <node id="N632" lat="-128.489725" lon="499.037401" />
  <node id="N633" lat="-124.905220" lon="503.099655" />
  <node id="N634" lat="-123.017392" lon="507.573151" />
  <node id="N635" lat="-119.696369" lon="516.327681" />
  <node id="N636" lat="-105.030584" lon="555.956858" />
  <node id="N637" lat="-102.456013" lon="564.530353" />
  <node id="N638" lat="-103.762176" lon="573.038293" />
  <node id="N639" lat="-109.308461" lon="579.388940" />
  <node id="N640" lat="-136.322779" lon="487.324899" />
  <node id="N641" lat="-131.623629" lon="499.200746" />
  <node id="N642" lat="-131.050275" lon="500.600599" />
  <node id="N643" lat="-127.448780" lon="504.690345" />
  <node id="N644" lat="-125.804608" lon="508.682849" />
  <node id="N645" lat="-122.505631" lon="517.380319" />
  <node id="N646" lat="-107.873416" lon="556.915142" />
  <node id="N647" lat="-105.447987" lon="564.749647" />
  <node id="N648" lat="-106.479824" lon="571.767707" />
  <node id="N649" lat="-111.553539" lon="577.399060" />
  <node id="N650" lat="-287.751348" lon="126.728797" />
  <node id="N651" lat="-283.835697" lon="137.002807" />
  <node id="N652" lat="-281.083080" lon="144.447829" />
  <node id="N653" lat="-290.554652" lon="127.797203" />
  <node id="N654" lat="-286.644303" lon="138.057193" />
  <node id="N655" lat="-283.896920" lon="145.488171" />
  <node id="N656" lat="-284.947318" lon="125.660877" />
  <node id="N657" lat="-281.021682" lon="135.962847" />
  <node id="N658" lat="-278.269080" lon="143.407829" />
  <node id="N659" lat="-287.750682" lon="126.729123" />
  <node id="N660" lat="-283.830318" lon="137.017153" />
  <node id="N661" lat="-281.082920" lon="144.448171" />
  <node id="N662" lat="486.535386" lon="344.815180" />
  <node id="N663" lat="454.352495" lon="350.984159" />
  <node id="N664" lat="448.641313" lon="352.079599" />
  <node id="N665" lat="429.876970" lon="356.283660" />
  <node id="N666" lat="351.449110" lon="377.276188" />
  <node id="N667" lat="292.355747" lon="393.029096" />
  <node id="N668" lat="287.232340" lon="394.597366" />
  <node id="N669" lat="268.716054" lon="400.444577" />
  <node id="N670" lat="263.695816" lon="402.024967" />
  <node id="N671" lat="190.168218" lon="425.104155" />
  <node id="N672" lat="485.970614" lon="341.868820" />
  <node id="N673" lat="453.787505" lon="348.037841" />
  <node id="N674" lat="448.030687" lon="349.142401" />
  <node id="N675" lat="429.161030" lon="353.370340" />
  <node id="N676" lat="350.674890" lon="374.377812" />
  <node id="N677" lat="291.530253" lon="390.144904" />
  <node id="N678" lat="286.341660" lon="391.732634" />
  <node id="N679" lat="267.813946" lon="397.583423" />
  <node id="N680" lat="262.796184" lon="399.163033" />
  <node id="N681" lat="189.269782" lon="422.241845" />
  <node id="N682" lat="487.100386" lon="347.761180" />
  <node id="N683" lat="454.917427" lon="353.930172" />
  <node id="N684" lat="449.297128" lon="355.007638" />
  <node id="N685" lat="430.652857" lon="359.181688" />
  <node id="N686" lat="352.222088" lon="380.175194" />
  <node id="N687" lat="293.233590" lon="395.898141" />
  <node id="N688" lat="288.136209" lon="397.457407" />
  <node id="N689" lat="269.617193" lon="403.305533" />
  <node id="N690" lat="264.593944" lon="404.887926" />
  <node id="N691" lat="191.066200" lon="427.966160" />
  <node id="N692" lat="486.535614" lon="344.814820" />
  <node id="N693" lat="454.352573" lon="350.983828" />
  <node id="N694" lat="448.686872" lon="352.070362" />
  <node id="N695" lat="429.937143" lon="356.268312" />
  <node id="N696" lat="351.447912" lon="377.276806" />
  <node id="N697" lat="292.408410" lon="393.013859" />
  <node id="N698" lat="287.245791" lon="394.592593" />
  <node id="N699" lat="268.714807" lon="400.444467" />
  <node id="N700" lat="263.694056" lon="402.026074" />
  <node id="N701" lat="190.167800" lon="425.103840" />
  <node id="N702" lat="429.897422" lon="-301.791933" />
  <node id="N703" lat="425.967451" lon="-306.162272" />
  <node id="N704" lat="423.643056" lon="-307.566355" />
  <node id="N705" lat="420.441034" lon="-308.125311" />
  <node id="N706" lat="432.122578" lon="-303.804067" />
  <node id="N707" lat="427.872549" lon="-308.479728" />
  <node id="N708" lat="424.700944" lon="-310.373645" />
  <node id="N709" lat="420.978966" lon="-311.076689" />
  <node id="N710" lat="432.121712" lon="-303.805820" />
  <node id="N711" lat="427.483238" lon="-308.742678" />
  <node id="N712" lat="424.213373" lon="-310.505599" />
  <node id="N713" lat="420.979034" lon="-311.076311" />
  <node id="N714" lat="434.302288" lon="-305.866180" />
  <node id="N715" lat="429.308762" lon="-311.123322" />
  <node id="N716" lat="425.206627" lon="-313.336401" />
  <node id="N717" lat="421.516966" lon="-314.027689" />
  <node id="N718" lat="-76.627574" lon="-303.504083" />
  <node id="N719" lat="-73.668936" lon="-276.680292" />
  <node id="N720" lat="-77.341221" lon="-45.523176" />
  <node id="N721" lat="-80.106426" lon="-303.119917" />
  <node id="N722" lat="-77.165064" lon="-276.515708" />
  <node id="N723" lat="-80.840779" lon="-45.578824" />
  <node id="N724" lat="-80.105767" lon="-303.119829" />
  <node id="N725" lat="-77.168978" lon="-276.736174" />
  <node id="N726" lat="-80.840221" lon="-45.578183" />
  <node id="N727" lat="-83.584233" lon="-302.732171" />
  <node id="N728" lat="-80.665022" lon="-276.569826" />
  <node id="N729" lat="-84.339779" lon="-45.633817" />
  <node id="N730" lat="-84.375780" lon="-196.015763" />
  <node id="N731" lat="-88.962772" lon="-42.416010" />
  <node id="N732" lat="-89.184772" lon="-34.911026" />
  <node id="N733" lat="-89.585779" lon="-21.474794" />
  <node id="N734" lat="-87.874220" lon="-196.120237" />
  <node id="N735" lat="-92.461228" lon="-42.519990" />
  <node id="N736" lat="-92.683228" lon="-35.014974" />
  <node id="N737" lat="-93.084221" lon="-21.579206" />
  <node id="N738" lat="-87.874779" lon="-196.120774" />
  <node id="N739" lat="-92.460776" lon="-42.519899" />
  <node id="N740" lat="-92.683775" lon="-35.014909" />
  <node id="N741" lat="-93.084779" lon="-21.578794" />
  <node id="N742" lat="-91.373221" lon="-196.225226" />
  <node id="N743" lat="-95.959224" lon="-42.624101" />
  <node id="N744" lat="-96.182225" lon="-35.119091" />
  <node id="N745" lat="-96.583221" lon="-21.683206" />
  <node id="N746" lat="-91.372780" lon="-196.224763" />
  <node id="N747" lat="-95.959773" lon="-42.624007" />
  <node id="N748" lat="-96.181772" lon="-35.120022" />
  <node id="N749" lat="-96.582779" lon="-21.683794" />
  <node id="N750" lat="-94.871220" lon="-196.329237" />
  <node id="N751" lat="-99.458227" lon="-42.727993" />
  <node id="N752" lat="-99.680228" lon="-35.223978" />
  <node id="N753" lat="-100.081221" lon="-21.788206" />
  <node id="N754" lat="337.733629" lon="-234.870462" />
  <node id="N755" lat="347.774629" lon="-239.450462" />
  <node id="N756" lat="339.082371" lon="-231.913538" />
  <node id="N757" lat="349.123371" lon="-236.493538" />
  <node id="N758" lat="336.384508" lon="-237.826406" />
  <node id="N759" lat="346.425508" lon="-242.407406" />
  <node id="N760" lat="337.733492" lon="-234.869594" />
  <node id="N761" lat="347.774492" lon="-239.450594" />
  <node id="N762" lat="-103.839240" lon="508.689981" />
  <node id="N763" lat="-106.566240" lon="498.036981" />
  <node id="N764" lat="-100.690760" lon="507.884019" />
  <node id="N765" lat="-103.417760" lon="497.231019" />
  <node id="N766" lat="-106.988240" lon="509.495981" />
  <node id="N767" lat="-109.715240" lon="498.842981" />
  <node id="N768" lat="-103.839760" lon="508.690019" />
  <node id="N769" lat="-106.566760" lon="498.037019" />
  <node id="N770" lat="142.316752" lon="538.617612" />
  <node id="N771" lat="143.530752" lon="545.587612" />
  <node id="N772" lat="139.361248" lon="539.132388" />
  <node id="N773" lat="140.575248" lon="546.102388" />
  <node id="N774" lat="139.361794" lon="539.131854" />
  <node id="N775" lat="140.574794" lon="546.102854" />
  <node id="N776" lat="136.406206" lon="539.646146" />
  <node id="N777" lat="137.619206" lon="546.617146" />
  <node id="N778" lat="-262.960368" lon="-468.819454" />
  <node id="N779" lat="-271.854368" lon="-469.287454" />
  <node id="N780" lat="-262.697632" lon="-473.812546" />
  <node id="N781" lat="-271.591632" lon="-474.280546" />
  <node id="N782" lat="-263.222353" lon="-463.826453" />
  <node id="N783" lat="-272.117353" lon="-464.294453" />
  <node id="N784" lat="-262.959647" lon="-468.819547" />
  <node id="N785" lat="-271.854647" lon="-469.287547" />
  <node id="N786" lat="-71.508796" lon="-303.344747" />
  <node id="N787" lat="-71.096797" lon="-330.297640" />
  <node id="N788" lat="-67.412799" lon="-573.258532" />
  <node id="N789" lat="-68.009204" lon="-303.291253" />
  <node id="N790" lat="-67.597203" lon="-330.244360" />
  <node id="N791" lat="-63.913201" lon="-573.205468" />
  <node id="N792" lat="-68.009796" lon="-303.290746" />
  <node id="N793" lat="-67.597797" lon="-330.244643" />
  <node id="N794" lat="-63.912799" lon="-573.205539" />
  <node id="N795" lat="-64.510204" lon="-303.237254" />
  <node id="N796" lat="-64.098203" lon="-330.191357" />
  <node id="N797" lat="-60.413201" lon="-573.152461" />
  <node id="N798" lat="-64.509796" lon="-303.237746" />
  <node id="N799" lat="-64.097797" lon="-330.191639" />
  <node id="N800" lat="-60.413799" lon="-573.152532" />
  <node id="N801" lat="-61.010204" lon="-303.184254" />
  <node id="N802" lat="-60.598203" lon="-330.138361" />
  <node id="N803" lat="-56.914201" lon="-573.099468" />
  <node id="N804" lat="-61.010796" lon="-303.183745" />
  <node id="N805" lat="-60.598797" lon="-330.138642" />
  <node id="N806" lat="-56.913799" lon="-573.099539" />
  <node id="N807" lat="-57.511204" lon="-303.130255" />
  <node id="N808" lat="-57.099203" lon="-330.085358" />
  <node id="N809" lat="-53.414201" lon="-573.046461" />
  <node id="N810" lat="-76.653851" lon="-302.543058" />
  <node id="N811" lat="-81.042384" lon="-276.246177" />
  <node id="N812" lat="-85.270710" lon="-218.232641" />
  <node id="N813" lat="-86.126300" lon="-196.037570" />
  <node id="N814" lat="-80.106149" lon="-303.118942" />
  <node id="N815" lat="-84.517616" lon="-276.661823" />
  <node id="N816" lat="-88.765290" lon="-218.427359" />
  <node id="N817" lat="-89.623700" lon="-196.172430" />
  <node id="N818" lat="-80.105699" lon="-303.118973" />
  <node id="N819" lat="-84.533324" lon="-276.500677" />
  <node id="N820" lat="-88.767708" lon="-218.367681" />
  <node id="N821" lat="-89.623300" lon="-196.172570" />
  <node id="N822" lat="-83.558301" lon="-303.693027" />
  <node id="N823" lat="-88.008676" lon="-276.915323" />
  <node id="N824" lat="-92.262292" lon="-218.562319" />
  <node id="N825" lat="-93.120700" lon="-196.307430" />
  <node id="N826" lat="-76.202697" lon="-48.820582" />
  <node id="N827" lat="-71.947910" lon="-277.111869" />
  <node id="N828" lat="-67.971796" lon="-303.754543" />
  <node id="N829" lat="-72.703303" lon="-48.755418" />
  <node id="N830" lat="-68.460090" lon="-276.820131" />
  <node id="N831" lat="-64.510204" lon="-303.237457" />
  <node id="N832" lat="-72.702701" lon="-48.755355" />
  <node id="N833" lat="-68.485920" lon="-276.594756" />
  <node id="N834" lat="-64.509796" lon="-303.237543" />
  <node id="N835" lat="-69.203299" lon="-48.690645" />
  <node id="N836" lat="-64.998080" lon="-276.303244" />
  <node id="N837" lat="-61.048204" lon="-302.720457" />
  <node id="N838" lat="-84.931982" lon="254.671619" />
  <node id="N839" lat="-87.378696" lon="327.673356" />
  <node id="N840" lat="-89.594459" lon="424.366092" />
  <node id="N841" lat="-88.430018" lon="254.554381" />
  <node id="N842" lat="-90.877304" lon="327.574644" />
  <node id="N843" lat="-93.093541" lon="424.285908" />
  <node id="N844" lat="-88.429983" lon="254.554637" />
  <node id="N845" lat="-90.878696" lon="327.593356" />
  <node id="N846" lat="-93.093459" lon="424.286074" />
  <node id="N847" lat="-91.928017" lon="254.437363" />
  <node id="N848" lat="-94.377304" lon="327.494644" />
  <node id="N849" lat="-96.592541" lon="424.205926" />
  <node id="N850" lat="-91.927982" lon="254.437632" />
  <node id="N851" lat="-94.377696" lon="327.513353" />
  <node id="N852" lat="-96.592459" lon="424.206074" />
  <node id="N853" lat="-95.426018" lon="254.320368" />
  <node id="N854" lat="-97.876304" lon="327.414647" />
  <node id="N855" lat="-100.091541" lon="424.125926" />
  <node id="N856" lat="-95.425982" lon="254.320626" />
  <node id="N857" lat="-97.876696" lon="327.433351" />
  <node id="N858" lat="-100.091459" lon="424.126074" />
  <node id="N859" lat="-98.924018" lon="254.203374" />
  <node id="N860" lat="-101.375304" lon="327.334649" />
  <node id="N861" lat="-103.590541" lon="424.045926" />
  <node id="N862" lat="-82.099110" lon="299.736013" />
  <node id="N863" lat="-84.928093" lon="276.516675" />
  <node id="N864" lat="-82.903311" lon="204.232881" />
  <node id="N865" lat="-78.624890" lon="299.311987" />
  <node id="N866" lat="-81.431907" lon="276.353325" />
  <node id="N867" lat="-79.404689" lon="204.331119" />
  <node id="N868" lat="-78.624744" lon="299.311986" />
  <node id="N869" lat="-81.429022" lon="276.617171" />
  <node id="N870" lat="-79.404311" lon="204.330881" />
  <node id="N871" lat="-75.151256" lon="298.882014" />
  <node id="N872" lat="-77.932978" lon="276.450829" />
  <node id="N873" lat="-75.905689" lon="204.429119" />
  <node id="N874" lat="-93.095848" lon="424.366399" />
  <node id="N875" lat="-95.903642" lon="485.266204" />
  <node id="N876" lat="-92.894347" lon="507.792512" />
  <node id="N877" lat="-84.276322" lon="542.938353" />
  <node id="N878" lat="-96.592152" lon="424.205601" />
  <node id="N879" lat="-99.400358" lon="485.417796" />
  <node id="N880" lat="-96.333653" lon="508.441488" />
  <node id="N881" lat="-87.675678" lon="543.771647" />
  <node id="N882" lat="-96.592775" lon="424.205796" />
  <node id="N883" lat="-99.372709" lon="485.728669" />
  <node id="N884" lat="-96.294487" lon="508.624767" />
  <node id="N885" lat="-87.675333" lon="543.771307" />
  <node id="N886" lat="-100.089225" lon="424.048204" />
  <node id="N887" lat="-102.869291" lon="485.883331" />
  <node id="N888" lat="-99.733513" lon="509.275233" />
  <node id="N889" lat="-91.074667" lon="544.604693" />
  <node id="N890" lat="-92.992316" lon="26.070768" />
  <node id="N891" lat="-92.792024" lon="36.624882" />
  <node id="N892" lat="-93.160098" lon="79.550494" />
  <node id="N893" lat="-92.725185" lon="94.175537" />
  <node id="N894" lat="-92.736000" lon="111.957542" />
  <node id="N895" lat="-92.736000" lon="155.687270" />
  <node id="N896" lat="-92.748295" lon="194.494887" />
  <node id="N897" lat="-92.100342" lon="211.999904" />
  <node id="N898" lat="-88.441559" lon="254.134630" />
  <node id="N899" lat="-96.491684" lon="26.137232" />
  <node id="N900" lat="-96.291976" lon="36.643118" />
  <node id="N901" lat="-96.659902" lon="79.587506" />
  <node id="N902" lat="-96.224815" lon="94.226463" />
  <node id="N903" lat="-96.236000" lon="111.956458" />
  <node id="N904" lat="-96.236000" lon="155.686730" />
  <node id="N905" lat="-96.247705" lon="194.559113" />
  <node id="N906" lat="-95.593658" lon="212.216096" />
  <node id="N907" lat="-91.928441" lon="254.437370" />
  <node id="N908" lat="-96.492321" lon="26.137459" />
  <node id="N909" lat="-96.292025" lon="36.594664" />
  <node id="N910" lat="-96.658099" lon="79.654361" />
  <node id="N911" lat="-96.225186" lon="94.173468" />
  <node id="N912" lat="-96.236000" lon="111.957542" />
  <node id="N913" lat="-96.236000" lon="155.686225" />
  <node id="N914" lat="-96.246300" lon="194.624613" />
  <node id="N915" lat="-95.587357" lon="212.301658" />
  <node id="N916" lat="-91.927562" lon="254.437593" />
  <node id="N917" lat="-99.991679" lon="26.204541" />
  <node id="N918" lat="-99.791975" lon="36.613336" />
  <node id="N919" lat="-100.157901" lon="79.691639" />
  <node id="N920" lat="-99.724814" lon="94.224532" />
  <node id="N921" lat="-99.736000" lon="111.956458" />
  <node id="N922" lat="-99.736000" lon="155.685775" />
  <node id="N923" lat="-99.745700" lon="194.689387" />
  <node id="N924" lat="-99.080643" lon="212.518342" />
  <node id="N925" lat="-95.414438" lon="254.740407" />
  <node id="N926" lat="-82.074099" lon="298.712030" />
  <node id="N927" lat="-78.065654" lon="275.685286" />
  <node id="N928" lat="-75.959111" lon="247.584275" />
  <node id="N929" lat="-72.041127" lon="195.191498" />
  <node id="N930" lat="-78.625901" lon="299.311970" />
  <node id="N931" lat="-74.592346" lon="276.116714" />
  <node id="N932" lat="-72.468889" lon="247.845725" />
  <node id="N933" lat="-68.550873" lon="195.452502" />
  <node id="N934" lat="-78.625316" lon="299.311276" />
  <node id="N935" lat="-74.575732" lon="275.947916" />
  <node id="N936" lat="-72.469111" lon="247.845278" />
  <node id="N937" lat="-68.551127" lon="195.452498" />
  <node id="N938" lat="-75.176684" lon="299.908724" />
  <node id="N939" lat="-71.102268" lon="276.378084" />
  <node id="N940" lat="-68.978889" lon="248.106722" />
  <node id="N941" lat="-65.060873" lon="195.713502" />
  <node id="N942" lat="-59.302108" lon="-8.392485" />
  <node id="N943" lat="-62.385578" lon="-14.236986" />
  <node id="N944" lat="-64.839554" lon="-19.889162" />
  <node id="N945" lat="-66.720077" lon="-22.672266" />
  <node id="N946" lat="-68.645721" lon="-24.820576" />
  <node id="N947" lat="-70.752305" lon="-26.447860" />
  <node id="N948" lat="-78.580946" lon="-28.587013" />
  <node id="N949" lat="-56.427892" lon="-9.909515" />
  <node id="N950" lat="-59.456422" lon="-15.645014" />
  <node id="N951" lat="-61.990446" lon="-21.452838" />
  <node id="N952" lat="-64.157923" lon="-24.671734" />
  <node id="N953" lat="-66.444279" lon="-27.211424" />
  <node id="N954" lat="-69.309695" lon="-29.360140" />
  <node id="N955" lat="-77.713054" lon="-31.718987" />
  <node id="N956" lat="-56.427068" lon="-9.908517" />
  <node id="N957" lat="-59.408191" lon="-15.539982" />
  <node id="N958" lat="-62.146742" lon="-21.707875" />
  <node id="N959" lat="-64.312133" lon="-24.852407" />
  <node id="N960" lat="-66.716310" lon="-27.428304" />
  <node id="N961" lat="-69.844624" lon="-29.560868" />
  <node id="N962" lat="-77.711996" lon="-31.719027" />
  <node id="N963" lat="-53.554932" lon="-11.429483" />
  <node id="N964" lat="-56.485809" lon="-16.962018" />
  <node id="N965" lat="-59.311258" lon="-23.296125" />
  <node id="N966" lat="-61.779867" lon="-26.889593" />
  <node id="N967" lat="-64.605690" lon="-29.899696" />
  <node id="N968" lat="-68.481376" lon="-32.511132" />
  <node id="N969" lat="-76.844004" lon="-34.850973" />
  <node id="N970" lat="-92.415654" lon="-13.430577" />
  <node id="N971" lat="-89.564308" lon="-5.622160" />
  <node id="N972" lat="-87.175758" lon="-0.279920" />
  <node id="N973" lat="-84.951487" lon="3.300159" />
  <node id="N974" lat="-82.103908" lon="6.038580" />
  <node id="N975" lat="-80.172585" lon="7.675896" />
  <node id="N976" lat="-76.380118" lon="8.775494" />
  <node id="N977" lat="-70.439219" lon="8.202774" />
  <node id="N978" lat="-95.468346" lon="-12.315423" />
  <node id="N979" lat="-92.575692" lon="-4.399840" />
  <node id="N980" lat="-90.044242" lon="1.247920" />
  <node id="N981" lat="-87.478513" lon="5.343841" />
  <node id="N982" lat="-84.270092" lon="8.461420" />
  <node id="N983" lat="-81.693415" lon="10.548104" />
  <node id="N984" lat="-76.691882" lon="12.010506" />
  <node id="N985" lat="-70.142781" lon="11.439226" />
  <node id="N986" lat="-95.468157" lon="-12.315953" />
  <node id="N987" lat="-92.529249" lon="-4.289919" />
  <node id="N988" lat="-89.925105" lon="1.451784" />
  <node id="N989" lat="-87.216767" lon="5.627158" />
  <node id="N990" lat="-84.115213" lon="8.586721" />
  <node id="N991" lat="-81.092449" lon="10.776373" />
  <node id="N992" lat="-76.116152" lon="12.008726" />
  <node id="N993" lat="-70.143219" lon="11.438774" />
  <node id="N994" lat="-98.519843" lon="-11.198047" />
  <node id="N995" lat="-95.536751" lon="-3.058081" />
  <node id="N996" lat="-92.774895" lon="3.014216" />
  <node id="N997" lat="-89.719233" lon="7.700842" />
  <node id="N998" lat="-86.188787" lon="11.089279" />
  <node id="N999" lat="-82.453551" lon="13.727627" />
  <node id="N1000" lat="-76.363848" lon="15.249274" />
  <node id="N1001" lat="-69.846781" lon="14.675226" />
  <node id="N1002" lat="-60.884731" lon="-92.921309" />
  <node id="N1003" lat="-62.810707" lon="-202.721997" />
  <node id="N1004" lat="-63.088683" lon="-217.321686" />
  <node id="N1005" lat="-57.385269" lon="-92.982691" />
  <node id="N1006" lat="-59.311293" lon="-202.786003" />
  <node id="N1007" lat="-59.589317" lon="-217.388314" />
  <node id="N1008" lat="-57.385731" lon="-92.983310" />
  <node id="N1009" lat="-59.311707" lon="-202.787999" />
  <node id="N1010" lat="-59.589683" lon="-217.388689" />
  <node id="N1011" lat="-53.886269" lon="-93.044690" />
  <node id="N1012" lat="-55.812293" lon="-202.852001" />
  <node id="N1013" lat="-56.090317" lon="-217.455311" />
  <node id="N1014" lat="-280.815481" lon="122.215763" />
  <node id="N1015" lat="-287.742011" lon="126.723279" />
  <node id="N1016" lat="-295.520996" lon="131.658014" />
  <node id="N1017" lat="-300.209832" lon="134.628585" />
  <node id="N1018" lat="-303.264971" lon="136.644162" />
  <node id="N1019" lat="-342.855324" lon="162.479704" />
  <node id="N1020" lat="-389.061191" lon="192.749270" />
  <node id="N1021" lat="-458.366130" lon="237.858778" />
  <node id="N1022" lat="-465.172161" lon="242.226017" />
  <node id="N1023" lat="-513.808411" lon="273.411177" />
  <node id="N1024" lat="-282.724519" lon="119.282237" />
  <node id="N1025" lat="-289.633989" lon="123.778721" />
  <node id="N1026" lat="-297.395004" lon="128.701986" />
  <node id="N1027" lat="-302.110168" lon="131.689415" />
  <node id="N1028" lat="-305.185029" lon="133.717838" />
  <node id="N1029" lat="-344.770676" lon="159.550296" />
  <node id="N1030" lat="-390.974809" lon="189.818730" />
  <node id="N1031" lat="-460.265870" lon="234.919222" />
  <node id="N1032" lat="-467.061839" lon="239.279983" />
  <node id="N1033" lat="-515.697589" lon="270.464823" />
  <node id="N1034" lat="-278.906447" lon="125.148741" />
  <node id="N1035" lat="-285.868037" lon="129.679296" />
  <node id="N1036" lat="-293.648015" lon="134.614026" />
  <node id="N1037" lat="-298.282957" lon="137.550666" />
  <node id="N1038" lat="-301.353107" lon="139.575252" />
  <node id="N1039" lat="-340.937322" lon="165.407702" />
  <node id="N1040" lat="-387.152204" lon="195.682278" />
  <node id="N1041" lat="-456.476029" lon="240.803712" />
  <node id="N1042" lat="-463.283068" lon="245.172957" />
  <node id="N1043" lat="-511.919432" lon="276.357191" />
  <node id="N1044" lat="-280.815553" lon="122.215259" />
  <node id="N1045" lat="-287.759963" lon="126.734704" />
  <node id="N1046" lat="-295.521985" lon="131.657974" />
  <node id="N1047" lat="-300.183043" lon="134.611334" />
  <node id="N1048" lat="-303.272893" lon="136.648748" />
  <node id="N1049" lat="-342.852678" lon="162.478298" />
  <node id="N1050" lat="-389.065796" lon="192.751722" />
  <node id="N1051" lat="-458.375971" lon="237.864288" />
  <node id="N1052" lat="-465.172932" lon="242.227043" />
  <node id="N1053" lat="-513.808568" lon="273.410809" />
  <node id="N1054" lat="-72.043582" lon="195.234677" />
  <node id="N1055" lat="-68.147582" lon="132.990677" />
  <node id="N1056" lat="-68.550418" lon="195.453323" />
  <node id="N1057" lat="-64.654418" lon="133.209323" />
  <node id="N1058" lat="-68.550582" lon="195.452676" />
  <node id="N1059" lat="-64.654582" lon="133.209676" />
  <node id="N1060" lat="-65.057418" lon="195.671324" />
  <node id="N1061" lat="-61.161418" lon="133.428324" />
  <node id="N1062" lat="-82.746996" lon="541.963474" />
  <node id="N1063" lat="-77.006328" lon="557.617846" />
  <node id="N1064" lat="-65.146894" lon="587.707307" />
  <node id="N1065" lat="-86.033004" lon="543.168526" />
  <node id="N1066" lat="-80.277672" lon="558.862154" />
  <node id="N1067" lat="-68.403106" lon="588.990693" />
  <node id="N1068" lat="-86.033043" lon="543.169346" />
  <node id="N1069" lat="-80.262355" lon="558.901773" />
  <node id="N1070" lat="-68.402901" lon="588.990288" />
  <node id="N1071" lat="-89.318957" lon="544.374654" />
  <node id="N1072" lat="-83.533645" lon="560.146227" />
  <node id="N1073" lat="-71.659099" lon="590.273712" />
  <node id="N1074" lat="-89.319089" lon="544.374219" />
  <node id="N1075" lat="-83.518367" lon="560.184742" />
  <node id="N1076" lat="-71.659875" lon="590.274354" />
  <node id="N1077" lat="-92.604911" lon="545.579781" />
  <node id="N1078" lat="-86.789633" lon="561.429258" />
  <node id="N1079" lat="-74.916125" lon="591.557646" />
  <node id="N1080" lat="-389.064077" lon="192.749054" />
  <node id="N1081" lat="-383.990445" lon="201.733142" />
  <node id="N1082" lat="-368.167302" lon="239.662496" />
  <node id="N1083" lat="-345.560019" lon="292.978430" />
  <node id="N1084" lat="-391.675923" lon="194.224946" />
  <node id="N1085" lat="-386.685555" lon="203.050858" />
  <node id="N1086" lat="-370.932698" lon="240.825504" />
  <node id="N1087" lat="-348.321981" lon="294.149570" />
  <node id="N1088" lat="-386.449640" lon="191.278601" />
  <node id="N1089" lat="-381.220804" lon="200.579454" />
  <node id="N1090" lat="-365.405301" lon="238.490500" />
  <node id="N1091" lat="-342.798015" lon="291.807439" />
  <node id="N1092" lat="-389.064360" lon="192.749399" />
  <node id="N1093" lat="-383.917196" lon="201.894546" />
  <node id="N1094" lat="-368.170699" lon="239.653500" />
  <node id="N1095" lat="-345.559985" lon="292.978561" />
  <node id="N1096" lat="-373.208729" lon="367.329478" />
  <node id="N1097" lat="-381.698800" lon="370.573849" />
  <node id="N1098" lat="-394.596057" lon="372.068742" />
  <node id="N1099" lat="-470.162763" lon="374.804019" />
  <node id="N1100" lat="-374.283271" lon="364.528522" />
  <node id="N1101" lat="-382.413200" lon="367.660151" />
  <node id="N1102" lat="-394.821943" lon="369.077258" />
  <node id="N1103" lat="-470.271237" lon="371.805981" />
  <node id="N1104" lat="-374.282666" lon="364.528210" />
  <node id="N1105" lat="-382.033846" lon="367.590624" />
  <node id="N1106" lat="-394.703454" lon="369.070696" />
  <node id="N1107" lat="-470.271764" lon="371.806019" />
  <node id="N1108" lat="-375.389334" lon="361.739790" />
  <node id="N1109" lat="-382.766154" lon="364.681376" />
  <node id="N1110" lat="-394.930546" lon="366.079304" />
  <node id="N1111" lat="-470.380236" lon="368.807981" />
  <node id="N1112" lat="-238.915263" lon="246.925679" />
  <node id="N1113" lat="-242.532193" lon="248.624646" />
  <node id="N1114" lat="-245.106073" lon="249.833809" />
  <node id="N1115" lat="-258.484486" lon="255.647855" />
  <node id="N1116" lat="-273.825468" lon="262.305847" />
  <node id="N1117" lat="-296.356269" lon="272.097761" />
  <node id="N1118" lat="-323.528538" lon="283.899878" />
  <node id="N1119" lat="-331.223550" lon="287.240396" />
  <node id="N1120" lat="-345.562277" lon="292.980255" />
  <node id="N1121" lat="-394.598662" lon="312.875654" />
  <node id="N1122" lat="-400.360979" lon="314.480441" />
  <node id="N1123" lat="-426.357594" lon="317.220749" />
  <node id="N1124" lat="-472.574061" lon="320.116536" />
  <node id="N1125" lat="-479.128169" lon="320.440907" />
  <node id="N1126" lat="-485.299416" lon="322.753025" />
  <node id="N1127" lat="-240.190737" lon="244.210321" />
  <node id="N1128" lat="-243.807807" lon="245.909354" />
  <node id="N1129" lat="-246.341927" lon="247.100191" />
  <node id="N1130" lat="-259.679514" lon="252.896145" />
  <node id="N1131" lat="-275.020532" lon="259.554153" />
  <node id="N1132" lat="-297.551731" lon="269.346239" />
  <node id="N1133" lat="-324.723462" lon="281.148122" />
  <node id="N1134" lat="-332.378450" lon="284.471604" />
  <node id="N1135" lat="-346.683723" lon="290.197745" />
  <node id="N1136" lat="-395.567338" lon="310.036346" />
  <node id="N1137" lat="-400.923021" lon="311.533559" />
  <node id="N1138" lat="-426.608406" lon="314.231251" />
  <node id="N1139" lat="-472.745939" lon="317.121464" />
  <node id="N1140" lat="-479.735831" lon="317.503093" />
  <node id="N1141" lat="-486.344584" lon="319.940975" />
  <node id="N1142" lat="-237.639244" lon="249.640670" />
  <node id="N1143" lat="-241.258631" lon="251.340852" />
  <node id="N1144" lat="-243.911500" lon="252.585002" />
  <node id="N1145" lat="-257.290429" lon="258.399830" />
  <node id="N1146" lat="-272.629473" lon="265.057849" />
  <node id="N1147" lat="-295.161294" lon="274.848772" />
  <node id="N1148" lat="-322.334623" lon="286.651914" />
  <node id="N1149" lat="-330.108656" lon="290.025440" />
  <node id="N1150" lat="-344.435543" lon="295.760362" />
  <node id="N1151" lat="-393.807787" lon="315.770392" />
  <node id="N1152" lat="-400.052086" lon="317.464405" />
  <node id="N1153" lat="-426.169659" lon="320.214754" />
  <node id="N1154" lat="-472.467697" lon="323.115444" />
  <node id="N1155" lat="-478.100482" lon="323.256382" />
  <node id="N1156" lat="-484.254416" lon="325.565025" />
  <node id="N1157" lat="-238.914756" lon="246.925330" />
  <node id="N1158" lat="-242.533369" lon="248.625148" />
  <node id="N1159" lat="-245.146500" lon="249.850998" />
  <node id="N1160" lat="-258.485571" lon="255.648170" />
  <node id="N1161" lat="-273.824527" lon="262.306151" />
  <node id="N1162" lat="-296.356706" lon="272.097228" />
  <node id="N1163" lat="-323.529377" lon="283.900086" />
  <node id="N1164" lat="-331.263344" lon="287.256560" />
  <node id="N1165" lat="-345.556457" lon="292.977638" />
  <node id="N1166" lat="-394.766213" lon="312.927608" />
  <node id="N1167" lat="-400.603914" lon="314.515595" />
  <node id="N1168" lat="-426.420341" lon="317.225246" />
  <node id="N1169" lat="-472.604303" lon="320.118556" />
  <node id="N1170" lat="-478.673518" lon="320.311618" />
  <node id="N1171" lat="-485.299584" lon="322.752975" />
  <node id="N1172" lat="-513.808100" lon="273.411202" />
  <node id="N1173" lat="-507.414985" lon="283.072055" />
  <node id="N1174" lat="-494.504360" lon="303.340068" />
  <node id="N1175" lat="-485.329494" lon="322.674504" />
  <node id="N1176" lat="-480.625934" lon="336.279713" />
  <node id="N1177" lat="-479.799403" lon="340.453450" />
  <node id="N1178" lat="-477.790359" lon="347.878678" />
  <node id="N1179" lat="-476.160009" lon="360.151874" />
  <node id="N1180" lat="-516.309900" lon="275.066798" />
  <node id="N1181" lat="-509.931015" lon="284.705945" />
  <node id="N1182" lat="-497.129640" lon="304.791932" />
  <node id="N1183" lat="-488.106506" lon="323.809496" />
  <node id="N1184" lat="-483.522066" lon="337.062287" />
  <node id="N1185" lat="-482.720597" lon="341.136550" />
  <node id="N1186" lat="-480.731641" lon="348.469322" />
  <node id="N1187" lat="-479.133991" lon="360.546126" />
  <node id="N1188" lat="-511.307113" lon="271.755182" />
  <node id="N1189" lat="-504.883599" lon="281.461650" />
  <node id="N1190" lat="-491.792712" lon="302.056241" />
  <node id="N1191" lat="-482.491687" lon="321.698482" />
  <node id="N1192" lat="-477.681189" lon="335.704482" />
  <node id="N1193" lat="-476.901541" lon="339.678158" />
  <node id="N1194" lat="-474.815879" lon="347.487081" />
  <node id="N1195" lat="-473.186011" lon="359.756859" />
  <node id="N1196" lat="-513.808887" lon="273.410818" />
  <node id="N1197" lat="-507.400401" lon="283.094350" />
  <node id="N1198" lat="-494.419288" lon="303.505759" />
  <node id="N1199" lat="-485.270313" lon="322.829518" />
  <node id="N1200" lat="-480.578811" lon="336.481518" />
  <node id="N1201" lat="-479.824459" lon="340.353842" />
  <node id="N1202" lat="-477.758121" lon="348.072919" />
  <node id="N1203" lat="-476.159989" lon="360.151141" />
  <node id="N1204" lat="-328.445894" lon="286.166164" />
  <node id="N1205" lat="-316.723909" lon="316.490126" />
  <node id="N1206" lat="-300.258901" lon="359.077146" />
  <node id="N1207" lat="-288.692800" lon="389.000408" />
  <node id="N1208" lat="-287.677521" lon="391.629416" />
  <node id="N1209" lat="-285.619382" lon="396.799696" />
  <node id="N1210" lat="-272.130117" lon="431.107221" />
  <node id="N1211" lat="-270.097131" lon="433.275215" />
  <node id="N1212" lat="-268.305212" lon="435.211047" />
  <node id="N1213" lat="-331.244106" lon="287.247836" />
  <node id="N1214" lat="-319.522091" lon="317.571874" />
  <node id="N1215" lat="-303.057099" lon="360.158854" />
  <node id="N1216" lat="-291.491200" lon="390.081592" />
  <node id="N1217" lat="-290.470479" lon="392.724584" />
  <node id="N1218" lat="-288.408618" lon="397.904304" />
  <node id="N1219" lat="-274.671883" lon="432.700779" />
  <node id="N1220" lat="-272.300869" lon="435.310785" />
  <node id="N1221" lat="-270.506788" lon="437.248953" />
  <node id="N1222" lat="-331.243894" lon="287.248164" />
  <node id="N1223" lat="-319.521903" lon="317.572141" />
  <node id="N1224" lat="-303.057899" lon="360.159153" />
  <node id="N1225" lat="-291.491908" lon="390.081129" />
  <node id="N1226" lat="-290.464618" lon="392.738170" />
  <node id="N1227" lat="-288.408835" lon="397.903041" />
  <node id="N1228" lat="-274.338336" lon="433.137693" />
  <node id="N1229" lat="-272.299132" lon="435.312215" />
  <node id="N1230" lat="-270.507929" lon="437.248353" />
  <node id="N1231" lat="-334.042106" lon="288.329836" />
  <node id="N1232" lat="-322.320097" lon="318.653859" />
  <node id="N1233" lat="-305.856101" lon="361.240847" />
  <node id="N1234" lat="-294.290092" lon="391.162871" />
  <node id="N1235" lat="-293.257382" lon="393.833830" />
  <node id="N1236" lat="-291.195165" lon="399.014959" />
  <node id="N1237" lat="-276.875664" lon="434.738307" />
  <node id="N1238" lat="-274.502868" lon="437.347785" />
  <node id="N1239" lat="-272.710071" lon="439.285647" />
  <node id="N1240" lat="-350.947145" lon="429.443118" />
  <node id="N1241" lat="-360.540486" lon="435.235264" />
  <node id="N1242" lat="-383.193842" lon="435.148968" />
  <node id="N1243" lat="-403.474678" lon="435.009009" />
  <node id="N1244" lat="-413.632881" lon="433.791296" />
  <node id="N1245" lat="-352.510855" lon="426.882882" />
  <node id="N1246" lat="-361.343514" lon="432.344736" />
  <node id="N1247" lat="-383.174158" lon="432.149032" />
  <node id="N1248" lat="-403.285322" lon="432.014991" />
  <node id="N1249" lat="-413.275119" lon="430.812704" />
  <node id="N1250" lat="-352.506383" lon="426.879286" />
  <node id="N1251" lat="-360.486201" lon="432.224994" />
  <node id="N1252" lat="-383.174136" lon="432.148972" />
  <node id="N1253" lat="-403.115965" lon="432.030054" />
  <node id="N1254" lat="-413.275864" lon="430.812298" />
  <node id="N1255" lat="-354.193617" lon="424.398714" />
  <node id="N1256" lat="-361.359799" lon="429.355006" />
  <node id="N1257" lat="-383.155864" lon="429.149028" />
  <node id="N1258" lat="-402.928035" lon="429.035946" />
  <node id="N1259" lat="-412.918136" lon="427.833702" />
  <node id="N1260" lat="-391.894932" lon="311.800833" />
  <node id="N1261" lat="-382.832899" lon="334.737915" />
  <node id="N1262" lat="-371.523937" lon="363.372422" />
  <node id="N1263" lat="-348.695051" lon="417.272993" />
  <node id="N1264" lat="-349.551181" lon="427.173030" />
  <node id="N1265" lat="-394.685068" lon="312.903167" />
  <node id="N1266" lat="-385.623101" lon="335.840085" />
  <node id="N1267" lat="-374.300063" lon="364.509578" />
  <node id="N1268" lat="-351.658949" lon="417.737007" />
  <node id="N1269" lat="-352.538819" lon="426.900970" />
  <node id="N1270" lat="-394.684911" lon="312.902886" />
  <node id="N1271" lat="-385.623907" lon="335.839896" />
  <node id="N1272" lat="-374.283744" lon="364.548031" />
  <node id="N1273" lat="-351.683785" lon="416.996352" />
  <node id="N1274" lat="-352.539181" lon="426.901030" />
  <node id="N1275" lat="-397.475089" lon="314.005114" />
  <node id="N1276" lat="-388.414093" lon="336.942104" />
  <node id="N1277" lat="-377.056256" lon="365.693969" />
  <node id="N1278" lat="-354.646215" lon="417.469648" />
  <node id="N1279" lat="-355.526819" lon="426.628970" />
  <node id="N1280" lat="-62.344334" lon="20.640713" />
  <node id="N1281" lat="-62.133692" lon="13.012176" />
  <node id="N1282" lat="-62.033914" lon="2.946641" />
  <node id="N1283" lat="-58.845666" lon="20.737287" />
  <node id="N1284" lat="-58.634308" lon="13.077824" />
  <node id="N1285" lat="-58.534086" lon="2.981359" />
  <node id="N1286" lat="-58.845344" lon="20.737095" />
  <node id="N1287" lat="-58.634694" lon="13.047280" />
  <node id="N1288" lat="-58.533912" lon="2.981468" />
  <node id="N1289" lat="-55.346656" lon="20.832905" />
  <node id="N1290" lat="-55.135306" lon="13.112720" />
  <node id="N1291" lat="-55.034088" lon="3.016532" />
  <node id="N1292" lat="-55.346348" lon="20.833252" />
  <node id="N1293" lat="-55.134697" lon="13.081444" />
  <node id="N1294" lat="-55.034914" lon="3.016640" />
  <node id="N1295" lat="-51.847652" lon="20.928748" />
  <node id="N1296" lat="-51.635303" lon="13.146556" />
  <node id="N1297" lat="-51.535086" lon="3.051360" />
  <node id="N1298" lat="104.645764" lon="-99.241068" />
  <node id="N1299" lat="58.993801" lon="-79.087084" />
  <node id="N1300" lat="54.191520" lon="-76.966763" />
  <node id="N1301" lat="39.002193" lon="-70.380442" />
  <node id="N1302" lat="103.232236" lon="-102.442932" />
  <node id="N1303" lat="57.580199" lon="-82.288916" />
  <node id="N1304" lat="52.788480" lon="-80.173237" />
  <node id="N1305" lat="37.609807" lon="-73.591558" />
  <node id="N1306" lat="103.232751" lon="-102.443062" />
  <node id="N1307" lat="57.579895" lon="-82.289125" />
  <node id="N1308" lat="52.799620" lon="-80.177806" />
  <node id="N1309" lat="37.610193" lon="-73.591442" />
  <node id="N1310" lat="101.819249" lon="-105.644938" />
  <node id="N1311" lat="56.166105" lon="-85.490875" />
  <node id="N1312" lat="51.396380" lon="-83.384194" />
  <node id="N1313" lat="36.217807" lon="-76.802558" />
  <node id="N1314" lat="101.818764" lon="-105.644068" />
  <node id="N1315" lat="56.166737" lon="-85.490056" />
  <node id="N1316" lat="51.406455" lon="-83.388734" />
  <node id="N1317" lat="36.217193" lon="-76.802442" />
  <node id="N1318" lat="100.405236" lon="-108.845932" />
  <node id="N1319" lat="54.753263" lon="-88.691944" />
  <node id="N1320" lat="50.003545" lon="-86.595266" />
  <node id="N1321" lat="34.824807" lon="-80.013558" />
  <node id="N1322" lat="-103.994861" lon="-303.132386" />
  <node id="N1323" lat="-103.898238" lon="-310.127185" />
  <node id="N1324" lat="-104.516612" lon="-318.089395" />
  <node id="N1325" lat="-104.985981" lon="-331.311498" />
  <node id="N1326" lat="-104.150573" lon="-364.080789" />
  <node id="N1327" lat="-102.658739" lon="-431.225998" />
  <node id="N1328" lat="-101.901872" lon="-481.286607" />
  <node id="N1329" lat="-101.490834" lon="-518.564311" />
  <node id="N1330" lat="-100.800737" lon="-555.419083" />
  <node id="N1331" lat="-100.995139" lon="-303.091614" />
  <node id="N1332" lat="-100.899762" lon="-310.222815" />
  <node id="N1333" lat="-101.521388" lon="-318.258605" />
  <node id="N1334" lat="-101.986019" lon="-331.326502" />
  <node id="N1335" lat="-101.151427" lon="-364.009211" />
  <node id="N1336" lat="-99.659261" lon="-431.170002" />
  <node id="N1337" lat="-98.902128" lon="-481.247393" />
  <node id="N1338" lat="-98.491166" lon="-518.519689" />
  <node id="N1339" lat="-97.801263" lon="-555.362917" />
  <node id="N1340" lat="-106.994821" lon="-303.178197" />
  <node id="N1341" lat="-106.889289" lon="-309.897836" />
  <node id="N1342" lat="-107.514643" lon="-317.983948" />
  <node id="N1343" lat="-107.984983" lon="-331.387788" />
  <node id="N1344" lat="-107.150573" lon="-364.147777" />
  <node id="N1345" lat="-105.658739" lon="-431.272006" />
  <node id="N1346" lat="-104.901872" lon="-481.319625" />
  <node id="N1347" lat="-104.489834" lon="-518.620326" />
  <node id="N1348" lat="-103.799737" lon="-555.475083" />
  <node id="N1349" lat="-103.995179" lon="-303.131803" />
  <node id="N1350" lat="-103.890711" lon="-309.990164" />
  <node id="N1351" lat="-104.519357" lon="-318.152052" />
  <node id="N1352" lat="-104.985017" lon="-331.402212" />
  <node id="N1353" lat="-104.151427" lon="-364.076223" />
  <node id="N1354" lat="-102.659261" lon="-431.215994" />
  <node id="N1355" lat="-101.902128" lon="-481.280375" />
  <node id="N1356" lat="-101.490166" lon="-518.575674" />
  <node id="N1357" lat="-100.800263" lon="-555.418917" />
  <node id="N1358" lat="344.679924" lon="-217.966867" />
  <node id="N1359" lat="354.798924" lon="-222.391867" />
  <node id="N1360" lat="345.982076" lon="-214.989133" />
  <node id="N1361" lat="356.101076" lon="-219.414133" />
  <node id="N1362" lat="343.377924" lon="-220.944867" />
  <node id="N1363" lat="353.496924" lon="-225.369867" />
  <node id="N1364" lat="344.680076" lon="-217.967133" />
  <node id="N1365" lat="354.799076" lon="-222.392133" />
  <node id="N1366" lat="219.133058" lon="-182.663001" />
  <node id="N1367" lat="209.103058" lon="-178.261001" />
  <node id="N1368" lat="217.826942" lon="-185.638999" />
  <node id="N1369" lat="207.796942" lon="-181.236999" />
  <node id="N1370" lat="220.439112" lon="-179.687025" />
  <node id="N1371" lat="210.410112" lon="-175.285025" />
  <node id="N1372" lat="219.132888" lon="-182.662975" />
  <node id="N1373" lat="209.103888" lon="-178.260975" />
  <node id="N1374" lat="226.981364" lon="-164.008515" />
  <node id="N1375" lat="216.862364" lon="-159.613515" />
  <node id="N1376" lat="225.686636" lon="-166.989485" />
  <node id="N1377" lat="215.567636" lon="-162.594485" />
  <node id="N1378" lat="228.276364" lon="-161.027515" />
  <node id="N1379" lat="218.157364" lon="-156.632515" />
  <node id="N1380" lat="226.981636" lon="-164.008485" />
  <node id="N1381" lat="216.862636" lon="-159.613485" />
  <node id="N1382" lat="440.275794" lon="-241.994456" />
  <node id="N1383" lat="447.778794" lon="-245.743456" />
  <node id="N1384" lat="441.840206" lon="-238.863544" />
  <node id="N1385" lat="449.343206" lon="-242.612544" />
  <node id="N1386" lat="441.839794" lon="-238.863456" />
  <node id="N1387" lat="449.342794" lon="-242.612456" />
  <node id="N1388" lat="443.404206" lon="-235.732544" />
  <node id="N1389" lat="450.907206" lon="-239.481544" />
  <node id="N1390" lat="163.743811" lon="-124.884320" />
  <node id="N1391" lat="103.831811" lon="-100.796320" />
  <node id="N1392" lat="162.438189" lon="-128.131680" />
  <node id="N1393" lat="102.526189" lon="-104.043680" />
  <node id="N1394" lat="162.437834" lon="-128.132329" />
  <node id="N1395" lat="102.525834" lon="-104.043329" />
  <node id="N1396" lat="161.132166" lon="-131.379671" />
  <node id="N1397" lat="101.220166" lon="-107.290671" />
  <node id="N1398" lat="178.973810" lon="-125.624557" />
  <node id="N1399" lat="195.042386" lon="-132.426535" />
  <node id="N1400" lat="220.179985" lon="-143.416458" />
  <node id="N1401" lat="180.338190" lon="-122.401443" />
  <node id="N1402" lat="196.425614" lon="-129.211465" />
  <node id="N1403" lat="221.582015" lon="-140.209542" />
  <node id="N1404" lat="180.338781" lon="-122.401545" />
  <node id="N1405" lat="196.444371" lon="-129.219529" />
  <node id="N1406" lat="221.581985" lon="-140.209458" />
  <node id="N1407" lat="181.703219" lon="-119.178455" />
  <node id="N1408" lat="197.827629" lon="-126.004471" />
  <node id="N1409" lat="222.984015" lon="-137.002542" />
  <node id="N1410" lat="204.180054" lon="-140.811517" />
  <node id="N1411" lat="200.795994" lon="-139.349491" />
  <node id="N1412" lat="193.185697" lon="-136.062560" />
  <node id="N1413" lat="177.438257" lon="-129.905152" />
  <node id="N1414" lat="202.791946" lon="-144.024483" />
  <node id="N1415" lat="199.408006" lon="-142.562509" />
  <node id="N1416" lat="191.854303" lon="-139.299440" />
  <node id="N1417" lat="176.163743" lon="-133.164848" />
  <node id="N1418" lat="202.791054" lon="-144.024517" />
  <node id="N1419" lat="199.407197" lon="-142.562578" />
  <node id="N1420" lat="191.910919" lon="-139.322652" />
  <node id="N1421" lat="176.164292" lon="-133.165166" />
  <node id="N1422" lat="201.402946" lon="-147.237483" />
  <node id="N1423" lat="198.018803" lon="-145.775422" />
  <node id="N1424" lat="190.579081" lon="-142.559348" />
  <node id="N1425" lat="174.889708" lon="-136.424834" />
  <node id="N1426" lat="225.801330" lon="-166.643935" />
  <node id="N1427" lat="215.716330" lon="-162.255935" />
  <node id="N1428" lat="224.504670" lon="-169.624065" />
  <node id="N1429" lat="214.419670" lon="-165.236065" />
  <node id="N1430" lat="227.098151" lon="-163.662857" />
  <node id="N1431" lat="217.012151" lon="-159.275857" />
  <node id="N1432" lat="225.801849" lon="-166.643143" />
  <node id="N1433" lat="215.715849" lon="-162.256143" />
  <node id="N1434" lat="345.637627" lon="-215.821915" />
  <node id="N1435" lat="355.756627" lon="-220.208915" />
  <node id="N1436" lat="346.930373" lon="-212.840085" />
  <node id="N1437" lat="357.049373" lon="-217.227085" />
  <node id="N1438" lat="344.344627" lon="-218.803915" />
  <node id="N1439" lat="354.463627" lon="-223.190915" />
  <node id="N1440" lat="345.637373" lon="-215.822085" />
  <node id="N1441" lat="355.756373" lon="-220.209085" />
  <node id="N1442" lat="220.536122" lon="-179.545029" />
  <node id="N1443" lat="210.473122" lon="-175.128029" />
  <node id="N1444" lat="219.229878" lon="-182.520971" />
  <node id="N1445" lat="209.166878" lon="-178.103971" />
  <node id="N1446" lat="221.842122" lon="-176.569029" />
  <node id="N1447" lat="211.779122" lon="-172.152029" />
  <node id="N1448" lat="220.535878" lon="-179.544971" />
  <node id="N1449" lat="210.472878" lon="-175.127971" />
  <node id="N1450" lat="336.609553" lon="-237.334507" />
  <node id="N1451" lat="346.661553" lon="-241.773507" />
  <node id="N1452" lat="337.922447" lon="-234.361493" />
  <node id="N1453" lat="347.974447" lon="-238.800493" />
  <node id="N1454" lat="335.296553" lon="-240.307507" />
  <node id="N1455" lat="345.348553" lon="-244.746507" />
  <node id="N1456" lat="336.609447" lon="-237.334493" />
  <node id="N1457" lat="346.661447" lon="-241.773493" />
  <node id="N1458" lat="-146.018139" lon="535.071873" />
  <node id="N1459" lat="-156.939139" lon="533.846873" />
  <node id="N1460" lat="-145.655861" lon="531.842127" />
  <node id="N1461" lat="-156.576861" lon="530.617127" />
  <node id="N1462" lat="-146.381009" lon="538.300887" />
  <node id="N1463" lat="-157.301009" lon="537.076887" />
  <node id="N1464" lat="-146.018991" lon="535.071113" />
  <node id="N1465" lat="-156.938991" lon="533.847113" />
  <node id="N1466" lat="-125.368304" lon="522.920183" />
  <node id="N1467" lat="-126.259304" lon="533.921183" />
  <node id="N1468" lat="-128.607696" lon="522.657817" />
  <node id="N1469" lat="-129.498696" lon="533.658817" />
  <node id="N1470" lat="-122.129292" lon="523.182037" />
  <node id="N1471" lat="-123.019292" lon="534.183037" />
  <node id="N1472" lat="-125.368708" lon="522.919963" />
  <node id="N1473" lat="-126.258708" lon="533.920963" />
  <node id="N1474" lat="-122.853006" lon="523.112589" />
  <node id="N1475" lat="-123.799006" lon="534.084589" />
  <node id="N1476" lat="-126.090994" lon="522.833411" />
  <node id="N1477" lat="-127.036994" lon="533.805411" />
  <node id="N1478" lat="-119.615006" lon="523.391589" />
  <node id="N1479" lat="-120.561006" lon="534.363589" />
  <node id="N1480" lat="-122.852994" lon="523.112411" />
  <node id="N1481" lat="-123.798994" lon="534.084411" />
  <node id="N1482" lat="-159.276536" lon="569.247778" />
  <node id="N1483" lat="-169.874536" lon="566.026778" />
  <node id="N1484" lat="-158.331464" lon="566.138222" />
  <node id="N1485" lat="-168.929464" lon="562.917222" />
  <node id="N1486" lat="-160.221671" lon="572.357737" />
  <node id="N1487" lat="-170.819671" lon="569.135737" />
  <node id="N1488" lat="-159.276329" lon="569.248263" />
  <node id="N1489" lat="-169.874329" lon="566.026263" />
  <node id="N1490" lat="-61.248357" lon="477.438357" />
  <node id="N1491" lat="-50.717357" lon="474.283357" />
  <node id="N1492" lat="-60.315643" lon="480.551643" />
  <node id="N1493" lat="-49.784643" lon="477.396643" />
  <node id="N1494" lat="-62.181357" lon="474.324357" />
  <node id="N1495" lat="-51.650357" lon="471.169357" />
  <node id="N1496" lat="-61.248643" lon="477.437643" />
  <node id="N1497" lat="-50.717643" lon="474.282643" />
  <node id="N1498" lat="-160.010944" lon="571.385654" />
  <node id="N1499" lat="-170.552944" lon="568.178654" />
  <node id="N1500" lat="-159.065056" lon="568.276346" />
  <node id="N1501" lat="-169.607056" lon="565.069346" />
  <node id="N1502" lat="-160.956944" lon="574.495654" />
  <node id="N1503" lat="-171.498944" lon="571.288654" />
  <node id="N1504" lat="-160.011056" lon="571.386346" />
  <node id="N1505" lat="-170.553056" lon="568.179346" />
  <node id="N1506" lat="-60.557845" lon="480.013504" />
  <node id="N1507" lat="-50.038845" lon="476.858504" />
  <node id="N1508" lat="-59.624155" lon="483.126496" />
  <node id="N1509" lat="-49.105155" lon="479.971496" />
  <node id="N1510" lat="-61.491805" lon="476.900492" />
  <node id="N1511" lat="-50.971805" lon="473.745492" />
  <node id="N1512" lat="-60.558195" lon="480.013508" />
  <node id="N1513" lat="-50.038195" lon="476.858508" />
  <node id="N1514" lat="-125.223945" lon="552.775927" />
  <node id="N1515" lat="-124.355945" lon="541.796927" />
  <node id="N1516" lat="-121.984055" lon="553.032073" />
  <node id="N1517" lat="-121.116055" lon="542.053073" />
  <node id="N1518" lat="-128.463945" lon="552.519927" />
  <node id="N1519" lat="-127.595945" lon="541.540927" />
  <node id="N1520" lat="-125.224055" lon="552.776073" />
  <node id="N1521" lat="-124.356055" lon="541.797073" />
  <node id="N1522" lat="-127.750555" lon="552.590090" />
  <node id="N1523" lat="-126.849555" lon="541.611090" />
  <node id="N1524" lat="-124.511445" lon="552.855910" />
  <node id="N1525" lat="-123.610445" lon="541.876910" />
  <node id="N1526" lat="-130.989555" lon="552.324090" />
  <node id="N1527" lat="-130.088555" lon="541.345090" />
  <node id="N1528" lat="-127.750445" lon="552.589910" />
  <node id="N1529" lat="-126.849445" lon="541.610910" />
  <node id="N1530" lat="-59.927695" lon="-9.975686" />
  <node id="N1531" lat="-59.537959" lon="-30.831946" />
  <node id="N1532" lat="-59.593978" lon="-41.953205" />
  <node id="N1533" lat="-56.428305" lon="-9.910314" />
  <node id="N1534" lat="-56.038041" lon="-30.808054" />
  <node id="N1535" lat="-56.094022" lon="-41.970795" />
  <node id="N1536" lat="-56.427699" lon="-9.909473" />
  <node id="N1537" lat="-56.038959" lon="-30.848918" />
  <node id="N1538" lat="-56.093979" lon="-41.971362" />
  <node id="N1539" lat="-52.928301" lon="-9.844527" />
  <node id="N1540" lat="-52.539041" lon="-30.825082" />
  <node id="N1541" lat="-52.594021" lon="-41.988638" />
  <node id="N1542" lat="-72.977536" lon="7.019789" />
  <node id="N1543" lat="-70.307407" lon="5.307877" />
  <node id="N1544" lat="-59.581262" lon="-1.444009" />
  <node id="N1545" lat="-71.088464" lon="9.966211" />
  <node id="N1546" lat="-68.430593" lon="8.262123" />
  <node id="N1547" lat="-57.716738" lon="1.518009" />
  <node id="N1548" lat="-71.087548" lon="9.965796" />
  <node id="N1549" lat="-68.442413" lon="8.269881" />
  <node id="N1550" lat="-57.716262" lon="1.517991" />
  <node id="N1551" lat="-69.198452" lon="12.912204" />
  <node id="N1552" lat="-66.565587" lon="11.224119" />
  <node id="N1553" lat="-55.851738" lon="4.480009" />
  <node id="N1554" lat="-69.197815" lon="12.911968" />
  <node id="N1555" lat="-66.578547" lon="11.231966" />
  <node id="N1556" lat="-55.852262" lon="4.479991" />
  <node id="N1557" lat="-67.308185" lon="15.858032" />
  <node id="N1558" lat="-64.701453" lon="14.186034" />
  <node id="N1559" lat="-53.987738" lon="7.442009" />
  <node id="N1560" lat="-99.049474" lon="21.551672" />
  <node id="N1561" lat="-72.700474" lon="6.854672" />
  <node id="N1562" lat="-97.344526" lon="24.608328" />
  <node id="N1563" lat="-70.995526" lon="9.911328" />
  <node id="N1564" lat="-97.344518" lon="24.608696" />
  <node id="N1565" lat="-70.995518" lon="9.910696" />
  <node id="N1566" lat="-95.639482" lon="27.665304" />
  <node id="N1567" lat="-69.290482" lon="12.967304" />
  <node id="N1568" lat="-95.639518" lon="27.665696" />
  <node id="N1569" lat="-69.290518" lon="12.967696" />
  <node id="N1570" lat="-93.934482" lon="30.722304" />
  <node id="N1571" lat="-67.585482" lon="16.024304" />
  <node id="N1572" lat="-4.790680" lon="-50.483198" />
  <node id="N1573" lat="-20.456785" lon="-46.301696" />
  <node id="N1574" lat="-36.876727" lon="-42.435993" />
  <node id="N1575" lat="-42.484066" lon="-41.163424" />
  <node id="N1576" lat="-48.977394" lon="-39.288889" />
  <node id="N1577" lat="-54.044858" lon="-37.136846" />
  <node id="N1578" lat="-5.693320" lon="-53.864802" />
  <node id="N1579" lat="-21.309215" lon="-49.696304" />
  <node id="N1580" lat="-37.665273" lon="-45.846007" />
  <node id="N1581" lat="-43.357934" lon="-44.552576" />
  <node id="N1582" lat="-50.148606" lon="-42.587111" />
  <node id="N1583" lat="-55.411142" lon="-40.359154" />
  <node id="N1584" lat="-5.693582" lon="-53.864224" />
  <node id="N1585" lat="-21.258704" lon="-49.708716" />
  <node id="N1586" lat="-37.653834" lon="-45.848200" />
  <node id="N1587" lat="-43.464367" lon="-44.523382" />
  <node id="N1588" lat="-50.340627" lon="-42.512875" />
  <node id="N1589" lat="-55.410858" lon="-40.359846" />
  <node id="N1590" lat="-6.596418" lon="-57.245776" />
  <node id="N1591" lat="-22.111296" lon="-53.103284" />
  <node id="N1592" lat="-38.444166" lon="-49.257800" />
  <node id="N1593" lat="-44.345633" lon="-47.910618" />
  <node id="N1594" lat="-51.517373" lon="-45.809125" />
  <node id="N1595" lat="-56.777142" lon="-43.582154" />
  <node id="N1596" lat="-6.596382" lon="-57.246278" />
  <node id="N1597" lat="-22.060583" lon="-53.115747" />
  <node id="N1598" lat="-38.431950" lon="-49.260405" />
  <node id="N1599" lat="-44.443892" lon="-47.883290" />
  <node id="N1600" lat="-51.704079" lon="-45.735786" />
  <node id="N1601" lat="-56.776858" lon="-43.581846" />
  <node id="N1602" lat="-7.499618" lon="-60.627722" />
  <node id="N1603" lat="-22.913417" lon="-56.510253" />
  <node id="N1604" lat="-39.224050" lon="-52.669595" />
  <node id="N1605" lat="-45.332108" lon="-51.268710" />
  <node id="N1606" lat="-52.885921" lon="-49.030214" />
  <node id="N1607" lat="-58.143142" lon="-46.804154" />
  <node id="N1608" lat="-176.811561" lon="53.483881" />
  <node id="N1609" lat="-173.385056" lon="51.826197" />
  <node id="N1610" lat="-165.526813" lon="48.677518" />
  <node id="N1611" lat="-145.743605" lon="40.750072" />
  <node id="N1612" lat="-124.458556" lon="32.563099" />
  <node id="N1613" lat="-118.953693" lon="30.397127" />
  <node id="N1614" lat="-98.629192" lon="21.341475" />
  <node id="N1615" lat="-175.286439" lon="56.634119" />
  <node id="N1616" lat="-171.970944" lon="55.027803" />
  <node id="N1617" lat="-164.225187" lon="51.926482" />
  <node id="N1618" lat="-144.464395" lon="44.007928" />
  <node id="N1619" lat="-123.189444" lon="35.824901" />
  <node id="N1620" lat="-117.600307" lon="33.624873" />
  <node id="N1621" lat="-97.204808" lon="24.538525" />
  <node id="N1622" lat="-175.282343" lon="56.631717" />
  <node id="N1623" lat="-172.085943" lon="55.076031" />
  <node id="N1624" lat="-164.224828" lon="51.926524" />
  <node id="N1625" lat="-144.487643" lon="44.016087" />
  <node id="N1626" lat="-123.175979" lon="35.819263" />
  <node id="N1627" lat="-117.530109" lon="33.594301" />
  <node id="N1628" lat="-97.204162" lon="24.538462" />
  <node id="N1629" lat="-173.749657" lon="59.778283" />
  <node id="N1630" lat="-170.668057" lon="58.275969" />
  <node id="N1631" lat="-162.923172" lon="55.175476" />
  <node id="N1632" lat="-143.208357" lon="47.273913" />
  <node id="N1633" lat="-121.906021" lon="39.080737" />
  <node id="N1634" lat="-116.175891" lon="36.821699" />
  <node id="N1635" lat="-95.779838" lon="27.735538" />
  <node id="N1636" lat="-173.754933" lon="59.780961" />
  <node id="N1637" lat="-170.787242" lon="58.326052" />
  <node id="N1638" lat="-162.922794" lon="55.175510" />
  <node id="N1639" lat="-143.230677" lon="47.283101" />
  <node id="N1640" lat="-121.893379" lon="39.075419" />
  <node id="N1641" lat="-116.105487" lon="36.791460" />
  <node id="N1642" lat="-95.780192" lon="27.735475" />
  <node id="N1643" lat="-172.213067" lon="62.923039" />
  <node id="N1644" lat="-169.364758" lon="61.523948" />
  <node id="N1645" lat="-161.621206" lon="58.424490" />
  <node id="N1646" lat="-141.951323" lon="50.540899" />
  <node id="N1647" lat="-120.622621" lon="42.336581" />
  <node id="N1648" lat="-114.750513" lon="40.018540" />
  <node id="N1649" lat="-94.355808" lon="30.932525" />
  <node id="N1650" lat="-91.970001" lon="-12.196809" />
  <node id="N1651" lat="-92.870427" lon="14.405654" />
  <node id="N1652" lat="-92.992094" lon="26.173111" />
  <node id="N1653" lat="-95.467999" lon="-12.315191" />
  <node id="N1654" lat="-96.369573" lon="14.328346" />
  <node id="N1655" lat="-96.491906" lon="26.136889" />
  <node id="N1656" lat="-95.468000" lon="-12.314859" />
  <node id="N1657" lat="-96.370426" lon="14.369628" />
  <node id="N1658" lat="-96.492094" lon="26.137111" />
  <node id="N1659" lat="-98.966000" lon="-12.433141" />
  <node id="N1660" lat="-99.869574" lon="14.292372" />
  <node id="N1661" lat="-99.991906" lon="26.100889" />
  <node id="N1662" lat="-71.636518" lon="132.708839" />
  <node id="N1663" lat="-67.644054" lon="77.029549" />
  <node id="N1664" lat="-64.082556" lon="20.346261" />
  <node id="N1665" lat="-68.145482" lon="132.959161" />
  <node id="N1666" lat="-64.151946" lon="77.264451" />
  <node id="N1667" lat="-60.589444" lon="20.565739" />
  <node id="N1668" lat="-68.145519" lon="132.958846" />
  <node id="N1669" lat="-64.151054" lon="77.248552" />
  <node id="N1670" lat="-60.589556" lon="20.565261" />
  <node id="N1671" lat="-64.654481" lon="133.209154" />
  <node id="N1672" lat="-60.658946" lon="77.483448" />
  <node id="N1673" lat="-57.096444" lon="20.784739" />
  <node id="N1674" lat="-64.654519" lon="133.208850" />
  <node id="N1675" lat="-60.658054" lon="77.468539" />
  <node id="N1676" lat="-57.095554" lon="20.785230" />
  <node id="N1677" lat="-61.163481" lon="133.459150" />
  <node id="N1678" lat="-57.165946" lon="77.703461" />
  <node id="N1679" lat="-53.602446" lon="21.004770" />
  <node id="N1680" lat="-61.163520" lon="133.459860" />
  <node id="N1681" lat="-57.165054" lon="77.687544" />
  <node id="N1682" lat="-53.602554" lon="21.004230" />
  <node id="N1683" lat="-57.672480" lon="133.710140" />
  <node id="N1684" lat="-53.672946" lon="77.922456" />
  <node id="N1685" lat="-50.109446" lon="21.223770" />
  <node id="N1686" lat="70.596272" lon="-81.521905" />
  <node id="N1687" lat="160.753103" lon="-119.787833" />
  <node id="N1688" lat="178.285934" lon="-127.233762" />
  <node id="N1689" lat="71.963728" lon="-78.300095" />
  <node id="N1690" lat="162.120897" lon="-116.566167" />
  <node id="N1691" lat="179.654066" lon="-124.012238" />
  <node id="N1692" lat="71.963269" lon="-78.299904" />
  <node id="N1693" lat="162.122124" lon="-116.566843" />
  <node id="N1694" lat="179.653979" lon="-124.011781" />
  <node id="N1695" lat="73.330731" lon="-75.078096" />
  <node id="N1696" lat="163.489876" lon="-113.345157" />
  <node id="N1697" lat="181.022021" lon="-120.790219" />
  <node id="N1698" lat="73.331269" lon="-75.077904" />
  <node id="N1699" lat="163.490085" lon="-113.344826" />
  <node id="N1700" lat="181.021901" lon="-120.790748" />
  <node id="N1701" lat="74.698731" lon="-71.856096" />
  <node id="N1702" lat="164.857915" lon="-110.123174" />
  <node id="N1703" lat="182.390099" lon="-117.569252" />
  <node id="N1704" lat="269.458954" lon="-167.876367" />
  <node id="N1705" lat="346.547954" lon="-203.144367" />
  <node id="N1706" lat="270.915046" lon="-164.693633" />
  <node id="N1707" lat="348.004046" lon="-199.961633" />
  <node id="N1708" lat="270.914971" lon="-164.694375" />
  <node id="N1709" lat="348.003971" lon="-199.961375" />
  <node id="N1710" lat="272.371029" lon="-161.511625" />
  <node id="N1711" lat="349.460029" lon="-196.778625" />
  <node id="N1712" lat="272.370971" lon="-161.511375" />
  <node id="N1713" lat="349.459971" lon="-196.778375" />
  <node id="N1714" lat="273.827029" lon="-158.328625" />
  <node id="N1715" lat="350.916029" lon="-193.595625" />
  <node id="N1716" lat="346.638006" lon="-203.184775" />
  <node id="N1717" lat="429.395240" lon="-239.179877" />
  <node id="N1718" lat="439.747473" lon="-243.678979" />
  <node id="N1719" lat="348.033994" lon="-199.975225" />
  <node id="N1720" lat="430.790760" lon="-235.970123" />
  <node id="N1721" lat="441.142527" lon="-240.469021" />
  <node id="N1722" lat="348.033992" lon="-199.974769" />
  <node id="N1723" lat="430.789261" lon="-235.969886" />
  <node id="N1724" lat="441.142530" lon="-240.469003" />
  <node id="N1725" lat="349.430008" lon="-196.765231" />
  <node id="N1726" lat="432.184739" lon="-232.760114" />
  <node id="N1727" lat="442.537470" lon="-237.258997" />
  <node id="N1728" lat="349.430001" lon="-196.765773" />
  <node id="N1729" lat="432.184265" lon="-232.759888" />
  <node id="N1730" lat="442.537530" lon="-237.259003" />
  <node id="N1731" lat="350.825999" lon="-193.556227" />
  <node id="N1732" lat="433.579735" lon="-229.550112" />
  <node id="N1733" lat="443.932470" lon="-234.048997" />
  <node id="N1734" lat="-27.990347" lon="-25.274590" />
  <node id="N1735" lat="-11.926347" lon="-37.619590" />
  <node id="N1736" lat="-25.857653" lon="-22.499410" />
  <node id="N1737" lat="-9.793653" lon="-34.844410" />
  <node id="N1738" lat="-25.857292" lon="-22.499631" />
  <node id="N1739" lat="-9.793292" lon="-34.843631" />
  <node id="N1740" lat="-23.724708" lon="-19.724369" />
  <node id="N1741" lat="-7.660708" lon="-32.068369" />
  <node id="N1742" lat="-23.724388" lon="-19.723557" />
  <node id="N1743" lat="-7.661388" lon="-32.068557" />
  <node id="N1744" lat="-21.591612" lon="-16.948443" />
  <node id="N1745" lat="-5.528612" lon="-29.293443" />
  <node id="N1746" lat="42.270153" lon="-67.595855" />
  <node id="N1747" lat="55.506172" lon="-73.214863" />
  <node id="N1748" lat="71.280192" lon="-79.910871" />
  <node id="N1749" lat="43.637847" lon="-64.374145" />
  <node id="N1750" lat="56.873828" lon="-69.993137" />
  <node id="N1751" lat="72.647808" lon="-76.689129" />
  <node id="N1752" lat="43.637153" lon="-64.373855" />
  <node id="N1753" lat="56.873172" lon="-69.992863" />
  <node id="N1754" lat="72.647192" lon="-76.688871" />
  <node id="N1755" lat="45.004847" lon="-61.152145" />
  <node id="N1756" lat="58.240828" lon="-66.771137" />
  <node id="N1757" lat="74.014808" lon="-73.467129" />
  <node id="N1758" lat="-12.623870" lon="-39.271987" />
  <node id="N1759" lat="6.485168" lon="-52.070803" />
  <node id="N1760" lat="21.292325" lon="-61.295549" />
  <node id="N1761" lat="25.649905" lon="-63.417890" />
  <node id="N1762" lat="40.578311" lon="-70.670087" />
  <node id="N1763" lat="-10.676130" lon="-36.364013" />
  <node id="N1764" lat="8.384832" lon="-49.131197" />
  <node id="N1765" lat="22.985675" lon="-58.232451" />
  <node id="N1766" lat="27.180095" lon="-60.270110" />
  <node id="N1767" lat="42.107689" lon="-67.521913" />
  <node id="N1768" lat="-10.676009" lon="-36.363894" />
  <node id="N1769" lat="8.340247" lon="-49.103207" />
  <node id="N1770" lat="22.821583" lon="-58.148138" />
  <node id="N1771" lat="27.180054" lon="-60.269962" />
  <node id="N1772" lat="42.108311" lon="-67.522087" />
  <node id="N1773" lat="-8.727991" lon="-33.456106" />
  <node id="N1774" lat="10.241753" lon="-46.164793" />
  <node id="N1775" lat="24.516417" lon="-55.085862" />
  <node id="N1776" lat="28.709946" lon="-57.122038" />
  <node id="N1777" lat="43.637689" lon="-64.373913" />
  <node id="N1778" lat="-8.727131" lon="-33.455812" />
  <node id="N1779" lat="10.195319" lon="-46.134606" />
  <node id="N1780" lat="24.351684" lon="-54.999641" />
  <node id="N1781" lat="28.709015" lon="-57.120944" />
  <node id="N1782" lat="43.637226" lon="-64.374046" />
  <node id="N1783" lat="-6.778869" lon="-30.548188" />
  <node id="N1784" lat="12.098681" lon="-43.197394" />
  <node id="N1785" lat="26.048316" lon="-51.938359" />
  <node id="N1786" lat="30.238985" lon="-53.973056" />
  <node id="N1787" lat="45.166774" lon="-61.225954" />
  <node id="N1788" lat="-6.779183" lon="-30.548777" />
  <node id="N1789" lat="12.051340" lon="-43.166971" />
  <node id="N1790" lat="25.880835" lon="-51.852170" />
  <node id="N1791" lat="30.239164" lon="-53.973016" />
  <node id="N1792" lat="45.167226" lon="-61.226046" />
  <node id="N1793" lat="-4.830817" lon="-27.641223" />
  <node id="N1794" lat="13.956660" lon="-40.231029" />
  <node id="N1795" lat="27.579165" lon="-48.791830" />
  <node id="N1796" lat="31.768836" lon="-50.824984" />
  <node id="N1797" lat="46.696774" lon="-58.077954" />
  <node id="N1798" lat="43.637871" lon="-64.374422" />
  <node id="N1799" lat="36.913871" lon="-75.197422" />
  <node id="N1800" lat="46.186129" lon="-65.957578" />
  <node id="N1801" lat="39.462129" lon="-76.780578" />
  <node id="N1802" lat="41.088818" lon="-62.790507" />
  <node id="N1803" lat="34.365818" lon="-73.613507" />
  <node id="N1804" lat="43.637182" lon="-64.373493" />
  <node id="N1805" lat="36.914182" lon="-75.196493" />
  <node id="N1806" lat="52.242732" lon="4.618159" />
  <node id="N1807" lat="53.515008" lon="-35.843421" />
  <node id="N1808" lat="51.851794" lon="-45.096524" />
  <node id="N1809" lat="49.552302" lon="-51.708666" />
  <node id="N1810" lat="47.607879" lon="-56.767765" />
  <node id="N1811" lat="43.637086" lon="-64.374222" />
  <node id="N1812" lat="55.241268" lon="4.711841" />
  <node id="N1813" lat="56.506992" lon="-36.062579" />
  <node id="N1814" lat="54.754206" lon="-45.855476" />
  <node id="N1815" lat="52.369698" lon="-52.739334" />
  <node id="N1816" lat="50.342121" lon="-58.002235" />
  <node id="N1817" lat="46.296914" lon="-65.761778" />
  <node id="N1818" lat="49.243809" lon="4.519749" />
  <node id="N1819" lat="50.560705" lon="-35.323638" />
  <node id="N1820" lat="49.017005" lon="-44.116557" />
  <node id="N1821" lat="46.749319" lon="-50.639359" />
  <node id="N1822" lat="44.946747" lon="-55.382277" />
  <node id="N1823" lat="40.977086" lon="-62.986222" />
  <node id="N1824" lat="52.242191" lon="4.618251" />
  <node id="N1825" lat="53.553295" lon="-35.534362" />
  <node id="N1826" lat="51.920995" lon="-44.869443" />
  <node id="N1827" lat="49.568681" lon="-51.664641" />
  <node id="N1828" lat="47.683253" lon="-56.611723" />
  <node id="N1829" lat="43.636914" lon="-64.373778" />
  <node id="N1830" lat="425.447486" lon="-359.500735" />
  <node id="N1831" lat="425.102490" lon="-346.325876" />
  <node id="N1832" lat="424.834317" lon="-336.010739" />
  <node id="N1833" lat="423.978000" lon="-311.129183" />
  <node id="N1834" lat="424.461862" lon="-297.130044" />
  <node id="N1835" lat="425.981541" lon="-285.590189" />
  <node id="N1836" lat="430.458995" lon="-267.145566" />
  <node id="N1837" lat="432.318361" lon="-260.266542" />
  <node id="N1838" lat="434.221623" lon="-253.442668" />
  <node id="N1839" lat="436.287957" lon="-248.691279" />
  <node id="N1840" lat="422.448514" lon="-359.579265" />
  <node id="N1841" lat="422.103510" lon="-346.404124" />
  <node id="N1842" lat="421.835683" lon="-336.101261" />
  <node id="N1843" lat="420.978000" lon="-311.128817" />
  <node id="N1844" lat="421.472138" lon="-296.881956" />
  <node id="N1845" lat="423.032459" lon="-285.039811" />
  <node id="N1846" lat="427.553005" lon="-266.400434" />
  <node id="N1847" lat="429.425639" lon="-259.471458" />
  <node id="N1848" lat="431.394377" lon="-252.439332" />
  <node id="N1849" lat="433.536043" lon="-247.496721" />
  <node id="N1850" lat="422.448486" lon="-359.579740" />
  <node id="N1851" lat="422.103490" lon="-346.402903" />
  <node id="N1852" lat="421.836324" lon="-336.113975" />
  <node id="N1853" lat="420.980000" lon="-311.025123" />
  <node id="N1854" lat="421.487711" lon="-296.737857" />
  <node id="N1855" lat="423.066336" lon="-284.884283" />
  <node id="N1856" lat="427.562986" lon="-266.362602" />
  <node id="N1857" lat="429.429617" lon="-259.457238" />
  <node id="N1858" lat="431.468690" lon="-252.251288" />
  <node id="N1859" lat="433.535957" lon="-247.497279" />
  <node id="N1860" lat="419.449514" lon="-359.658260" />
  <node id="N1861" lat="419.104510" lon="-346.481097" />
  <node id="N1862" lat="418.837676" lon="-336.204025" />
  <node id="N1863" lat="417.980000" lon="-311.022877" />
  <node id="N1864" lat="418.498289" lon="-296.486143" />
  <node id="N1865" lat="420.117664" lon="-284.331717" />
  <node id="N1866" lat="424.657014" lon="-265.617398" />
  <node id="N1867" lat="426.538383" lon="-258.656762" />
  <node id="N1868" lat="428.643310" lon="-251.242712" />
  <node id="N1869" lat="430.784043" lon="-246.302721" />
  <node id="N1870" lat="-72.362686" lon="-329.565018" />
  <node id="N1871" lat="-73.108686" lon="-302.923018" />
  <node id="N1872" lat="-75.861314" lon="-329.662982" />
  <node id="N1873" lat="-76.607314" lon="-303.020982" />
  <node id="N1874" lat="-75.861686" lon="-329.663018" />
  <node id="N1875" lat="-76.607686" lon="-303.021018" />
  <node id="N1876" lat="-79.360314" lon="-329.760982" />
  <node id="N1877" lat="-80.106314" lon="-303.118982" />
  <node id="N1878" lat="-79.359686" lon="-329.761018" />
  <node id="N1879" lat="-80.105686" lon="-303.119018" />
  <node id="N1880" lat="-82.858314" lon="-329.858982" />
  <node id="N1881" lat="-83.604314" lon="-303.216982" />
  <node id="N1882" lat="-82.858686" lon="-329.859018" />
  <node id="N1883" lat="-83.604686" lon="-303.217018" />
  <node id="N1884" lat="-86.357314" lon="-329.956982" />
  <node id="N1885" lat="-87.103314" lon="-303.314982" />
  <node id="N1886" lat="-212.197706" lon="-466.147472" />
  <node id="N1887" lat="-240.194706" lon="-467.624472" />
  <node id="N1888" lat="-211.934294" lon="-471.140528" />
  <node id="N1889" lat="-239.931294" lon="-472.617528" />
  <node id="N1890" lat="-212.461706" lon="-461.154472" />
  <node id="N1891" lat="-240.458706" lon="-462.631472" />
  <node id="N1892" lat="-212.198294" lon="-466.147528" />
  <node id="N1893" lat="-240.195294" lon="-467.624528" />
  <node id="N1894" lat="435.698059" lon="-249.576861" />
  <node id="N1895" lat="444.002059" lon="-240.943861" />
  <node id="N1896" lat="433.535941" lon="-247.497139" />
  <node id="N1897" lat="441.839941" lon="-238.864139" />
  <node id="N1898" lat="433.536059" lon="-247.496861" />
  <node id="N1899" lat="441.840059" lon="-238.863861" />
  <node id="N1900" lat="431.373941" lon="-245.417139" />
  <node id="N1901" lat="439.677941" lon="-236.784139" />
  <node id="N1902" lat="438.401901" lon="-251.337511" />
  <node id="N1903" lat="439.189839" lon="-257.511401" />
  <node id="N1904" lat="433.706656" lon="-273.004662" />
  <node id="N1905" lat="430.940350" lon="-283.980783" />
  <node id="N1906" lat="429.631591" lon="-292.300283" />
  <node id="N1907" lat="429.111592" lon="-303.757851" />
  <node id="N1908" lat="428.755055" lon="-336.048099" />
  <node id="N1909" lat="428.610029" lon="-359.561749" />
  <node id="N1910" lat="441.380099" lon="-250.976489" />
  <node id="N1911" lat="442.172161" lon="-257.836599" />
  <node id="N1912" lat="436.579344" lon="-273.869338" />
  <node id="N1913" lat="433.879650" lon="-284.581217" />
  <node id="N1914" lat="432.616409" lon="-292.601717" />
  <node id="N1915" lat="432.110408" lon="-303.842149" />
  <node id="N1916" lat="431.754945" lon="-336.073901" />
  <node id="N1917" lat="431.609971" lon="-359.580251" />
  <node id="N1918" lat="441.380935" lon="-250.981573" />
  <node id="N1919" lat="442.023414" lon="-258.476418" />
  <node id="N1920" lat="436.615049" lon="-273.738360" />
  <node id="N1921" lat="433.903860" lon="-284.448300" />
  <node id="N1922" lat="432.628779" lon="-292.433436" />
  <node id="N1923" lat="432.111595" lon="-303.790740" />
  <node id="N1924" lat="431.755056" lon="-336.067095" />
  <node id="N1925" lat="431.610029" lon="-359.579748" />
  <node id="N1926" lat="444.371065" lon="-250.738427" />
  <node id="N1927" lat="444.998586" lon="-258.861582" />
  <node id="N1928" lat="439.486951" lon="-274.605640" />
  <node id="N1929" lat="436.842140" lon="-285.053700" />
  <node id="N1930" lat="435.613221" lon="-292.738564" />
  <node id="N1931" lat="435.110405" lon="-303.875260" />
  <node id="N1932" lat="434.754944" lon="-336.092905" />
  <node id="N1933" lat="434.609971" lon="-359.598252" />
  <node id="N1934" lat="177.368498" lon="-129.878986" />
  <node id="N1935" lat="163.643498" lon="-124.845986" />
  <node id="N1936" lat="176.163502" lon="-133.165014" />
  <node id="N1937" lat="162.438502" lon="-128.132014" />
  <node id="N1938" lat="176.163498" lon="-133.164986" />
  <node id="N1939" lat="162.438498" lon="-128.131986" />
  <node id="N1940" lat="174.958502" lon="-136.451014" />
  <node id="N1941" lat="161.233502" lon="-131.418014" />
  <node id="N1942" lat="33.451925" lon="1.937376" />
  <node id="N1943" lat="33.551925" lon="12.337376" />
  <node id="N1944" lat="30.202075" lon="1.968624" />
  <node id="N1945" lat="30.302075" lon="12.368624" />
  <node id="N1946" lat="36.701925" lon="1.906376" />
  <node id="N1947" lat="36.801925" lon="12.306376" />
  <node id="N1948" lat="33.452075" lon="1.937624" />
  <node id="N1949" lat="33.552075" lon="12.337624" />
  <node id="N1950" lat="-105.341675" lon="-249.388828" />
  <node id="N1951" lat="-104.750459" lon="-257.147969" />
  <node id="N1952" lat="-104.273766" lon="-289.626516" />
  <node id="N1953" lat="-103.994680" lon="-303.133986" />
  <node id="N1954" lat="-102.350325" lon="-249.161172" />
  <node id="N1955" lat="-101.753541" lon="-257.012031" />
  <node id="N1956" lat="-101.274234" lon="-289.573484" />
  <node id="N1957" lat="-100.995320" lon="-303.072014" />
  <node id="N1958" lat="-108.333585" lon="-249.619000" />
  <node id="N1959" lat="-107.750432" lon="-257.193573" />
  <node id="N1960" lat="-107.272766" lon="-289.688478" />
  <node id="N1961" lat="-106.994682" lon="-303.195875" />
  <node id="N1962" lat="-105.342415" lon="-249.389000" />
  <node id="N1963" lat="-104.753568" lon="-257.056427" />
  <node id="N1964" lat="-104.273234" lon="-289.635522" />
  <node id="N1965" lat="-103.995318" lon="-303.134125" />
  <node id="N1966" lat="-281.083215" lon="144.447643" />
  <node id="N1967" lat="-274.413780" lon="160.871805" />
  <node id="N1968" lat="-238.911452" lon="246.932521" />
  <node id="N1969" lat="-228.372320" lon="271.720373" />
  <node id="N1970" lat="-218.165686" lon="295.561515" />
  <node id="N1971" lat="-216.114381" lon="300.369565" />
  <node id="N1972" lat="-214.302337" lon="304.536045" />
  <node id="N1973" lat="-212.233499" lon="309.298291" />
  <node id="N1974" lat="-171.934163" lon="403.545739" />
  <node id="N1975" lat="-136.322535" lon="487.325214" />
  <node id="N1976" lat="-283.862785" lon="145.576357" />
  <node id="N1977" lat="-277.190220" lon="162.008195" />
  <node id="N1978" lat="-241.678548" lon="248.091479" />
  <node id="N1979" lat="-231.131680" lon="272.897627" />
  <node id="N1980" lat="-220.924314" lon="296.740485" />
  <node id="N1981" lat="-218.869619" lon="301.556435" />
  <node id="N1982" lat="-217.053663" lon="305.731955" />
  <node id="N1983" lat="-214.988501" lon="310.485709" />
  <node id="N1984" lat="-174.693837" lon="404.722261" />
  <node id="N1985" lat="-139.083465" lon="488.498786" />
  <node id="N1986" lat="-278.303230" lon="143.319607" />
  <node id="N1987" lat="-271.639783" lon="159.727799" />
  <node id="N1988" lat="-236.151457" lon="245.758509" />
  <node id="N1989" lat="-225.614333" lon="270.539343" />
  <node id="N1990" lat="-215.405643" lon="294.384617" />
  <node id="N1991" lat="-213.363368" lon="299.173595" />
  <node id="N1992" lat="-211.550373" lon="303.340960" />
  <node id="N1993" lat="-209.474500" lon="308.119289" />
  <node id="N1994" lat="-169.173162" lon="402.372742" />
  <node id="N1995" lat="-133.561535" lon="486.152214" />
  <node id="N1996" lat="-281.082770" lon="144.448393" />
  <node id="N1997" lat="-274.416217" lon="160.864201" />
  <node id="N1998" lat="-238.918543" lon="246.917491" />
  <node id="N1999" lat="-228.373667" lon="271.716657" />
  <node id="N2000" lat="-218.164357" lon="295.563383" />
  <node id="N2001" lat="-216.118632" lon="300.360405" />
  <node id="N2002" lat="-214.301627" lon="304.537040" />
  <node id="N2003" lat="-212.229500" lon="309.306711" />
  <node id="N2004" lat="-171.932838" lon="403.549258" />
  <node id="N2005" lat="-136.322465" lon="487.325786" />
  <node id="N2006" lat="-111.553864" lon="577.398834" />
  <node id="N2007" lat="-118.744864" lon="582.045834" />
  <node id="N2008" lat="-113.182136" lon="574.879166" />
  <node id="N2009" lat="-120.373136" lon="579.526166" />
  <node id="N2010" lat="-109.925988" lon="579.918914" />
  <node id="N2011" lat="-117.116988" lon="584.564914" />
  <node id="N2012" lat="-111.554012" lon="577.399086" />
  <node id="N2013" lat="-118.745012" lon="582.045086" />
  <node id="N2014" lat="-214.179499" lon="-222.502978" />
  <node id="N2015" lat="-211.864499" lon="-207.693978" />
  <node id="N2016" lat="-217.390501" lon="-222.001022" />
  <node id="N2017" lat="-215.075501" lon="-207.192022" />
  <node id="N2018" lat="-210.968499" lon="-223.004978" />
  <node id="N2019" lat="-208.653499" lon="-208.195978" />
  <node id="N2020" lat="-214.179501" lon="-222.503022" />
  <node id="N2021" lat="-211.864501" lon="-207.694022" />
  <node id="N2022" lat="460.149192" lon="-255.683263" />
  <node id="N2023" lat="447.774743" lon="-250.132952" />
  <node id="N2024" lat="442.866249" lon="-247.837740" />
  <node id="N2025" lat="458.716808" lon="-258.876737" />
  <node id="N2026" lat="446.317257" lon="-253.315048" />
  <node id="N2027" lat="441.383751" lon="-251.008260" />
  <node id="N2028" lat="458.716253" lon="-258.876291" />
  <node id="N2029" lat="446.291773" lon="-253.302966" />
  <node id="N2030" lat="441.383249" lon="-251.007740" />
  <node id="N2031" lat="457.283747" lon="-262.069709" />
  <node id="N2032" lat="444.834227" lon="-256.485034" />
  <node id="N2033" lat="439.900751" lon="-254.178260" />
  <node id="N2034" lat="88.900205" lon="549.450190" />
  <node id="N2035" lat="92.718933" lon="548.633248" />
  <node id="N2036" lat="105.876661" lon="545.813306" />
  <node id="N2037" lat="89.527795" lon="552.383810" />
  <node id="N2038" lat="93.347067" lon="551.566752" />
  <node id="N2039" lat="106.505339" lon="548.746694" />
  <node id="N2040" lat="88.272126" lon="546.517206" />
  <node id="N2041" lat="92.089840" lon="545.700268" />
  <node id="N2042" lat="105.247554" lon="542.879329" />
  <node id="N2043" lat="88.899874" lon="549.450794" />
  <node id="N2044" lat="92.718160" lon="548.633732" />
  <node id="N2045" lat="105.876446" lon="545.812671" />
  <node id="N2046" lat="63.463229" lon="554.601669" />
  <node id="N2047" lat="82.944229" lon="550.600669" />
  <node id="N2048" lat="64.066771" lon="557.540331" />
  <node id="N2049" lat="83.547771" lon="553.539331" />
  <node id="N2050" lat="62.860229" lon="551.663669" />
  <node id="N2051" lat="82.341229" lon="547.662669" />
  <node id="N2052" lat="63.463771" lon="554.602331" />
  <node id="N2053" lat="82.944771" lon="550.601331" />
  <node id="N2054" lat="82.944390" lon="550.601248" />
  <node id="N2055" lat="88.900390" lon="549.450248" />
  <node id="N2056" lat="83.513610" lon="553.546752" />
  <node id="N2057" lat="89.469610" lon="552.395752" />
  <node id="N2058" lat="82.375628" lon="547.655202" />
  <node id="N2059" lat="88.331628" lon="546.505202" />
  <node id="N2060" lat="82.944372" lon="550.600798" />
  <node id="N2061" lat="88.900372" lon="549.450798" />
  <node id="N2062" lat="10.798604" lon="565.483980" />
  <node id="N2063" lat="20.705604" lon="563.472980" />
  <node id="N2064" lat="11.395396" lon="568.424020" />
  <node id="N2065" lat="21.302396" lon="566.413020" />
  <node id="N2066" lat="10.201604" lon="562.543980" />
  <node id="N2067" lat="20.108604" lon="560.532980" />
  <node id="N2068" lat="10.798396" lon="565.484020" />
  <node id="N2069" lat="20.705396" lon="563.473020" />
  <node id="N2070" lat="52.097650" lon="557.081389" />
  <node id="N2071" lat="57.618650" lon="555.878389" />
  <node id="N2072" lat="52.736350" lon="560.012611" />
  <node id="N2073" lat="58.257350" lon="558.809611" />
  <node id="N2074" lat="51.459650" lon="554.150389" />
  <node id="N2075" lat="56.980650" lon="552.947389" />
  <node id="N2076" lat="52.098350" lon="557.081611" />
  <node id="N2077" lat="57.619350" lon="555.878611" />
  <node id="N2078" lat="57.619607" lon="555.879055" />
  <node id="N2079" lat="59.843388" lon="555.389664" />
  <node id="N2080" lat="63.463171" lon="554.602276" />
  <node id="N2081" lat="58.264393" lon="558.808945" />
  <node id="N2082" lat="60.484612" lon="558.320336" />
  <node id="N2083" lat="64.100829" lon="557.533724" />
  <node id="N2084" lat="56.974457" lon="552.949088" />
  <node id="N2085" lat="59.206313" lon="552.457681" />
  <node id="N2086" lat="62.826171" lon="551.670276" />
  <node id="N2087" lat="57.619543" lon="555.878912" />
  <node id="N2088" lat="59.847687" lon="555.388319" />
  <node id="N2089" lat="63.463829" lon="554.601724" />
  <node id="N2090" lat="110.941384" lon="544.848418" />
  <node id="N2091" lat="119.179384" lon="543.192418" />
  <node id="N2092" lat="111.532616" lon="547.789582" />
  <node id="N2093" lat="119.770616" lon="546.133582" />
  <node id="N2094" lat="110.350556" lon="541.906384" />
  <node id="N2095" lat="118.588556" lon="540.251384" />
  <node id="N2096" lat="110.941444" lon="544.847616" />
  <node id="N2097" lat="119.179444" lon="543.192616" />
  <node id="N2098" lat="24.367869" lon="562.685723" />
  <node id="N2099" lat="52.097869" lon="557.081723" />
  <node id="N2100" lat="24.962131" lon="565.626277" />
  <node id="N2101" lat="52.692131" lon="560.022277" />
  <node id="N2102" lat="23.773819" lon="559.745734" />
  <node id="N2103" lat="51.503819" lon="554.140734" />
  <node id="N2104" lat="24.368181" lon="562.686266" />
  <node id="N2105" lat="52.098181" lon="557.081266" />
  <node id="N2106" lat="105.876617" lon="545.813438" />
  <node id="N2107" lat="108.960876" lon="545.226579" />
  <node id="N2108" lat="110.941136" lon="544.847720" />
  <node id="N2109" lat="106.437383" lon="548.760562" />
  <node id="N2110" lat="109.523124" lon="548.173421" />
  <node id="N2111" lat="111.504864" lon="547.794280" />
  <node id="N2112" lat="105.315903" lon="542.865383" />
  <node id="N2113" lat="108.398378" lon="542.279483" />
  <node id="N2114" lat="110.378853" lon="541.901583" />
  <node id="N2115" lat="105.876097" lon="545.812617" />
  <node id="N2116" lat="108.959622" lon="545.226517" />
  <node id="N2117" lat="110.941147" lon="544.848417" />
  <node id="N2118" lat="132.660376" lon="540.393916" />
  <node id="N2119" lat="139.371851" lon="539.129937" />
  <node id="N2120" lat="156.820814" lon="535.584733" />
  <node id="N2121" lat="172.108715" lon="532.619267" />
  <node id="N2122" lat="172.659876" lon="532.475375" />
  <node id="N2123" lat="183.343719" lon="530.328351" />
  <node id="N2124" lat="214.380701" lon="524.100354" />
  <node id="N2125" lat="231.411660" lon="520.678363" />
  <node id="N2126" lat="246.651815" lon="517.619331" />
  <node id="N2127" lat="273.501825" lon="512.230329" />
  <node id="N2128" lat="133.215624" lon="543.342084" />
  <node id="N2129" lat="139.948149" lon="542.074063" />
  <node id="N2130" lat="157.405186" lon="538.527267" />
  <node id="N2131" lat="172.773285" lon="535.544733" />
  <node id="N2132" lat="173.334124" lon="535.398625" />
  <node id="N2133" lat="183.934281" lon="533.269649" />
  <node id="N2134" lat="214.971299" lon="527.041646" />
  <node id="N2135" lat="232.002340" lon="523.619637" />
  <node id="N2136" lat="247.242185" lon="520.560669" />
  <node id="N2137" lat="274.092175" lon="515.171671" />
  <node id="N2138" lat="132.104435" lon="537.445904" />
  <node id="N2139" lat="138.774892" lon="536.189929" />
  <node id="N2140" lat="156.250090" lon="532.639678" />
  <node id="N2141" lat="171.364773" lon="529.713351" />
  <node id="N2142" lat="172.072747" lon="529.532488" />
  <node id="N2143" lat="182.753794" lon="527.387336" />
  <node id="N2144" lat="213.789663" lon="521.159362" />
  <node id="N2145" lat="230.821673" lon="517.736360" />
  <node id="N2146" lat="246.061862" lon="514.678322" />
  <node id="N2147" lat="272.911825" lon="509.289329" />
  <node id="N2148" lat="132.659565" lon="540.394096" />
  <node id="N2149" lat="139.351108" lon="539.134071" />
  <node id="N2150" lat="156.833910" lon="535.582322" />
  <node id="N2151" lat="172.021227" lon="532.640649" />
  <node id="N2152" lat="172.739253" lon="532.457512" />
  <node id="N2153" lat="183.344206" lon="530.328664" />
  <node id="N2154" lat="214.380337" lon="524.100638" />
  <node id="N2155" lat="231.412327" lon="520.677640" />
  <node id="N2156" lat="246.652138" lon="517.619678" />
  <node id="N2157" lat="273.502175" lon="512.230671" />
  <node id="N2158" lat="138.381040" lon="529.810803" />
  <node id="N2159" lat="142.088040" lon="537.879803" />
  <node id="N2160" lat="135.654960" lon="531.063197" />
  <node id="N2161" lat="139.361960" lon="539.132197" />
  <node id="N2162" lat="135.655104" lon="531.062942" />
  <node id="N2163" lat="139.361104" lon="539.131942" />
  <node id="N2164" lat="132.928896" lon="532.315058" />
  <node id="N2165" lat="136.634896" lon="540.384058" />
  <node id="N2166" lat="108.839103" lon="479.515085" />
  <node id="N2167" lat="113.343715" lon="487.416765" />
  <node id="N2168" lat="115.200923" lon="490.438562" />
  <node id="N2169" lat="129.159868" lon="513.146472" />
  <node id="N2170" lat="106.232897" lon="481.000915" />
  <node id="N2171" lat="110.762285" lon="488.945235" />
  <node id="N2172" lat="112.645077" lon="492.009438" />
  <node id="N2173" lat="126.604132" lon="514.717528" />
  <node id="N2174" lat="106.232955" lon="481.000826" />
  <node id="N2175" lat="110.787695" lon="488.986731" />
  <node id="N2176" lat="112.644980" lon="492.009655" />
  <node id="N2177" lat="126.603868" lon="514.717472" />
  <node id="N2178" lat="103.627045" lon="482.487174" />
  <node id="N2179" lat="108.206305" lon="490.515269" />
  <node id="N2180" lat="110.089020" lon="493.580345" />
  <node id="N2181" lat="124.048132" lon="516.288528" />
  <node id="N2182" lat="143.533467" lon="545.607659" />
  <node id="N2183" lat="147.585467" lon="569.844659" />
  <node id="N2184" lat="140.574533" lon="546.102341" />
  <node id="N2185" lat="144.626533" lon="570.339341" />
  <node id="N2186" lat="140.574467" lon="546.102659" />
  <node id="N2187" lat="144.626467" lon="570.339659" />
  <node id="N2188" lat="137.615533" lon="546.597341" />
  <node id="N2189" lat="141.667533" lon="570.834341" />
  <node id="N2190" lat="129.173468" lon="513.168311" />
  <node id="N2191" lat="131.299360" lon="516.693133" />
  <node id="N2192" lat="132.334253" lon="518.407955" />
  <node id="N2193" lat="126.604532" lon="514.717689" />
  <node id="N2194" lat="128.730640" lon="518.242867" />
  <node id="N2195" lat="129.765747" lon="519.958045" />
  <node id="N2196" lat="126.604565" lon="514.717472" />
  <node id="N2197" lat="128.730243" lon="518.242939" />
  <node id="N2198" lat="129.765922" lon="519.957407" />
  <node id="N2199" lat="124.035435" lon="516.266528" />
  <node id="N2200" lat="126.161757" lon="519.793061" />
  <node id="N2201" lat="127.198078" lon="521.508593" />
  <node id="N2202" lat="132.402002" lon="518.525851" />
  <node id="N2203" lat="135.900602" lon="524.964909" />
  <node id="N2204" lat="138.324006" lon="529.695071" />
  <node id="N2205" lat="129.765998" lon="519.958149" />
  <node id="N2206" lat="133.247398" lon="526.365091" />
  <node id="N2207" lat="135.653994" lon="531.062929" />
  <node id="N2208" lat="129.765935" lon="519.957727" />
  <node id="N2209" lat="133.230510" lon="526.332735" />
  <node id="N2210" lat="135.654891" lon="531.062847" />
  <node id="N2211" lat="127.130065" lon="521.390273" />
  <node id="N2212" lat="130.577490" lon="527.733265" />
  <node id="N2213" lat="132.985109" lon="532.431153" />
  <node id="N2214" lat="-30.914000" lon="492.447312" />
  <node id="N2215" lat="13.870546" lon="478.122306" />
  <node id="N2216" lat="23.184820" lon="475.602638" />
  <node id="N2217" lat="34.233072" lon="472.106834" />
  <node id="N2218" lat="46.060212" lon="468.716777" />
  <node id="N2219" lat="79.693719" lon="459.303508" />
  <node id="N2220" lat="-30.000000" lon="495.304688" />
  <node id="N2221" lat="14.719454" lon="480.999694" />
  <node id="N2222" lat="24.029180" lon="478.481362" />
  <node id="N2223" lat="35.098928" lon="474.979166" />
  <node id="N2224" lat="46.877788" lon="471.603223" />
  <node id="N2225" lat="80.502281" lon="462.192492" />
  <node id="N2226" lat="-31.827916" lon="489.590285" />
  <node id="N2227" lat="13.087807" lon="475.226230" />
  <node id="N2228" lat="22.280097" lon="472.742556" />
  <node id="N2229" lat="33.407124" lon="469.222818" />
  <node id="N2230" lat="45.251210" lon="465.827778" />
  <node id="N2231" lat="78.885730" lon="456.414505" />
  <node id="N2232" lat="-30.914084" lon="492.447715" />
  <node id="N2233" lat="13.936193" lon="478.103770" />
  <node id="N2234" lat="23.123903" lon="475.621444" />
  <node id="N2235" lat="34.272876" lon="472.095182" />
  <node id="N2236" lat="46.068790" lon="468.714222" />
  <node id="N2237" lat="79.694270" lon="459.303495" />
  <node id="N2238" lat="79.693533" lon="459.302707" />
  <node id="N2239" lat="82.657242" lon="458.554062" />
  <node id="N2240" lat="92.151060" lon="455.813822" />
  <node id="N2241" lat="80.428467" lon="462.211293" />
  <node id="N2242" lat="83.440758" lon="461.449938" />
  <node id="N2243" lat="92.982940" lon="458.696178" />
  <node id="N2244" lat="78.960119" lon="456.394559" />
  <node id="N2245" lat="81.825533" lon="455.671983" />
  <node id="N2246" lat="91.319060" lon="452.931822" />
  <node id="N2247" lat="79.693881" lon="459.303441" />
  <node id="N2248" lat="82.608467" lon="458.568017" />
  <node id="N2249" lat="92.150940" lon="455.814178" />
  <node id="N2250" lat="-68.617484" lon="503.939133" />
  <node id="N2251" lat="-61.270403" lon="501.682108" />
  <node id="N2252" lat="-49.034499" lon="497.924754" />
  <node id="N2253" lat="-36.619655" lon="494.071255" />
  <node id="N2254" lat="-30.913574" lon="492.447284" />
  <node id="N2255" lat="-67.736516" lon="506.806867" />
  <node id="N2256" lat="-60.389597" lon="504.549892" />
  <node id="N2257" lat="-48.149501" lon="500.791246" />
  <node id="N2258" lat="-35.764345" lon="496.946745" />
  <node id="N2259" lat="-30.092426" lon="495.332716" />
  <node id="N2260" lat="-69.498484" lon="501.071133" />
  <node id="N2261" lat="-62.151374" lon="498.814099" />
  <node id="N2262" lat="-49.923448" lon="495.059738" />
  <node id="N2263" lat="-37.439549" lon="491.185223" />
  <node id="N2264" lat="-31.734406" lon="489.562236" />
  <node id="N2265" lat="-68.617516" lon="503.938867" />
  <node id="N2266" lat="-61.270626" lon="501.681901" />
  <node id="N2267" lat="-49.038552" lon="497.926262" />
  <node id="N2268" lat="-36.584451" lon="494.060777" />
  <node id="N2269" lat="-30.913594" lon="492.447764" />
  <node id="N2270" lat="-269.751098" lon="-417.591781" />
  <node id="N2271" lat="-262.348098" lon="-416.678781" />
  <node id="N2272" lat="-270.148902" lon="-414.366219" />
  <node id="N2273" lat="-262.745902" lon="-413.453219" />
  <node id="N2274" lat="-269.353098" lon="-420.817781" />
  <node id="N2275" lat="-261.950098" lon="-419.904781" />
  <node id="N2276" lat="-269.750902" lon="-417.592219" />
  <node id="N2277" lat="-262.347902" lon="-416.679219" />
  <node id="N2278" lat="-246.451234" lon="-414.689684" />
  <node id="N2279" lat="-239.137234" lon="-414.221684" />
  <node id="N2280" lat="-246.658766" lon="-411.446316" />
  <node id="N2281" lat="-239.344766" lon="-410.978316" />
  <node id="N2282" lat="-246.244454" lon="-417.932698" />
  <node id="N2283" lat="-238.930454" lon="-417.465698" />
  <node id="N2284" lat="-246.451546" lon="-414.689302" />
  <node id="N2285" lat="-239.137546" lon="-414.222302" />
  <node id="N2286" lat="-141.924333" lon="583.155113" />
  <node id="N2287" lat="-141.428408" lon="580.735917" />
  <node id="N2288" lat="-142.734828" lon="579.887573" />
  <node id="N2289" lat="-143.970208" lon="580.130105" />
  <node id="N2290" lat="-138.695667" lon="583.526887" />
  <node id="N2291" lat="-138.443592" lon="579.450083" />
  <node id="N2292" lat="-141.871172" lon="576.754427" />
  <node id="N2293" lat="-144.309792" lon="576.897895" />
  <node id="N2294" lat="-143.527331" lon="580.589164" />
  <node id="N2295" lat="-143.210121" lon="580.658755" />
  <node id="N2296" lat="-143.417795" lon="582.280020" />
  <node id="N2297" lat="-143.630116" lon="583.363095" />
  <node id="N2298" lat="-143.182669" lon="583.820836" />
  <node id="N2299" lat="-141.755879" lon="583.565245" />
  <node id="N2300" lat="-140.510205" lon="580.827980" />
  <node id="N2301" lat="-143.969884" lon="580.130905" />
  <node id="N2302" lat="-148.974833" lon="572.587835" />
  <node id="N2303" lat="-151.664000" lon="571.710362" />
  <node id="N2304" lat="-150.260175" lon="571.987075" />
  <node id="N2305" lat="-149.021167" lon="569.338165" />
  <node id="N2306" lat="-154.608000" lon="570.333638" />
  <node id="N2307" lat="-152.783825" lon="574.034925" />
  <node id="N2308" lat="-153.107225" lon="572.653667" />
  <node id="N2309" lat="-150.982449" lon="567.391789" />
  <node id="N2310" lat="-147.736175" lon="569.939075" />
  <node id="N2311" lat="-149.936775" lon="573.368333" />
  <node id="N2312" lat="-150.241551" lon="570.556211" />
  <node id="N2313" lat="-150.259825" lon="571.986925" />
  <node id="N2314" lat="207.876457" lon="-128.824556" />
  <node id="N2315" lat="206.644373" lon="-129.158862" />
  <node id="N2316" lat="221.935499" lon="-138.697342" />
  <node id="N2317" lat="225.671338" lon="-137.901660" />
  <node id="N2318" lat="218.165187" lon="-133.113277" />
  <node id="N2319" lat="212.297603" lon="-130.588887" />
  <node id="N2320" lat="210.819244" lon="-129.986409" />
  <node id="N2321" lat="206.820805" lon="-126.747990" />
  <node id="N2322" lat="205.018587" lon="-129.059471" />
  <node id="N2323" lat="205.143543" lon="-130.583444" />
  <node id="N2324" lat="204.255627" lon="-126.955138" />
  <node id="N2325" lat="222.988501" lon="-135.622658" />
  <node id="N2326" lat="222.554662" lon="-136.980340" />
  <node id="N2327" lat="216.880813" lon="-136.098723" />
  <node id="N2328" lat="211.010397" lon="-133.573113" />
  <node id="N2329" lat="208.950756" lon="-132.645591" />
  <node id="N2330" lat="207.377195" lon="-129.950010" />
  <node id="N2331" lat="207.999413" lon="-130.354529" />
  <node id="N2332" lat="201.946798" lon="-128.799074" />
  <node id="N2333" lat="202.959623" lon="-132.134020" />
  <node id="N2334" lat="226.394391" lon="-139.767818" />
  <node id="N2335" lat="226.748893" lon="-133.554329" />
  <node id="N2336" lat="219.449299" lon="-130.127326" />
  <node id="N2337" lat="213.586312" lon="-127.604762" />
  <node id="N2338" lat="211.642104" lon="-126.776485" />
  <node id="N2339" lat="203.352008" lon="-125.620863" />
  <node id="N2340" lat="202.037587" lon="-127.764471" />
  <node id="N2341" lat="205.105202" lon="-128.032926" />
  <node id="N2342" lat="205.366377" lon="-129.949980" />
  <node id="N2343" lat="224.495609" lon="-137.130182" />
  <node id="N2344" lat="224.045107" lon="-135.357671" />
  <node id="N2345" lat="218.164701" lon="-133.112674" />
  <node id="N2346" lat="212.299688" lon="-130.589238" />
  <node id="N2347" lat="210.701896" lon="-129.887515" />
  <node id="N2348" lat="204.883992" lon="-128.487137" />
  <node id="N2349" lat="205.018413" lon="-129.059529" />
  <node id="N2350" lat="199.104568" lon="-146.392722" />
  <node id="N2351" lat="195.747751" lon="-147.756365" />
  <node id="N2352" lat="200.414836" lon="-151.220728" />
  <node id="N2353" lat="201.055466" lon="-151.509249" />
  <node id="N2354" lat="213.526284" lon="-158.850279" />
  <node id="N2355" lat="217.336098" lon="-157.537399" />
  <node id="N2356" lat="201.422874" lon="-149.028795" />
  <node id="N2357" lat="197.671569" lon="-147.350659" />
  <node id="N2358" lat="199.201432" lon="-149.641278" />
  <node id="N2359" lat="198.936249" lon="-148.385635" />
  <node id="N2360" lat="201.749164" lon="-148.257272" />
  <node id="N2361" lat="202.560534" lon="-148.628751" />
  <node id="N2362" lat="214.339716" lon="-155.703721" />
  <node id="N2363" lat="214.147902" lon="-156.906601" />
  <node id="N2364" lat="200.095126" lon="-151.995205" />
  <node id="N2365" lat="196.344431" lon="-150.317341" />
  <node id="N2366" lat="194.565251" lon="-146.620243" />
  <node id="N2367" lat="194.637846" lon="-151.896788" />
  <node id="N2368" lat="199.069716" lon="-154.178674" />
  <node id="N2369" lat="199.881613" lon="-154.545814" />
  <node id="N2370" lat="217.818230" lon="-159.948329" />
  <node id="N2371" lat="218.450996" lon="-153.399568" />
  <node id="N2372" lat="202.749823" lon="-146.061772" />
  <node id="N2373" lat="198.997421" lon="-144.383593" />
  <node id="N2374" lat="197.812749" lon="-146.747757" />
  <node id="N2375" lat="197.398154" lon="-150.181212" />
  <node id="N2376" lat="200.404284" lon="-151.215326" />
  <node id="N2377" lat="201.078387" lon="-151.524186" />
  <node id="N2378" lat="215.977770" lon="-157.269671" />
  <node id="N2379" lat="215.689004" lon="-155.112432" />
  <node id="N2380" lat="201.422177" lon="-149.028228" />
  <node id="N2381" lat="197.670579" lon="-147.350407" />
  <node id="N2382" lat="289.942057" lon="396.562837" />
  <node id="N2383" lat="292.697574" lon="400.027749" />
  <node id="N2384" lat="290.588889" lon="401.513889" />
  <node id="N2385" lat="275.813313" lon="405.314476" />
  <node id="N2386" lat="275.188075" lon="407.494767" />
  <node id="N2387" lat="270.705354" lon="403.793582" />
  <node id="N2388" lat="290.455639" lon="397.364243" />
  <node id="N2389" lat="287.841943" lon="399.043163" />
  <node id="N2390" lat="289.522426" lon="399.334251" />
  <node id="N2391" lat="289.713111" lon="398.384111" />
  <node id="N2392" lat="273.230687" lon="403.341524" />
  <node id="N2393" lat="273.831925" lon="404.541233" />
  <node id="N2394" lat="273.880646" lon="404.486418" />
  <node id="N2395" lat="291.332361" lon="400.493757" />
  <node id="N2396" lat="293.645968" lon="396.934213" />
  <node id="N2397" lat="293.275306" lon="403.797486" />
  <node id="N2398" lat="291.465813" lon="404.642911" />
  <node id="N2399" lat="275.508210" lon="409.079326" />
  <node id="N2400" lat="270.151912" lon="407.960000" />
  <node id="N2401" lat="270.124142" lon="400.024238" />
  <node id="N2402" lat="289.579661" lon="394.234237" />
  <node id="N2403" lat="290.396032" lon="396.913787" />
  <node id="N2404" lat="290.692694" lon="401.824514" />
  <node id="N2405" lat="290.590187" lon="401.513089" />
  <node id="N2406" lat="275.289790" lon="405.836674" />
  <node id="N2407" lat="272.610088" lon="405.834000" />
  <node id="N2408" lat="272.707858" lon="401.995762" />
  <node id="N2409" lat="290.456339" lon="397.363763" />
  <node id="N2410" lat="306.062999" lon="382.086850" />
  <node id="N2411" lat="304.326338" lon="382.546760" />
  <node id="N2412" lat="291.407519" lon="385.949102" />
  <node id="N2413" lat="288.347386" lon="387.552010" />
  <node id="N2414" lat="290.308336" lon="390.664310" />
  <node id="N2415" lat="307.210076" lon="384.743136" />
  <node id="N2416" lat="306.062994" lon="382.086408" />
  <node id="N2417" lat="305.231001" lon="378.945150" />
  <node id="N2418" lat="303.493662" lon="379.405240" />
  <node id="N2419" lat="290.048481" lon="382.996898" />
  <node id="N2420" lat="285.170614" lon="386.865990" />
  <node id="N2421" lat="289.211664" lon="393.723690" />
  <node id="N2422" lat="310.083924" lon="386.260864" />
  <node id="N2423" lat="309.205006" lon="381.255592" />
  <node id="N2424" lat="306.895999" lon="385.228850" />
  <node id="N2425" lat="305.159327" lon="385.688763" />
  <node id="N2426" lat="291.257217" lon="389.209779" />
  <node id="N2427" lat="290.367321" lon="387.934653" />
  <node id="N2428" lat="290.177261" lon="388.016192" />
  <node id="N2429" lat="304.141170" lon="385.449489" />
  <node id="N2430" lat="302.920994" lon="382.917408" />
  <node id="N2431" lat="306.064001" lon="382.087150" />
  <node id="N2432" lat="304.326673" lon="382.547237" />
  <node id="N2433" lat="291.870783" lon="386.018221" />
  <node id="N2434" lat="289.434679" lon="384.821347" />
  <node id="N2435" lat="287.674739" lon="390.089808" />
  <node id="N2436" lat="306.868830" lon="387.216511" />
  <node id="N2437" lat="306.063006" lon="382.086592" />
  <node id="N2438" lat="-99.650177" lon="64.051185" />
  <node id="N2439" lat="-98.133224" lon="79.225969" />
  <node id="N2440" lat="-100.091493" lon="82.449962" />
  <node id="N2441" lat="-101.380522" lon="68.067479" />
  <node id="N2442" lat="-102.986044" lon="65.218105" />
  <node id="N2443" lat="-99.641923" lon="64.226015" />
  <node id="N2444" lat="-102.883823" lon="64.376815" />
  <node id="N2445" lat="-101.382776" lon="79.172031" />
  <node id="N2446" lat="-99.862507" lon="79.208038" />
  <node id="N2447" lat="-98.373478" lon="66.834521" />
  <node id="N2448" lat="-99.985956" lon="66.467895" />
  <node id="N2449" lat="-99.656077" lon="67.475985" />
  <node id="N2450" lat="-96.400485" lon="64.393792" />
  <node id="N2451" lat="-98.971338" lon="83.863060" />
  <node id="N2452" lat="-104.604240" lon="81.666459" />
  <node id="N2453" lat="-104.728983" lon="67.156463" />
  <node id="N2454" lat="-102.415128" lon="61.268983" />
  <node id="N2455" lat="-99.628923" lon="60.976015" />
  <node id="N2456" lat="-99.635515" lon="64.082208" />
  <node id="N2457" lat="-100.572662" lon="81.034940" />
  <node id="N2458" lat="-101.849760" lon="79.941541" />
  <node id="N2459" lat="-101.525017" lon="67.701537" />
  <node id="N2460" lat="-100.530872" lon="63.917017" />
  <node id="N2461" lat="-99.643077" lon="64.225985" />
  <node id="N2462" lat="-52.422834" lon="76.953434" />
  <node id="N2463" lat="-51.423366" lon="91.654655" />
  <node id="N2464" lat="-53.422296" lon="94.808654" />
  <node id="N2465" lat="-55.503213" lon="77.541293" />
  <node id="N2466" lat="-52.419966" lon="77.134597" />
  <node id="N2467" lat="-55.665166" lon="77.176566" />
  <node id="N2468" lat="-54.668634" lon="91.479345" />
  <node id="N2469" lat="-53.247704" lon="91.563346" />
  <node id="N2470" lat="-53.176787" lon="79.810707" />
  <node id="N2471" lat="-52.564034" lon="80.381403" />
  <node id="N2472" lat="-49.186627" lon="77.421539" />
  <node id="N2473" lat="-52.427249" lon="96.257219" />
  <node id="N2474" lat="-58.024325" lon="93.795548" />
  <node id="N2475" lat="-55.238810" lon="74.181901" />
  <node id="N2476" lat="-52.276966" lon="73.887597" />
  <node id="N2477" lat="-52.407373" lon="76.986461" />
  <node id="N2478" lat="-53.924751" lon="93.372781" />
  <node id="N2479" lat="-55.139675" lon="92.298452" />
  <node id="N2480" lat="-53.155190" lon="76.676099" />
  <node id="N2481" lat="-52.421034" lon="77.134403" />
  <node id="N2482" lat="41.644345" lon="-543.206983" />
  <node id="N2483" lat="69.519345" lon="-543.080983" />
  <node id="N2484" lat="41.629655" lon="-539.957017" />
  <node id="N2485" lat="69.504655" lon="-539.831017" />
  <node id="N2486" lat="41.659345" lon="-546.456983" />
  <node id="N2487" lat="69.534345" lon="-546.330983" />
  <node id="N2488" lat="41.644655" lon="-543.207017" />
  <node id="N2489" lat="69.519655" lon="-543.081017" />
  <node id="N2490" lat="69.352015" lon="-506.113986" />
  <node id="N2491" lat="69.441015" lon="-526.816986" />
  <node id="N2492" lat="72.601985" lon="-506.100014" />
  <node id="N2493" lat="72.690985" lon="-526.803014" />
  <node id="N2494" lat="66.102015" lon="-506.127986" />
  <node id="N2495" lat="66.191015" lon="-526.830986" />
  <node id="N2496" lat="69.351985" lon="-506.114014" />
  <node id="N2497" lat="69.440985" lon="-526.817014" />
  <node id="N2498" lat="-59.593852" lon="-41.925207" />
  <node id="N2499" lat="-59.737619" lon="-52.966478" />
  <node id="N2500" lat="-60.884278" lon="-92.882752" />
  <node id="N2501" lat="-56.094148" lon="-41.970793" />
  <node id="N2502" lat="-56.238381" lon="-53.039522" />
  <node id="N2503" lat="-57.385722" lon="-92.983248" />
  <node id="N2504" lat="-56.093849" lon="-41.971005" />
  <node id="N2505" lat="-56.239617" lon="-53.067398" />
  <node id="N2506" lat="-57.385280" lon="-92.982794" />
  <node id="N2507" lat="-52.594151" lon="-42.016995" />
  <node id="N2508" lat="-52.740383" lon="-53.140602" />
  <node id="N2509" lat="-53.886720" lon="-93.083206" />
  <node id="N2510" lat="412.386253" lon="-346.451354" />
  <node id="N2511" lat="411.312157" lon="-354.047459" />
  <node id="N2512" lat="407.314081" lon="-352.667586" />
  <node id="N2513" lat="407.865136" lon="-346.158970" />
  <node id="N2514" lat="415.565747" lon="-347.124646" />
  <node id="N2515" lat="412.973843" lon="-356.840541" />
  <node id="N2516" lat="404.677919" lon="-354.568414" />
  <node id="N2517" lat="404.616864" lon="-346.053030" />
  <node id="N2518" lat="409.161234" lon="-347.151744" />
  <node id="N2519" lat="410.760614" lon="-351.540548" />
  <node id="N2520" lat="410.116642" lon="-352.352553" />
  <node id="N2521" lat="411.113143" lon="-346.264754" />
  <node id="N2522" lat="412.292766" lon="-346.282256" />
  <node id="N2523" lat="413.735386" lon="-352.849452" />
  <node id="N2524" lat="408.373358" lon="-355.095447" />
  <node id="N2525" lat="407.864857" lon="-346.159246" />
  <node id="N2526" lat="-34.153098" lon="5.871891" />
  <node id="N2527" lat="-34.264098" lon="15.952891" />
  <node id="N2528" lat="-37.402902" lon="5.836109" />
  <node id="N2529" lat="-37.513902" lon="15.917109" />
  <node id="N2530" lat="-30.903099" lon="5.907893" />
  <node id="N2531" lat="-31.014099" lon="15.987893" />
  <node id="N2532" lat="-34.152901" lon="5.872107" />
  <node id="N2533" lat="-34.263901" lon="15.952107" />
  <node id="N2534" lat="442.812819" lon="-247.813648" />
  <node id="N2535" lat="434.964819" lon="-244.301648" />
  <node id="N2536" lat="441.383181" lon="-251.008352" />
  <node id="N2537" lat="433.535181" lon="-247.496352" />
  <node id="N2538" lat="441.383650" lon="-251.007572" />
  <node id="N2539" lat="433.535650" lon="-247.496572" />
  <node id="N2540" lat="439.954350" lon="-254.202428" />
  <node id="N2541" lat="432.106350" lon="-250.691428" />
  <node id="N2542" lat="434.992188" lon="-244.314698" />
  <node id="N2543" lat="390.364188" lon="-223.892698" />
  <node id="N2544" lat="433.535812" lon="-247.497302" />
  <node id="N2545" lat="388.907812" lon="-227.075302" />
  <node id="N2546" lat="433.536145" lon="-247.496678" />
  <node id="N2547" lat="388.907145" lon="-227.075678" />
  <node id="N2548" lat="432.079855" lon="-250.679322" />
  <node id="N2549" lat="387.450855" lon="-230.258322" />
  <node id="N2550" lat="390.344086" lon="-223.884114" />
  <node id="N2551" lat="345.849086" lon="-203.863114" />
  <node id="N2552" lat="388.907914" lon="-227.075886" />
  <node id="N2553" lat="344.412914" lon="-207.054886" />
  <node id="N2554" lat="388.907099" lon="-227.076120" />
  <node id="N2555" lat="344.413099" lon="-207.055120" />
  <node id="N2556" lat="387.470901" lon="-230.267880" />
  <node id="N2557" lat="342.976901" lon="-210.246880" />
  <node id="N2558" lat="-62.032335" lon="2.853757" />
  <node id="N2559" lat="-61.676335" lon="-10.055243" />
  <node id="N2560" lat="-58.533665" lon="2.950243" />
  <node id="N2561" lat="-58.177665" lon="-9.958757" />
  <node id="N2562" lat="-58.533335" lon="2.950757" />
  <node id="N2563" lat="-58.177335" lon="-9.958243" />
  <node id="N2564" lat="-55.034665" lon="3.047243" />
  <node id="N2565" lat="-54.678665" lon="-9.861757" />
  <node id="N2566" lat="-55.035331" lon="3.047622" />
  <node id="N2567" lat="-54.678331" lon="-9.861378" />
  <node id="N2568" lat="-51.536669" lon="3.144378" />
  <node id="N2569" lat="-51.179669" lon="-9.764622" />
  <node id="N2570" lat="-53.845198" lon="-37.226767" />
  <node id="N2571" lat="-75.463198" lon="-26.975767" />
  <node id="N2572" lat="-55.344802" lon="-40.389233" />
  <node id="N2573" lat="-76.962802" lon="-30.138233" />
  <node id="N2574" lat="-55.344138" lon="-40.389796" />
  <node id="N2575" lat="-76.962138" lon="-30.137796" />
  <node id="N2576" lat="-56.843862" lon="-43.552204" />
  <node id="N2577" lat="-78.461862" lon="-33.300204" />
  <node id="N2578" lat="-56.844198" lon="-43.551767" />
  <node id="N2579" lat="-78.462198" lon="-33.300767" />
  <node id="N2580" lat="-58.343802" lon="-46.714233" />
  <node id="N2581" lat="-79.961802" lon="-36.463233" />
  <node id="N2582" lat="290.190000" lon="-224.915358" />
  <node id="N2583" lat="238.238361" lon="-202.986881" />
  <node id="N2584" lat="235.255061" lon="-199.555588" />
  <node id="N2585" lat="233.391172" lon="-195.840801" />
  <node id="N2586" lat="233.294407" lon="-190.654941" />
  <node id="N2587" lat="235.099501" lon="-187.093189" />
  <node id="N2588" lat="237.103134" lon="-185.400210" />
  <node id="N2589" lat="239.117259" lon="-184.128812" />
  <node id="N2590" lat="242.642986" lon="-183.817457" />
  <node id="N2591" lat="246.800060" lon="-184.016225" />
  <node id="N2592" lat="288.924000" lon="-227.908642" />
  <node id="N2593" lat="236.337639" lon="-205.623119" />
  <node id="N2594" lat="232.554939" lon="-201.364412" />
  <node id="N2595" lat="230.232828" lon="-196.607199" />
  <node id="N2596" lat="230.125593" lon="-189.933059" />
  <node id="N2597" lat="232.536499" lon="-185.094811" />
  <node id="N2598" lat="235.188866" lon="-182.773790" />
  <node id="N2599" lat="238.084741" lon="-181.047188" />
  <node id="N2600" lat="242.559014" lon="-180.568543" />
  <node id="N2601" lat="246.951940" lon="-180.769775" />
  <node id="N2602" lat="288.923750" lon="-227.909089" />
  <node id="N2603" lat="235.790476" lon="-205.116875" />
  <node id="N2604" lat="232.330766" lon="-200.954308" />
  <node id="N2605" lat="230.161304" lon="-195.887660" />
  <node id="N2606" lat="230.407567" lon="-189.204040" />
  <node id="N2607" lat="232.971329" lon="-184.650136" />
  <node id="N2608" lat="235.474369" lon="-182.596051" />
  <node id="N2609" lat="238.743760" lon="-180.913519" />
  <node id="N2610" lat="242.789574" lon="-180.570611" />
  <node id="N2611" lat="246.951663" lon="-180.770206" />
  <node id="N2612" lat="287.640250" lon="-230.894911" />
  <node id="N2613" lat="233.851524" lon="-207.725125" />
  <node id="N2614" lat="229.559234" lon="-202.651692" />
  <node id="N2615" lat="226.964696" lon="-196.474340" />
  <node id="N2616" lat="227.278433" lon="-188.325960" />
  <node id="N2617" lat="230.472671" lon="-182.571864" />
  <node id="N2618" lat="233.689631" lon="-179.879949" />
  <node id="N2619" lat="237.844240" lon="-177.790481" />
  <node id="N2620" lat="242.718426" lon="-177.321389" />
  <node id="N2621" lat="247.104337" lon="-177.523794" />
  <node id="N2622" lat="246.079940" lon="-183.900678" />
  <node id="N2623" lat="264.064996" lon="-188.892824" />
  <node id="N2624" lat="295.706704" lon="-203.339507" />
  <node id="N2625" lat="301.465833" lon="-217.270757" />
  <node id="N2626" lat="246.950060" lon="-180.769322" />
  <node id="N2627" lat="265.183004" lon="-185.841176" />
  <node id="N2628" lat="298.041296" lon="-201.078493" />
  <node id="N2629" lat="304.460167" lon="-216.007243" />
  <node id="N2630" lat="246.950060" lon="-180.769595" />
  <node id="N2631" lat="265.438939" lon="-185.949707" />
  <node id="N2632" lat="298.688014" lon="-202.062255" />
  <node id="N2633" lat="304.459817" lon="-216.007720" />
  <node id="N2634" lat="247.827940" lon="-177.640405" />
  <node id="N2635" lat="266.595061" lon="-182.912293" />
  <node id="N2636" lat="301.047986" lon="-199.827745" />
  <node id="N2637" lat="307.454183" lon="-214.744280" />
  <node id="N2638" lat="244.776381" lon="-183.184155" />
  <node id="N2639" lat="250.295978" lon="-188.130242" />
  <node id="N2640" lat="254.222111" lon="-193.276386" />
  <node id="N2641" lat="259.828740" lon="-198.292089" />
  <node id="N2642" lat="293.901192" lon="-213.803373" />
  <node id="N2643" lat="302.867789" lon="-218.840571" />
  <node id="N2644" lat="307.631128" lon="-221.520199" />
  <node id="N2645" lat="318.973988" lon="-227.904120" />
  <node id="N2646" lat="246.947619" lon="-180.765845" />
  <node id="N2647" lat="252.684022" lon="-185.925758" />
  <node id="N2648" lat="256.609889" lon="-191.071614" />
  <node id="N2649" lat="261.607260" lon="-195.571911" />
  <node id="N2650" lat="295.370808" lon="-210.904627" />
  <node id="N2651" lat="304.460211" lon="-216.007429" />
  <node id="N2652" lat="309.224872" lon="-218.687801" />
  <node id="N2653" lat="320.568012" lon="-225.071880" />
  <node id="N2654" lat="246.948501" lon="-180.766124" />
  <node id="N2655" lat="252.878294" lon="-186.159760" />
  <node id="N2656" lat="256.402093" lon="-190.862547" />
  <node id="N2657" lat="261.156920" lon="-195.322942" />
  <node id="N2658" lat="295.493003" lon="-210.970277" />
  <node id="N2659" lat="304.460886" lon="-216.007625" />
  <node id="N2660" lat="309.225192" lon="-218.687235" />
  <node id="N2661" lat="320.567988" lon="-225.071120" />
  <node id="N2662" lat="249.137499" lon="-178.363876" />
  <node id="N2663" lat="255.283706" lon="-183.974240" />
  <node id="N2664" lat="258.825907" lon="-188.697453" />
  <node id="N2665" lat="262.969080" lon="-192.625058" />
  <node id="N2666" lat="296.962997" lon="-208.071723" />
  <node id="N2667" lat="306.053114" lon="-213.174375" />
  <node id="N2668" lat="310.818808" lon="-215.854765" />
  <node id="N2669" lat="322.162012" lon="-222.238880" />
  <node id="N2670" lat="249.605942" lon="-186.720525" />
  <node id="N2671" lat="251.584402" lon="-195.718151" />
  <node id="N2672" lat="257.185863" lon="-204.372003" />
  <node id="N2673" lat="291.190267" lon="-220.398589" />
  <node id="N2674" lat="308.951065" lon="-221.926220" />
  <node id="N2675" lat="252.782058" lon="-186.031475" />
  <node id="N2676" lat="254.587598" lon="-194.475849" />
  <node id="N2677" lat="259.328137" lon="-201.927997" />
  <node id="N2678" lat="292.031733" lon="-217.259411" />
  <node id="N2679" lat="309.224935" lon="-218.687780" />
  <node id="N2680" lat="252.781680" lon="-186.029159" />
  <node id="N2681" lat="254.342267" lon="-193.975516" />
  <node id="N2682" lat="258.535434" lon="-201.396408" />
  <node id="N2683" lat="291.458832" lon="-217.159393" />
  <node id="N2684" lat="309.225165" lon="-218.687229" />
  <node id="N2685" lat="255.972320" lon="-185.410841" />
  <node id="N2686" lat="257.395733" lon="-192.862484" />
  <node id="N2687" lat="260.760566" lon="-199.027592" />
  <node id="N2688" lat="292.309168" lon="-214.022607" />
  <node id="N2689" lat="309.498835" lon="-215.448771" />
  <node id="N2690" lat="349.879033" lon="-363.640350" />
  <node id="N2691" lat="349.912033" lon="-368.821350" />
  <node id="N2692" lat="353.128967" lon="-363.619650" />
  <node id="N2693" lat="353.161967" lon="-368.800650" />
  <node id="N2694" lat="346.629033" lon="-363.661350" />
  <node id="N2695" lat="346.662033" lon="-368.842350" />
  <node id="N2696" lat="349.878967" lon="-363.640650" />
  <node id="N2697" lat="349.911967" lon="-368.821650" />
  <node id="N2698" lat="395.742333" lon="-399.330997" />
  <node id="N2699" lat="403.056333" lon="-399.315997" />
  <node id="N2700" lat="395.735667" lon="-396.081003" />
  <node id="N2701" lat="403.049667" lon="-396.066003" />
  <node id="N2702" lat="395.749333" lon="-402.580997" />
  <node id="N2703" lat="403.063333" lon="-402.565997" />
  <node id="N2704" lat="395.742667" lon="-399.331003" />
  <node id="N2705" lat="403.056667" lon="-399.316003" />
  <node id="N2706" lat="-223.931284" lon="83.526034" />
  <node id="N2707" lat="-234.481175" lon="90.858039" />
  <node id="N2708" lat="-262.214071" lon="109.967038" />
  <node id="N2709" lat="-225.928716" lon="80.651966" />
  <node id="N2710" lat="-236.472825" lon="87.979961" />
  <node id="N2711" lat="-264.199929" lon="107.084962" />
  <node id="N2712" lat="-225.928317" lon="80.652057" />
  <node id="N2713" lat="-236.467192" lon="87.976050" />
  <node id="N2714" lat="-264.200071" lon="107.085038" />
  <node id="N2715" lat="-227.925683" lon="77.777943" />
  <node id="N2716" lat="-238.458808" lon="85.097950" />
  <node id="N2717" lat="-266.185929" lon="104.202962" />
  <node id="N2718" lat="-221.934315" lon="86.400056" />
  <node id="N2719" lat="-232.496179" lon="93.740041" />
  <node id="N2720" lat="-260.228047" lon="112.849022" />
  <node id="N2721" lat="-223.931685" lon="83.525944" />
  <node id="N2722" lat="-234.487821" lon="90.861959" />
  <node id="N2723" lat="-262.213953" lon="109.966978" />
  <node id="N2724" lat="-219.936346" lon="89.274077" />
  <node id="N2725" lat="-230.510195" lon="96.622052" />
  <node id="N2726" lat="-258.242047" lon="115.731022" />
  <node id="N2727" lat="-221.933654" lon="86.399923" />
  <node id="N2728" lat="-232.501805" lon="93.743948" />
  <node id="N2729" lat="-260.227953" lon="112.848978" />
  <node id="N2730" lat="38.358593" lon="-72.009150" />
  <node id="N2731" lat="25.000783" lon="-65.953397" />
  <node id="N2732" lat="18.353828" lon="-62.712954" />
  <node id="N2733" lat="36.913407" lon="-75.196850" />
  <node id="N2734" lat="23.511217" lon="-69.120603" />
  <node id="N2735" lat="16.820172" lon="-65.859046" />
  <node id="N2736" lat="36.913755" lon="-75.197223" />
  <node id="N2737" lat="23.466864" lon="-69.099435" />
  <node id="N2738" lat="16.819828" lon="-65.858954" />
  <node id="N2739" lat="35.468245" lon="-78.384777" />
  <node id="N2740" lat="21.977136" lon="-72.266565" />
  <node id="N2741" lat="15.286172" lon="-69.005046" />
  <node id="N2742" lat="19.066471" lon="-61.113137" />
  <node id="N2743" lat="7.933286" lon="-55.845754" />
  <node id="N2744" lat="-4.087176" lon="-50.724986" />
  <node id="N2745" lat="17.569529" lon="-64.276863" />
  <node id="N2746" lat="6.498714" lon="-59.038246" />
  <node id="N2747" lat="-5.458824" lon="-53.945014" />
  <node id="N2748" lat="17.568897" lon="-64.277339" />
  <node id="N2749" lat="6.561501" lon="-59.065851" />
  <node id="N2750" lat="-5.459176" lon="-53.944986" />
  <node id="N2751" lat="16.071103" lon="-67.440661" />
  <node id="N2752" lat="5.126499" lon="-62.258149" />
  <node id="N2753" lat="-6.830824" lon="-57.165014" />
  <node id="N2754" lat="16.072214" lon="-67.440488" />
  <node id="N2755" lat="5.190636" lon="-62.285912" />
  <node id="N2756" lat="-6.831225" lon="-57.164965" />
  <node id="N2757" lat="14.573786" lon="-70.603512" />
  <node id="N2758" lat="3.755364" lon="-65.478088" />
  <node id="N2759" lat="-8.202775" lon="-60.385035" />
  <node id="N2760" lat="-43.092072" lon="101.422859" />
  <node id="N2761" lat="-42.569072" lon="90.696859" />
  <node id="N2762" lat="-39.845928" lon="101.581141" />
  <node id="N2763" lat="-39.322928" lon="90.855141" />
  <node id="N2764" lat="-46.338072" lon="101.264866" />
  <node id="N2765" lat="-45.815072" lon="90.537866" />
  <node id="N2766" lat="-43.091928" lon="101.423134" />
  <node id="N2767" lat="-42.568928" lon="90.696134" />
  <node id="N2768" lat="190.168009" lon="425.104846" />
  <node id="N2769" lat="113.010943" lon="449.192554" />
  <node id="N2770" lat="106.284525" lon="451.302112" />
  <node id="N2771" lat="92.151170" lon="455.813954" />
  <node id="N2772" lat="189.273991" lon="422.241154" />
  <node id="N2773" lat="112.115057" lon="446.329446" />
  <node id="N2774" lat="105.379475" lon="448.441888" />
  <node id="N2775" lat="91.238830" lon="452.956046" />
  <node id="N2776" lat="191.062030" lon="427.967839" />
  <node id="N2777" lat="113.908925" lon="452.055560" />
  <node id="N2778" lat="107.197482" lon="454.160126" />
  <node id="N2779" lat="93.063140" lon="458.671963" />
  <node id="N2780" lat="190.167970" lon="425.104161" />
  <node id="N2781" lat="113.013075" lon="449.192440" />
  <node id="N2782" lat="106.292518" lon="451.299874" />
  <node id="N2783" lat="92.150860" lon="455.814037" />
  <node id="N2784" lat="88.833258" lon="444.063590" />
  <node id="N2785" lat="87.855224" lon="438.018661" />
  <node id="N2786" lat="85.093303" lon="418.831715" />
  <node id="N2787" lat="91.794742" lon="443.584410" />
  <node id="N2788" lat="90.820776" lon="437.565339" />
  <node id="N2789" lat="88.062697" lon="418.404285" />
  <node id="N2790" lat="85.872248" lon="444.542530" />
  <node id="N2791" lat="84.886225" lon="438.446669" />
  <node id="N2792" lat="82.123314" lon="419.259791" />
  <node id="N2793" lat="88.833752" lon="444.063470" />
  <node id="N2794" lat="87.851775" lon="437.993331" />
  <node id="N2795" lat="85.092686" lon="418.832209" />
  <node id="N2796" lat="92.150409" lon="455.814488" />
  <node id="N2797" lat="88.833409" lon="444.063488" />
  <node id="N2798" lat="95.037591" lon="454.999512" />
  <node id="N2799" lat="91.720591" lon="443.248512" />
  <node id="N2800" lat="89.263409" lon="456.629488" />
  <node id="N2801" lat="85.946409" lon="444.878488" />
  <node id="N2802" lat="92.150591" lon="455.814512" />
  <node id="N2803" lat="88.833591" lon="444.063512" />
  <node id="N2804" lat="99.762591" lon="463.419238" />
  <node id="N2805" lat="108.845591" lon="479.527238" />
  <node id="N2806" lat="97.149409" lon="464.892762" />
  <node id="N2807" lat="106.232409" lon="481.000762" />
  <node id="N2808" lat="97.148576" lon="464.892211" />
  <node id="N2809" lat="106.232576" lon="481.001211" />
  <node id="N2810" lat="94.535424" lon="466.365789" />
  <node id="N2811" lat="103.619424" lon="482.474789" />
  <node id="N2812" lat="-177.759971" lon="-509.453417" />
  <node id="N2813" lat="-170.361283" lon="-510.694759" />
  <node id="N2814" lat="-165.665647" lon="-510.729565" />
  <node id="N2815" lat="-162.593604" lon="-510.077518" />
  <node id="N2816" lat="-177.220029" lon="-506.248583" />
  <node id="N2817" lat="-170.076717" lon="-507.457241" />
  <node id="N2818" lat="-165.996353" lon="-507.496435" />
  <node id="N2819" lat="-163.278396" lon="-506.900482" />
  <node id="N2820" lat="-178.281879" lon="-512.660922" />
  <node id="N2821" lat="-170.344117" lon="-513.946176" />
  <node id="N2822" lat="-164.968043" lon="-513.905226" />
  <node id="N2823" lat="-161.909491" lon="-513.254494" />
  <node id="N2824" lat="-177.760121" lon="-509.453078" />
  <node id="N2825" lat="-170.093883" lon="-510.705824" />
  <node id="N2826" lat="-165.323957" lon="-510.674774" />
  <node id="N2827" lat="-162.594509" lon="-510.077506" />
  <node id="N2828" lat="-186.873321" lon="-493.902828" />
  <node id="N2829" lat="-198.261321" lon="-496.537828" />
  <node id="N2830" lat="-186.140679" lon="-497.069172" />
  <node id="N2831" lat="-197.528679" lon="-499.704172" />
  <node id="N2832" lat="-187.605453" lon="-490.735858" />
  <node id="N2833" lat="-198.993453" lon="-493.371858" />
  <node id="N2834" lat="-186.872547" lon="-493.902142" />
  <node id="N2835" lat="-198.260547" lon="-496.538142" />
  <node id="N2836" lat="384.945002" lon="-406.910548" />
  <node id="N2837" lat="384.956002" lon="-413.924548" />
  <node id="N2838" lat="388.194998" lon="-406.905452" />
  <node id="N2839" lat="388.205998" lon="-413.919452" />
  <node id="N2840" lat="381.695002" lon="-406.915548" />
  <node id="N2841" lat="381.706002" lon="-413.930548" />
  <node id="N2842" lat="384.944998" lon="-406.910452" />
  <node id="N2843" lat="384.955998" lon="-413.925452" />
  <node id="N2844" lat="367.522997" lon="-470.259802" />
  <node id="N2845" lat="367.511997" lon="-464.669802" />
  <node id="N2846" lat="364.273003" lon="-470.266198" />
  <node id="N2847" lat="364.262003" lon="-464.676198" />
  <node id="N2848" lat="370.772997" lon="-470.252802" />
  <node id="N2849" lat="370.761997" lon="-464.663802" />
  <node id="N2850" lat="367.523003" lon="-470.259198" />
  <node id="N2851" lat="367.512003" lon="-464.670198" />
  <node id="N2852" lat="345.836561" lon="-203.857194" />
  <node id="N2853" lat="204.214561" lon="-140.827194" />
  <node id="N2854" lat="344.413439" lon="-207.054806" />
  <node id="N2855" lat="202.791439" lon="-144.024806" />
  <node id="N2856" lat="344.412566" lon="-207.055196" />
  <node id="N2857" lat="202.791566" lon="-144.025196" />
  <node id="N2858" lat="342.989434" lon="-210.252804" />
  <node id="N2859" lat="201.368434" lon="-147.222804" />
  <node id="N2860" lat="220.127199" lon="-143.392479" />
  <node id="N2861" lat="270.187199" lon="-166.285479" />
  <node id="N2862" lat="221.582801" lon="-140.209521" />
  <node id="N2863" lat="271.642801" lon="-163.102521" />
  <node id="N2864" lat="221.582211" lon="-140.209484" />
  <node id="N2865" lat="271.643211" lon="-163.102484" />
  <node id="N2866" lat="223.037789" lon="-137.026516" />
  <node id="N2867" lat="273.098789" lon="-159.919516" />
  <node id="N2868" lat="-236.470381" lon="61.737291" />
  <node id="N2869" lat="-235.760004" lon="54.213724" />
  <node id="N2870" lat="-229.505548" lon="45.759855" />
  <node id="N2871" lat="-159.156048" lon="-1.542729" />
  <node id="N2872" lat="-127.877765" lon="-22.574694" />
  <node id="N2873" lat="-122.997597" lon="-28.238167" />
  <node id="N2874" lat="-233.481619" lon="61.996709" />
  <node id="N2875" lat="-232.955996" lon="55.280276" />
  <node id="N2876" lat="-227.436452" lon="47.932145" />
  <node id="N2877" lat="-157.481952" lon="0.946729" />
  <node id="N2878" lat="-125.888235" lon="-20.329306" />
  <node id="N2879" lat="-120.728403" lon="-26.275833" />
  <node id="N2880" lat="-239.441398" lon="61.312211" />
  <node id="N2881" lat="-238.131830" lon="52.352811" />
  <node id="N2882" lat="-231.170965" lon="43.261744" />
  <node id="N2883" lat="-160.825281" lon="-4.035916" />
  <node id="N2884" lat="-130.146115" lon="-24.538154" />
  <node id="N2885" lat="-125.266500" lon="-30.200279" />
  <node id="N2886" lat="-236.470602" lon="61.729789" />
  <node id="N2887" lat="-235.366170" lon="53.515189" />
  <node id="N2888" lat="-229.119035" lon="45.450256" />
  <node id="N2889" lat="-159.154719" lon="-1.544084" />
  <node id="N2890" lat="-128.159885" lon="-22.289846" />
  <node id="N2891" lat="-122.997500" lon="-28.237721" />
  <node id="N2892" lat="-123.004593" lon="-28.222812" />
  <node id="N2893" lat="-120.096850" lon="-34.891256" />
  <node id="N2894" lat="-118.119827" lon="-58.752518" />
  <node id="N2895" lat="-113.969364" lon="-147.692033" />
  <node id="N2896" lat="-112.525906" lon="-178.516746" />
  <node id="N2897" lat="-105.342353" lon="-249.390273" />
  <node id="N2898" lat="-120.251407" lon="-27.031188" />
  <node id="N2899" lat="-117.187150" lon="-34.160744" />
  <node id="N2900" lat="-115.126173" lon="-58.557482" />
  <node id="N2901" lat="-110.972636" lon="-147.551967" />
  <node id="N2902" lat="-109.534094" lon="-178.295254" />
  <node id="N2903" lat="-102.357647" lon="-249.087727" />
  <node id="N2904" lat="-125.728939" lon="-29.477587" />
  <node id="N2905" lat="-123.081364" lon="-35.159679" />
  <node id="N2906" lat="-121.116824" lon="-58.892558" />
  <node id="N2907" lat="-116.966359" lon="-147.832138" />
  <node id="N2908" lat="-115.510898" lon="-178.819863" />
  <node id="N2909" lat="-108.326350" lon="-249.692296" />
  <node id="N2910" lat="-123.005061" lon="-28.220413" />
  <node id="N2911" lat="-120.180636" lon="-34.394321" />
  <node id="N2912" lat="-118.123176" lon="-58.697442" />
  <node id="N2913" lat="-113.969641" lon="-147.691862" />
  <node id="N2914" lat="-112.519102" lon="-178.598137" />
  <node id="N2915" lat="-105.341650" lon="-249.389704" />
  <node id="N2916" lat="-561.899255" lon="20.139322" />
  <node id="N2917" lat="-573.520255" lon="19.471322" />
  <node id="N2918" lat="-561.712745" lon="16.894678" />
  <node id="N2919" lat="-573.333745" lon="16.226678" />
  <node id="N2920" lat="-562.085247" lon="23.383322" />
  <node id="N2921" lat="-573.707247" lon="22.715322" />
  <node id="N2922" lat="-561.898753" lon="20.138678" />
  <node id="N2923" lat="-573.520753" lon="19.470678" />
  <node id="N2924" lat="-63.088099" lon="-217.275859" />
  <node id="N2925" lat="-63.300299" lon="-223.887480" />
  <node id="N2926" lat="-63.533474" lon="-233.396101" />
  <node id="N2927" lat="-59.589901" lon="-217.388141" />
  <node id="N2928" lat="-59.801701" lon="-223.986520" />
  <node id="N2929" lat="-60.034526" lon="-233.481899" />
  <node id="N2930" lat="-59.589092" lon="-217.388629" />
  <node id="N2931" lat="-59.801296" lon="-223.973365" />
  <node id="N2932" lat="-60.034474" lon="-233.482101" />
  <node id="N2933" lat="-56.090908" lon="-217.501371" />
  <node id="N2934" lat="-56.302704" lon="-224.072635" />
  <node id="N2935" lat="-56.535526" lon="-233.567899" />
  <node id="N2936" lat="-63.533502" lon="-233.398263" />
  <node id="N2937" lat="-64.561841" lon="-276.606724" />
  <node id="N2938" lat="-67.980288" lon="-302.784560" />
  <node id="N2939" lat="-60.034498" lon="-233.481737" />
  <node id="N2940" lat="-61.072159" lon="-276.875276" />
  <node id="N2941" lat="-64.509712" lon="-303.237440" />
  <node id="N2942" lat="-60.034484" lon="-233.481494" />
  <node id="N2943" lat="-61.090809" lon="-277.058312" />
  <node id="N2944" lat="-64.510281" lon="-303.237504" />
  <node id="N2945" lat="-56.535516" lon="-233.566506" />
  <node id="N2946" lat="-57.601191" lon="-277.327688" />
  <node id="N2947" lat="-61.039719" lon="-303.690496" />
  <node id="N2948" lat="-513.808767" lon="273.410946" />
  <node id="N2949" lat="-523.326767" lon="279.913946" />
  <node id="N2950" lat="-515.783233" lon="270.521054" />
  <node id="N2951" lat="-525.301233" lon="277.024054" />
  <node id="N2952" lat="-511.833767" lon="276.300946" />
  <node id="N2953" lat="-521.351767" lon="282.803946" />
  <node id="N2954" lat="-513.808233" lon="273.411054" />
  <node id="N2955" lat="-523.326233" lon="279.914054" />
  <way id="W0">
    <nd ref="N0" />
    <nd ref="N1" />
    <tag k="type" v="line_thin" />
  </way>
  <way id="W1">
    <nd ref="N2" />
    <nd ref="N3" />
    <tag k="type" v="line_thin" />
  </way>
  <way id="W2">
    <nd ref="N4" />
    <nd ref="N5" />
    <tag k="type" v="line_thin" />
  </way>
  <way id="W3">
    <nd ref="N6" />
    <nd ref="N7" />
    <tag k="type" v="line_thin" />
  </way>
  <way id="W4">
    <nd ref="N8" />
    <nd ref="N9" />
    <tag k="type" v="line_thin" />
  </way>
  <way id="W5">
    <nd ref="N10" />
    <nd ref="N11" />
    <tag k="type" v="line_thin" />
  </way>
  <way id="W6">
    <nd ref="N12" />
    <nd ref="N13" />
    <nd ref="N14" />
    <tag k="type" v="line_thin" />
  </way>
  <way id="W7">
    <nd ref="N15" />
    <nd ref="N16" />
    <nd ref="N17" />
    <tag k="type" v="line_thin" />
  </way>
  <way id="W8">
    <nd ref="N18" />
    <nd ref="N19" />
    <nd ref="N20" />
    <tag k="type" v="line_thin" />
  </way>
  <way id="W9">
    <nd ref="N21" />
    <nd ref="N22" />
    <nd ref="N23" />
    <tag k="type" v="line_thin" />
  </way>
  <way id="W10">
    <nd ref="N24" />
    <nd ref="N25" />
    <nd ref="N26" />
    <tag k="type" v="line_thin" />
  </way>
  <way id="W11">
    <nd ref="N27" />
    <nd ref="N28" />
    <nd ref="N29" />
    <tag k="type" v="line_thin" />
  </way>
  <way id="W12">
    <nd ref="N30" />
    <nd ref="N31" />
    <nd ref="N32" />
    <tag k="type" v="line_thin" />
  </way>
  <way id="W13">
    <nd ref="N33" />
    <nd ref="N34" />
    <nd ref="N35" />
    <tag k="type" v="line_thin" />
  </way>
  <way id="W14">
    <nd ref="N36" />
    <nd ref="N37" />
    <tag k="type" v="line_thin" />
  </way>
  <way id="W15">
    <nd ref="N38" />
    <nd ref="N39" />
    <tag k="type" v="line_thin" />
  </way>
  <way id="W16">
    <nd ref="N40" />
    <nd ref="N41" />
    <tag k="type" v="line_thin" />
  </way>
  <way id="W17">
    <nd ref="N42" />
    <nd ref="N43" />
    <tag k="type" v="line_thin" />
  </way>
  <way id="W18">
    <nd ref="N44" />
    <nd ref="N45" />
    <tag k="type" v="line_thin" />
  </way>
  <way id="W19">
    <nd ref="N46" />
    <nd ref="N47" />
    <tag k="type" v="line_thin" />
  </way>
  <way id="W20">
    <nd ref="N48" />
    <nd ref="N49" />
    <tag k="type" v="line_thin" />
  </way>
  <way id="W21">
    <nd ref="N50" />
    <nd ref="N51" />
    <tag k="type" v="line_thin" />
  </way>
  <way id="W22">
    <nd ref="N52" />
    <nd ref="N53" />
    <nd ref="N54" />
    <nd ref="N55" />
    <nd ref="N56" />
    <tag k="type" v="line_thin" />
  </way>
  <way id="W23">
    <nd ref="N57" />
    <nd ref="N58" />
    <nd ref="N59" />
    <nd ref="N60" />
    <nd ref="N61" />
    <tag k="type" v="line_thin" />
  </way>
  <way id="W24">
    <nd ref="N62" />
    <nd ref="N63" />
    <nd ref="N64" />
    <nd ref="N65" />
    <nd ref="N66" />
    <tag k="type" v="line_thin" />
  </way>
  <way id="W25">
    <nd ref="N67" />
    <nd ref="N68" />
    <nd ref="N69" />
    <nd ref="N70" />
    <nd ref="N71" />
    <tag k="type" v="line_thin" />
  </way>
  <way id="W26">
    <nd ref="N72" />
    <nd ref="N73" />
    <nd ref="N74" />
    <nd ref="N75" />
    <tag k="type" v="line_thin" />
  </way>
  <way id="W27">
    <nd ref="N76" />
    <nd ref="N77" />
    <nd ref="N78" />
    <nd ref="N79" />
    <tag k="type" v="line_thin" />
  </way>
  <way id="W28">
    <nd ref="N80" />
    <nd ref="N81" />
    <nd ref="N82" />
    <nd ref="N83" />
    <tag k="type" v="line_thin" />
  </way>
  <way id="W29">
    <nd ref="N84" />
    <nd ref="N85" />
    <nd ref="N86" />
    <nd ref="N87" />
    <tag k="type" v="line_thin" />
  </way>
  <way id="W30">
    <nd ref="N88" />
    <nd ref="N89" />
    <nd ref="N90" />
    <tag k="type" v="line_thin" />
  </way>
  <way id="W31">
    <nd ref="N91" />
    <nd ref="N92" />
    <nd ref="N93" />
    <tag k="type" v="line_thin" />
  </way>
  <way id="W32">
    <nd ref="N94" />
    <nd ref="N95" />
    <nd ref="N96" />
    <tag k="type" v="line_thin" />
  </way>
  <way id="W33">
    <nd ref="N97" />
    <nd ref="N98" />
    <nd ref="N99" />
    <tag k="type" v="line_thin" />
  </way>
  <way id="W34">
    <nd ref="N100" />
    <nd ref="N101" />
    <tag k="type" v="line_thin" />
  </way>
  <way id="W35">
    <nd ref="N102" />
    <nd ref="N103" />
    <tag k="type" v="line_thin" />
  </way>
  <way id="W36">
    <nd ref="N104" />
    <nd ref="N105" />
    <tag k="type" v="line_thin" />
  </way>
  <way id="W37">
    <nd ref="N106" />
    <nd ref="N107" />
    <tag k="type" v="line_thin" />
  </way>
  <way id="W38">
    <nd ref="N108" />
    <nd ref="N109" />
    <tag k="type" v="line_thin" />
  </way>
  <way id="W39">
    <nd ref="N110" />
    <nd ref="N111" />
    <tag k="type" v="line_thin" />
  </way>
  <way id="W40">
    <nd ref="N112" />
    <nd ref="N113" />
    <tag k="type" v="line_thin" />
  </way>
  <way id="W41">
    <nd ref="N114" />
    <nd ref="N115" />
    <tag k="type" v="line_thin" />
  </way>
  <way id="W42">
    <nd ref="N116" />
    <nd ref="N117" />
    <nd ref="N118" />
    <nd ref="N119" />
    <nd ref="N120" />
    <nd ref="N121" />
    <nd ref="N122" />
    <tag k="type" v="line_thin" />
  </way>
  <way id="W43">
    <nd ref="N123" />
    <nd ref="N124" />
    <nd ref="N125" />
    <nd ref="N126" />
    <nd ref="N127" />
    <nd ref="N128" />
    <nd ref="N129" />
    <tag k="type" v="line_thin" />
  </way>
  <way id="W44">
    <nd ref="N130" />
    <nd ref="N131" />
    <nd ref="N132" />
    <nd ref="N133" />
    <nd ref="N134" />
    <nd ref="N135" />
    <nd ref="N136" />
    <tag k="type" v="line_thin" />
  </way>
  <way id="W45">
    <nd ref="N137" />
    <nd ref="N138" />
    <nd ref="N139" />
    <nd ref="N140" />
    <nd ref="N141" />
    <nd ref="N142" />
    <nd ref="N143" />
    <tag k="type" v="line_thin" />
  </way>
  <way id="W46">
    <nd ref="N144" />
    <nd ref="N145" />
    <tag k="type" v="line_thin" />
  </way>
  <way id="W47">
    <nd ref="N146" />
    <nd ref="N147" />
    <tag k="type" v="line_thin" />
  </way>
  <way id="W48">
    <nd ref="N148" />
    <nd ref="N149" />
    <tag k="type" v="line_thin" />
  </way>
  <way id="W49">
    <nd ref="N150" />
    <nd ref="N151" />
    <tag k="type" v="line_thin" />
  </way>
  <way id="W50">
    <nd ref="N152" />
    <nd ref="N153" />
    <nd ref="N154" />
    <tag k="type" v="line_thin" />
  </way>
  <way id="W51">
    <nd ref="N155" />
    <nd ref="N156" />
    <nd ref="N157" />
    <tag k="type" v="line_thin" />
  </way>
  <way id="W52">
    <nd ref="N158" />
    <nd ref="N159" />
    <nd ref="N160" />
    <tag k="type" v="line_thin" />
  </way>
  <way id="W53">
    <nd ref="N161" />
    <nd ref="N162" />
    <nd ref="N163" />
    <tag k="type" v="line_thin" />
  </way>
  <way id="W54">
    <nd ref="N164" />
    <nd ref="N165" />
    <nd ref="N166" />
    <tag k="type" v="line_thin" />
  </way>
  <way id="W55">
    <nd ref="N167" />
    <nd ref="N168" />
    <nd ref="N169" />
    <tag k="type" v="line_thin" />
  </way>
  <way id="W56">
    <nd ref="N170" />
    <nd ref="N171" />
    <nd ref="N172" />
    <tag k="type" v="line_thin" />
  </way>
  <way id="W57">
    <nd ref="N173" />
    <nd ref="N174" />
    <nd ref="N175" />
    <tag k="type" v="line_thin" />
  </way>
  <way id="W58">
    <nd ref="N176" />
    <nd ref="N177" />
    <tag k="type" v="line_thin" />
  </way>
  <way id="W59">
    <nd ref="N178" />
    <nd ref="N179" />
    <tag k="type" v="line_thin" />
  </way>
  <way id="W60">
    <nd ref="N180" />
    <nd ref="N181" />
    <tag k="type" v="line_thin" />
  </way>
  <way id="W61">
    <nd ref="N182" />
    <nd ref="N183" />
    <tag k="type" v="line_thin" />
  </way>
  <way id="W62">
    <nd ref="N184" />
    <nd ref="N185" />
    <nd ref="N186" />
    <nd ref="N187" />
    <nd ref="N188" />
    <nd ref="N189" />
    <tag k="type" v="line_thin" />
  </way>
  <way id="W63">
    <nd ref="N190" />
    <nd ref="N191" />
    <nd ref="N192" />
    <nd ref="N193" />
    <nd ref="N194" />
    <nd ref="N195" />
    <tag k="type" v="line_thin" />
  </way>
  <way id="W64">
    <nd ref="N196" />
    <nd ref="N197" />
    <nd ref="N198" />
    <tag k="type" v="line_thin" />
  </way>
  <way id="W65">
    <nd ref="N199" />
    <nd ref="N200" />
    <nd ref="N201" />
    <tag k="type" v="line_thin" />
  </way>
  <way id="W66">
    <nd ref="N202" />
    <nd ref="N203" />
    <nd ref="N204" />
    <tag k="type" v="line_thin" />
  </way>
  <way id="W67">
    <nd ref="N205" />
    <nd ref="N206" />
    <nd ref="N207" />
    <tag k="type" v="line_thin" />
  </way>
  <way id="W68">
    <nd ref="N208" />
    <nd ref="N209" />
    <nd ref="N210" />
    <tag k="type" v="line_thin" />
  </way>
  <way id="W69">
    <nd ref="N211" />
    <nd ref="N212" />
    <nd ref="N213" />
    <tag k="type" v="line_thin" />
  </way>
  <way id="W70">
    <nd ref="N214" />
    <nd ref="N215" />
    <nd ref="N216" />
    <tag k="type" v="line_thin" />
  </way>
  <way id="W71">
    <nd ref="N217" />
    <nd ref="N218" />
    <nd ref="N219" />
    <tag k="type" v="line_thin" />
  </way>
  <way id="W72">
    <nd ref="N220" />
    <nd ref="N221" />
    <nd ref="N222" />
    <nd ref="N223" />
    <nd ref="N224" />
    <nd ref="N225" />
    <nd ref="N226" />
    <nd ref="N227" />
    <nd ref="N228" />
    <nd ref="N229" />
    <nd ref="N230" />
    <nd ref="N231" />
    <nd ref="N232" />
    <nd ref="N233" />
    <nd ref="N234" />
    <nd ref="N235" />
    <nd ref="N236" />
    <nd ref="N237" />
    <nd ref="N238" />
    <tag k="type" v="line_thin" />
  </way>
  <way id="W73">
    <nd ref="N239" />
    <nd ref="N240" />
    <nd ref="N241" />
    <nd ref="N242" />
    <nd ref="N243" />
    <nd ref="N244" />
    <nd ref="N245" />
    <nd ref="N246" />
    <nd ref="N247" />
    <nd ref="N248" />
    <nd ref="N249" />
    <nd ref="N250" />
    <nd ref="N251" />
    <nd ref="N252" />
    <nd ref="N253" />
    <nd ref="N254" />
    <nd ref="N255" />
    <nd ref="N256" />
    <nd ref="N257" />
    <tag k="type" v="line_thin" />
  </way>
  <way id="W74">
    <nd ref="N258" />
    <nd ref="N259" />
    <nd ref="N260" />
    <nd ref="N261" />
    <nd ref="N262" />
    <nd ref="N263" />
    <nd ref="N264" />
    <nd ref="N265" />
    <nd ref="N266" />
    <nd ref="N267" />
    <nd ref="N268" />
    <nd ref="N269" />
    <nd ref="N270" />
    <nd ref="N271" />
    <nd ref="N272" />
    <nd ref="N273" />
    <nd ref="N274" />
    <nd ref="N275" />
    <nd ref="N276" />
    <tag k="type" v="line_thin" />
  </way>
  <way id="W75">
    <nd ref="N277" />
    <nd ref="N278" />
    <nd ref="N279" />
    <nd ref="N280" />
    <nd ref="N281" />
    <nd ref="N282" />
    <nd ref="N283" />
    <nd ref="N284" />
    <nd ref="N285" />
    <nd ref="N286" />
    <nd ref="N287" />
    <nd ref="N288" />
    <nd ref="N289" />
    <nd ref="N290" />
    <nd ref="N291" />
    <nd ref="N292" />
    <nd ref="N293" />
    <nd ref="N294" />
    <nd ref="N295" />
    <tag k="type" v="line_thin" />
  </way>
  <way id="W76">
    <nd ref="N296" />
    <nd ref="N297" />
    <nd ref="N298" />
    <nd ref="N299" />
    <nd ref="N300" />
    <nd ref="N301" />
    <nd ref="N302" />
    <nd ref="N303" />
    <tag k="type" v="line_thin" />
  </way>
  <way id="W77">
    <nd ref="N304" />
    <nd ref="N305" />
    <nd ref="N306" />
    <nd ref="N307" />
    <nd ref="N308" />
    <nd ref="N309" />
    <nd ref="N310" />
    <nd ref="N311" />
    <tag k="type" v="line_thin" />
  </way>
  <way id="W78">
    <nd ref="N312" />
    <nd ref="N313" />
    <nd ref="N314" />
    <nd ref="N315" />
    <nd ref="N316" />
    <nd ref="N317" />
    <nd ref="N318" />
    <nd ref="N319" />
    <tag k="type" v="line_thin" />
  </way>
  <way id="W79">
    <nd ref="N320" />
    <nd ref="N321" />
    <nd ref="N322" />
    <nd ref="N323" />
    <nd ref="N324" />
    <nd ref="N325" />
    <nd ref="N326" />
    <nd ref="N327" />
    <tag k="type" v="line_thin" />
  </way>
  <way id="W80">
    <nd ref="N328" />
    <nd ref="N329" />
    <tag k="type" v="line_thin" />
  </way>
  <way id="W81">
    <nd ref="N330" />
    <nd ref="N331" />
    <tag k="type" v="line_thin" />
  </way>
  <way id="W82">
    <nd ref="N332" />
    <nd ref="N333" />
    <tag k="type" v="line_thin" />
  </way>
  <way id="W83">
    <nd ref="N334" />
    <nd ref="N335" />
    <tag k="type" v="line_thin" />
  </way>
  <way id="W84">
    <nd ref="N336" />
    <nd ref="N337" />
    <nd ref="N338" />
    <nd ref="N339" />
    <tag k="type" v="line_thin" />
  </way>
  <way id="W85">
    <nd ref="N340" />
    <nd ref="N341" />
    <nd ref="N342" />
    <nd ref="N343" />
    <tag k="type" v="line_thin" />
  </way>
  <way id="W86">
    <nd ref="N344" />
    <nd ref="N345" />
    <nd ref="N346" />
    <nd ref="N347" />
    <tag k="type" v="line_thin" />
  </way>
  <way id="W87">
    <nd ref="N348" />
    <nd ref="N349" />
    <nd ref="N350" />
    <nd ref="N351" />
    <tag k="type" v="line_thin" />
  </way>
  <way id="W88">
    <nd ref="N352" />
    <nd ref="N353" />
    <nd ref="N354" />
    <nd ref="N355" />
    <tag k="type" v="line_thin" />
  </way>
  <way id="W89">
    <nd ref="N356" />
    <nd ref="N357" />
    <nd ref="N358" />
    <nd ref="N359" />
    <tag k="type" v="line_thin" />
  </way>
  <way id="W90">
    <nd ref="N360" />
    <nd ref="N361" />
    <nd ref="N362" />
    <nd ref="N363" />
    <tag k="type" v="line_thin" />
  </way>
  <way id="W91">
    <nd ref="N364" />
    <nd ref="N365" />
    <nd ref="N366" />
    <nd ref="N367" />
    <tag k="type" v="line_thin" />
  </way>
  <way id="W92">
    <nd ref="N368" />
    <nd ref="N369" />
    <nd ref="N370" />
    <nd ref="N371" />
    <tag k="type" v="line_thin" />
  </way>
  <way id="W93">
    <nd ref="N372" />
    <nd ref="N373" />
    <nd ref="N374" />
    <nd ref="N375" />
    <tag k="type" v="line_thin" />
  </way>
  <way id="W94">
    <nd ref="N376" />
    <nd ref="N377" />
    <nd ref="N378" />
    <tag k="type" v="line_thin" />
  </way>
  <way id="W95">
    <nd ref="N379" />
    <nd ref="N380" />
    <nd ref="N381" />
    <tag k="type" v="line_thin" />
  </way>
  <way id="W96">
    <nd ref="N382" />
    <nd ref="N383" />
    <nd ref="N384" />
    <tag k="type" v="line_thin" />
  </way>
  <way id="W97">
    <nd ref="N385" />
    <nd ref="N386" />
    <nd ref="N387" />
    <tag k="type" v="line_thin" />
  </way>
  <way id="W98">
    <nd ref="N388" />
    <nd ref="N389" />
    <nd ref="N390" />
    <nd ref="N391" />
    <nd ref="N392" />
    <tag k="type" v="line_thin" />
  </way>
  <way id="W99">
    <nd ref="N393" />
    <nd ref="N394" />
    <nd ref="N395" />
    <nd ref="N396" />
    <nd ref="N397" />
    <tag k="type" v="line_thin" />
  </way>
  <way id="W100">
    <nd ref="N398" />
    <nd ref="N399" />
    <nd ref="N400" />
    <nd ref="N401" />
    <nd ref="N402" />
    <tag k="type" v="line_thin" />
  </way>
  <way id="W101">
    <nd ref="N403" />
    <nd ref="N404" />
    <nd ref="N405" />
    <nd ref="N406" />
    <nd ref="N407" />
    <tag k="type" v="line_thin" />
  </way>
  <way id="W102">
    <nd ref="N408" />
    <nd ref="N409" />
    <tag k="type" v="line_thin" />
  </way>
  <way id="W103">
    <nd ref="N410" />
    <nd ref="N411" />
    <tag k="type" v="line_thin" />
  </way>
  <way id="W104">
    <nd ref="N412" />
    <nd ref="N413" />
    <tag k="type" v="line_thin" />
  </way>
  <way id="W105">
    <nd ref="N414" />
    <nd ref="N415" />
    <tag k="type" v="line_thin" />
  </way>
  <way id="W106">
    <nd ref="N416" />
    <nd ref="N417" />
    <nd ref="N418" />
    <nd ref="N419" />
    <nd ref="N420" />
    <nd ref="N421" />
    <nd ref="N422" />
    <tag k="type" v="line_thin" />
  </way>
  <way id="W107">
    <nd ref="N423" />
    <nd ref="N424" />
    <nd ref="N425" />
    <nd ref="N426" />
    <nd ref="N427" />
    <nd ref="N428" />
    <nd ref="N429" />
    <tag k="type" v="line_thin" />
  </way>
  <way id="W108">
    <nd ref="N430" />
    <nd ref="N431" />
    <nd ref="N432" />
    <nd ref="N433" />
    <nd ref="N434" />
    <nd ref="N435" />
    <nd ref="N436" />
    <tag k="type" v="line_thin" />
  </way>
  <way id="W109">
    <nd ref="N437" />
    <nd ref="N438" />
    <nd ref="N439" />
    <nd ref="N440" />
    <nd ref="N441" />
    <nd ref="N442" />
    <nd ref="N443" />
    <tag k="type" v="line_thin" />
  </way>
  <way id="W110">
    <nd ref="N444" />
    <nd ref="N445" />
    <nd ref="N446" />
    <nd ref="N447" />
    <tag k="type" v="line_thin" />
  </way>
  <way id="W111">
    <nd ref="N448" />
    <nd ref="N449" />
    <nd ref="N450" />
    <nd ref="N451" />
    <tag k="type" v="line_thin" />
  </way>
  <way id="W112">
    <nd ref="N452" />
    <nd ref="N453" />
    <nd ref="N454" />
    <nd ref="N455" />
    <tag k="type" v="line_thin" />
  </way>
  <way id="W113">
    <nd ref="N456" />
    <nd ref="N457" />
    <nd ref="N458" />
    <nd ref="N459" />
    <tag k="type" v="line_thin" />
  </way>
  <way id="W114">
    <nd ref="N460" />
    <nd ref="N461" />
    <nd ref="N462" />
    <nd ref="N463" />
    <nd ref="N464" />
    <nd ref="N465" />
    <tag k="type" v="line_thin" />
  </way>
  <way id="W115">
    <nd ref="N466" />
    <nd ref="N467" />
    <nd ref="N468" />
    <nd ref="N469" />
    <nd ref="N470" />
    <nd ref="N471" />
    <tag k="type" v="line_thin" />
  </way>
  <way id="W116">
    <nd ref="N472" />
    <nd ref="N473" />
    <nd ref="N474" />
    <nd ref="N475" />
    <nd ref="N476" />
    <nd ref="N477" />
    <tag k="type" v="line_thin" />
  </way>
  <way id="W117">
    <nd ref="N478" />
    <nd ref="N479" />
    <nd ref="N480" />
    <nd ref="N481" />
    <nd ref="N482" />
    <nd ref="N483" />
    <tag k="type" v="line_thin" />
  </way>
  <way id="W118">
    <nd ref="N484" />
    <nd ref="N485" />
    <nd ref="N486" />
    <tag k="type" v="line_thin" />
  </way>
  <way id="W119">
    <nd ref="N487" />
    <nd ref="N488" />
    <nd ref="N489" />
    <tag k="type" v="line_thin" />
  </way>
  <way id="W120">
    <nd ref="N490" />
    <nd ref="N491" />
    <nd ref="N492" />
    <tag k="type" v="line_thin" />
  </way>
  <way id="W121">
    <nd ref="N493" />
    <nd ref="N494" />
    <nd ref="N495" />
    <tag k="type" v="line_thin" />
  </way>
  <way id="W122">
    <nd ref="N496" />
    <nd ref="N497" />
    <nd ref="N498" />
    <tag k="type" v="line_thin" />
  </way>
  <way id="W123">
    <nd ref="N499" />
    <nd ref="N500" />
    <nd ref="N501" />
    <tag k="type" v="line_thin" />
  </way>
  <way id="W124">
    <nd ref="N502" />
    <nd ref="N503" />
    <nd ref="N504" />
    <tag k="type" v="line_thin" />
  </way>
  <way id="W125">
    <nd ref="N505" />
    <nd ref="N506" />
    <nd ref="N507" />
    <tag k="type" v="line_thin" />
  </way>
  <way id="W126">
    <nd ref="N508" />
    <nd ref="N509" />
    <nd ref="N510" />
    <tag k="type" v="line_thin" />
  </way>
  <way id="W127">
    <nd ref="N511" />
    <nd ref="N512" />
    <nd ref="N513" />
    <tag k="type" v="line_thin" />
  </way>
  <way id="W128">
    <nd ref="N514" />
    <nd ref="N515" />
    <nd ref="N516" />
    <tag k="type" v="line_thin" />
  </way>
  <way id="W129">
    <nd ref="N517" />
    <nd ref="N518" />
    <nd ref="N519" />
    <tag k="type" v="line_thin" />
  </way>
  <way id="W130">
    <nd ref="N520" />
    <nd ref="N521" />
    <nd ref="N522" />
    <tag k="type" v="line_thin" />
  </way>
  <way id="W131">
    <nd ref="N523" />
    <nd ref="N524" />
    <nd ref="N525" />
    <tag k="type" v="line_thin" />
  </way>
  <way id="W132">
    <nd ref="N526" />
    <nd ref="N527" />
    <tag k="type" v="line_thin" />
  </way>
  <way id="W133">
    <nd ref="N528" />
    <nd ref="N529" />
    <tag k="type" v="line_thin" />
  </way>
  <way id="W134">
    <nd ref="N530" />
    <nd ref="N531" />
    <tag k="type" v="line_thin" />
  </way>
  <way id="W135">
    <nd ref="N532" />
    <nd ref="N533" />
    <tag k="type" v="line_thin" />
  </way>
  <way id="W136">
    <nd ref="N534" />
    <nd ref="N535" />
    <nd ref="N536" />
    <nd ref="N537" />
    <tag k="type" v="line_thin" />
  </way>
  <way id="W137">
    <nd ref="N538" />
    <nd ref="N539" />
    <nd ref="N540" />
    <nd ref="N541" />
    <tag k="type" v="line_thin" />
  </way>
  <way id="W138">
    <nd ref="N542" />
    <nd ref="N543" />
    <nd ref="N544" />
    <nd ref="N545" />
    <tag k="type" v="line_thin" />
  </way>
  <way id="W139">
    <nd ref="N546" />
    <nd ref="N547" />
    <nd ref="N548" />
    <nd ref="N549" />
    <tag k="type" v="line_thin" />
  </way>
  <way id="W140">
    <nd ref="N550" />
    <nd ref="N551" />
    <tag k="type" v="line_thin" />
  </way>
  <way id="W141">
    <nd ref="N552" />
    <nd ref="N553" />
    <tag k="type" v="line_thin" />
  </way>
  <way id="W142">
    <nd ref="N554" />
    <nd ref="N555" />
    <tag k="type" v="line_thin" />
  </way>
  <way id="W143">
    <nd ref="N556" />
    <nd ref="N557" />
    <tag k="type" v="line_thin" />
  </way>
  <way id="W144">
    <nd ref="N558" />
    <nd ref="N559" />
    <tag k="type" v="line_thin" />
  </way>
  <way id="W145">
    <nd ref="N560" />
    <nd ref="N561" />
    <tag k="type" v="line_thin" />
  </way>
  <way id="W146">
    <nd ref="N562" />
    <nd ref="N563" />
    <tag k="type" v="line_thin" />
  </way>
  <way id="W147">
    <nd ref="N564" />
    <nd ref="N565" />
    <tag k="type" v="line_thin" />
  </way>
  <way id="W148">
    <nd ref="N566" />
    <nd ref="N567" />
    <nd ref="N568" />
    <nd ref="N569" />
    <tag k="type" v="line_thin" />
  </way>
  <way id="W149">
    <nd ref="N570" />
    <nd ref="N571" />
    <nd ref="N572" />
    <nd ref="N573" />
    <tag k="type" v="line_thin" />
  </way>
  <way id="W150">
    <nd ref="N574" />
    <nd ref="N575" />
    <nd ref="N576" />
    <nd ref="N577" />
    <tag k="type" v="line_thin" />
  </way>
  <way id="W151">
    <nd ref="N578" />
    <nd ref="N579" />
    <nd ref="N580" />
    <nd ref="N581" />
    <tag k="type" v="line_thin" />
  </way>
  <way id="W152">
    <nd ref="N582" />
    <nd ref="N583" />
    <tag k="type" v="line_thin" />
  </way>
  <way id="W153">
    <nd ref="N584" />
    <nd ref="N585" />
    <tag k="type" v="line_thin" />
  </way>
  <way id="W154">
    <nd ref="N586" />
    <nd ref="N587" />
    <tag k="type" v="line_thin" />
  </way>
  <way id="W155">
    <nd ref="N588" />
    <nd ref="N589" />
    <tag k="type" v="line_thin" />
  </way>
  <way id="W156">
    <nd ref="N590" />
    <nd ref="N591" />
    <nd ref="N592" />
    <tag k="type" v="line_thin" />
  </way>
  <way id="W157">
    <nd ref="N593" />
    <nd ref="N594" />
    <nd ref="N595" />
    <tag k="type" v="line_thin" />
  </way>
  <way id="W158">
    <nd ref="N596" />
    <nd ref="N597" />
    <nd ref="N598" />
    <tag k="type" v="line_thin" />
  </way>
  <way id="W159">
    <nd ref="N599" />
    <nd ref="N600" />
    <nd ref="N601" />
    <tag k="type" v="line_thin" />
  </way>
  <way id="W160">
    <nd ref="N602" />
    <nd ref="N603" />
    <tag k="type" v="line_thin" />
  </way>
  <way id="W161">
    <nd ref="N604" />
    <nd ref="N605" />
    <tag k="type" v="line_thin" />
  </way>
  <way id="W162">
    <nd ref="N606" />
    <nd ref="N607" />
    <tag k="type" v="line_thin" />
  </way>
  <way id="W163">
    <nd ref="N608" />
    <nd ref="N609" />
    <tag k="type" v="line_thin" />
  </way>
  <way id="W164">
    <nd ref="N610" />
    <nd ref="N611" />
    <nd ref="N612" />
    <nd ref="N613" />
    <nd ref="N614" />
    <nd ref="N615" />
    <nd ref="N616" />
    <nd ref="N617" />
    <nd ref="N618" />
    <nd ref="N619" />
    <tag k="type" v="line_thin" />
  </way>
  <way id="W165">
    <nd ref="N620" />
    <nd ref="N621" />
    <nd ref="N622" />
    <nd ref="N623" />
    <nd ref="N624" />
    <nd ref="N625" />
    <nd ref="N626" />
    <nd ref="N627" />
    <nd ref="N628" />
    <nd ref="N629" />
    <tag k="type" v="line_thin" />
  </way>
  <way id="W166">
    <nd ref="N630" />
    <nd ref="N631" />
    <nd ref="N632" />
    <nd ref="N633" />
    <nd ref="N634" />
    <nd ref="N635" />
    <nd ref="N636" />
    <nd ref="N637" />
    <nd ref="N638" />
    <nd ref="N639" />
    <tag k="type" v="line_thin" />
  </way>
  <way id="W167">
    <nd ref="N640" />
    <nd ref="N641" />
    <nd ref="N642" />
    <nd ref="N643" />
    <nd ref="N644" />
    <nd ref="N645" />
    <nd ref="N646" />
    <nd ref="N647" />
    <nd ref="N648" />
    <nd ref="N649" />
    <tag k="type" v="line_thin" />
  </way>
  <way id="W168">
    <nd ref="N650" />
    <nd ref="N651" />
    <nd ref="N652" />
    <tag k="type" v="line_thin" />
  </way>
  <way id="W169">
    <nd ref="N653" />
    <nd ref="N654" />
    <nd ref="N655" />
    <tag k="type" v="line_thin" />
  </way>
  <way id="W170">
    <nd ref="N656" />
    <nd ref="N657" />
    <nd ref="N658" />
    <tag k="type" v="line_thin" />
  </way>
  <way id="W171">
    <nd ref="N659" />
    <nd ref="N660" />
    <nd ref="N661" />
    <tag k="type" v="line_thin" />
  </way>
  <way id="W172">
    <nd ref="N662" />
    <nd ref="N663" />
    <nd ref="N664" />
    <nd ref="N665" />
    <nd ref="N666" />
    <nd ref="N667" />
    <nd ref="N668" />
    <nd ref="N669" />
    <nd ref="N670" />
    <nd ref="N671" />
    <tag k="type" v="line_thin" />
  </way>
  <way id="W173">
    <nd ref="N672" />
    <nd ref="N673" />
    <nd ref="N674" />
    <nd ref="N675" />
    <nd ref="N676" />
    <nd ref="N677" />
    <nd ref="N678" />
    <nd ref="N679" />
    <nd ref="N680" />
    <nd ref="N681" />
    <tag k="type" v="line_thin" />
  </way>
  <way id="W174">
    <nd ref="N682" />
    <nd ref="N683" />
    <nd ref="N684" />
    <nd ref="N685" />
    <nd ref="N686" />
    <nd ref="N687" />
    <nd ref="N688" />
    <nd ref="N689" />
    <nd ref="N690" />
    <nd ref="N691" />
    <tag k="type" v="line_thin" />
  </way>
  <way id="W175">
    <nd ref="N692" />
    <nd ref="N693" />
    <nd ref="N694" />
    <nd ref="N695" />
    <nd ref="N696" />
    <nd ref="N697" />
    <nd ref="N698" />
    <nd ref="N699" />
    <nd ref="N700" />
    <nd ref="N701" />
    <tag k="type" v="line_thin" />
  </way>
  <way id="W176">
    <nd ref="N702" />
    <nd ref="N703" />
    <nd ref="N704" />
    <nd ref="N705" />
    <tag k="type" v="line_thin" />
  </way>
  <way id="W177">
    <nd ref="N706" />
    <nd ref="N707" />
    <nd ref="N708" />
    <nd ref="N709" />
    <tag k="type" v="line_thin" />
  </way>
  <way id="W178">
    <nd ref="N710" />
    <nd ref="N711" />
    <nd ref="N712" />
    <nd ref="N713" />
    <tag k="type" v="line_thin" />
  </way>
  <way id="W179">
    <nd ref="N714" />
    <nd ref="N715" />
    <nd ref="N716" />
    <nd ref="N717" />
    <tag k="type" v="line_thin" />
  </way>
  <way id="W180">
    <nd ref="N718" />
    <nd ref="N719" />
    <nd ref="N720" />
    <tag k="type" v="line_thin" />
  </way>
  <way id="W181">
    <nd ref="N721" />
    <nd ref="N722" />
    <nd ref="N723" />
    <tag k="type" v="line_thin" />
  </way>
  <way id="W182">
    <nd ref="N724" />
    <nd ref="N725" />
    <nd ref="N726" />
    <tag k="type" v="line_thin" />
  </way>
  <way id="W183">
    <nd ref="N727" />
    <nd ref="N728" />
    <nd ref="N729" />
    <tag k="type" v="line_thin" />
  </way>
  <way id="W184">
    <nd ref="N730" />
    <nd ref="N731" />
    <nd ref="N732" />
    <nd ref="N733" />
    <tag k="type" v="line_thin" />
  </way>
  <way id="W185">
    <nd ref="N734" />
    <nd ref="N735" />
    <nd ref="N736" />
    <nd ref="N737" />
    <tag k="type" v="line_thin" />
  </way>
  <way id="W186">
    <nd ref="N738" />
    <nd ref="N739" />
    <nd ref="N740" />
    <nd ref="N741" />
    <tag k="type" v="line_thin" />
  </way>
  <way id="W187">
    <nd ref="N742" />
    <nd ref="N743" />
    <nd ref="N744" />
    <nd ref="N745" />
    <tag k="type" v="line_thin" />
  </way>
  <way id="W188">
    <nd ref="N746" />
    <nd ref="N747" />
    <nd ref="N748" />
    <nd ref="N749" />
    <tag k="type" v="line_thin" />
  </way>
  <way id="W189">
    <nd ref="N750" />
    <nd ref="N751" />
    <nd ref="N752" />
    <nd ref="N753" />
    <tag k="type" v="line_thin" />
  </way>
  <way id="W190">
    <nd ref="N754" />
    <nd ref="N755" />
    <tag k="type" v="line_thin" />
  </way>
  <way id="W191">
    <nd ref="N756" />
    <nd ref="N757" />
    <tag k="type" v="line_thin" />
  </way>
  <way id="W192">
    <nd ref="N758" />
    <nd ref="N759" />
    <tag k="type" v="line_thin" />
  </way>
  <way id="W193">
    <nd ref="N760" />
    <nd ref="N761" />
    <tag k="type" v="line_thin" />
  </way>
  <way id="W194">
    <nd ref="N762" />
    <nd ref="N763" />
    <tag k="type" v="line_thin" />
  </way>
  <way id="W195">
    <nd ref="N764" />
    <nd ref="N765" />
    <tag k="type" v="line_thin" />
  </way>
  <way id="W196">
    <nd ref="N766" />
    <nd ref="N767" />
    <tag k="type" v="line_thin" />
  </way>
  <way id="W197">
    <nd ref="N768" />
    <nd ref="N769" />
    <tag k="type" v="line_thin" />
  </way>
  <way id="W198">
    <nd ref="N770" />
    <nd ref="N771" />
    <tag k="type" v="line_thin" />
  </way>
  <way id="W199">
    <nd ref="N772" />
    <nd ref="N773" />
    <tag k="type" v="line_thin" />
  </way>
  <way id="W200">
    <nd ref="N774" />
    <nd ref="N775" />
    <tag k="type" v="line_thin" />
  </way>
  <way id="W201">
    <nd ref="N776" />
    <nd ref="N777" />
    <tag k="type" v="line_thin" />
  </way>
  <way id="W202">
    <nd ref="N778" />
    <nd ref="N779" />
    <tag k="type" v="line_thin" />
  </way>
  <way id="W203">
    <nd ref="N780" />
    <nd ref="N781" />
    <tag k="type" v="line_thin" />
  </way>
  <way id="W204">
    <nd ref="N782" />
    <nd ref="N783" />
    <tag k="type" v="line_thin" />
  </way>
  <way id="W205">
    <nd ref="N784" />
    <nd ref="N785" />
    <tag k="type" v="line_thin" />
  </way>
  <way id="W206">
    <nd ref="N786" />
    <nd ref="N787" />
    <nd ref="N788" />
    <tag k="type" v="line_thin" />
  </way>
  <way id="W207">
    <nd ref="N789" />
    <nd ref="N790" />
    <nd ref="N791" />
    <tag k="type" v="line_thin" />
  </way>
  <way id="W208">
    <nd ref="N792" />
    <nd ref="N793" />
    <nd ref="N794" />
    <tag k="type" v="line_thin" />
  </way>
  <way id="W209">
    <nd ref="N795" />
    <nd ref="N796" />
    <nd ref="N797" />
    <tag k="type" v="line_thin" />
  </way>
  <way id="W210">
    <nd ref="N798" />
    <nd ref="N799" />
    <nd ref="N800" />
    <tag k="type" v="line_thin" />
  </way>
  <way id="W211">
    <nd ref="N801" />
    <nd ref="N802" />
    <nd ref="N803" />
    <tag k="type" v="line_thin" />
  </way>
  <way id="W212">
    <nd ref="N804" />
    <nd ref="N805" />
    <nd ref="N806" />
    <tag k="type" v="line_thin" />
  </way>
  <way id="W213">
    <nd ref="N807" />
    <nd ref="N808" />
    <nd ref="N809" />
    <tag k="type" v="line_thin" />
  </way>
  <way id="W214">
    <nd ref="N810" />
    <nd ref="N811" />
    <nd ref="N812" />
    <nd ref="N813" />
    <tag k="type" v="line_thin" />
  </way>
  <way id="W215">
    <nd ref="N814" />
    <nd ref="N815" />
    <nd ref="N816" />
    <nd ref="N817" />
    <tag k="type" v="line_thin" />
  </way>
  <way id="W216">
    <nd ref="N818" />
    <nd ref="N819" />
    <nd ref="N820" />
    <nd ref="N821" />
    <tag k="type" v="line_thin" />
  </way>
  <way id="W217">
    <nd ref="N822" />
    <nd ref="N823" />
    <nd ref="N824" />
    <nd ref="N825" />
    <tag k="type" v="line_thin" />
  </way>
  <way id="W218">
    <nd ref="N826" />
    <nd ref="N827" />
    <nd ref="N828" />
    <tag k="type" v="line_thin" />
  </way>
  <way id="W219">
    <nd ref="N829" />
    <nd ref="N830" />
    <nd ref="N831" />
    <tag k="type" v="line_thin" />
  </way>
  <way id="W220">
    <nd ref="N832" />
    <nd ref="N833" />
    <nd ref="N834" />
    <tag k="type" v="line_thin" />
  </way>
  <way id="W221">
    <nd ref="N835" />
    <nd ref="N836" />
    <nd ref="N837" />
    <tag k="type" v="line_thin" />
  </way>
  <way id="W222">
    <nd ref="N838" />
    <nd ref="N839" />
    <nd ref="N840" />
    <tag k="type" v="line_thin" />
  </way>
  <way id="W223">
    <nd ref="N841" />
    <nd ref="N842" />
    <nd ref="N843" />
    <tag k="type" v="line_thin" />
  </way>
  <way id="W224">
    <nd ref="N844" />
    <nd ref="N845" />
    <nd ref="N846" />
    <tag k="type" v="line_thin" />
  </way>
  <way id="W225">
    <nd ref="N847" />
    <nd ref="N848" />
    <nd ref="N849" />
    <tag k="type" v="line_thin" />
  </way>
  <way id="W226">
    <nd ref="N850" />
    <nd ref="N851" />
    <nd ref="N852" />
    <tag k="type" v="line_thin" />
  </way>
  <way id="W227">
    <nd ref="N853" />
    <nd ref="N854" />
    <nd ref="N855" />
    <tag k="type" v="line_thin" />
  </way>
  <way id="W228">
    <nd ref="N856" />
    <nd ref="N857" />
    <nd ref="N858" />
    <tag k="type" v="line_thin" />
  </way>
  <way id="W229">
    <nd ref="N859" />
    <nd ref="N860" />
    <nd ref="N861" />
    <tag k="type" v="line_thin" />
  </way>
  <way id="W230">
    <nd ref="N862" />
    <nd ref="N863" />
    <nd ref="N864" />
    <tag k="type" v="line_thin" />
  </way>
  <way id="W231">
    <nd ref="N865" />
    <nd ref="N866" />
    <nd ref="N867" />
    <tag k="type" v="line_thin" />
  </way>
  <way id="W232">
    <nd ref="N868" />
    <nd ref="N869" />
    <nd ref="N870" />
    <tag k="type" v="line_thin" />
  </way>
  <way id="W233">
    <nd ref="N871" />
    <nd ref="N872" />
    <nd ref="N873" />
    <tag k="type" v="line_thin" />
  </way>
  <way id="W234">
    <nd ref="N874" />
    <nd ref="N875" />
    <nd ref="N876" />
    <nd ref="N877" />
    <tag k="type" v="line_thin" />
  </way>
  <way id="W235">
    <nd ref="N878" />
    <nd ref="N879" />
    <nd ref="N880" />
    <nd ref="N881" />
    <tag k="type" v="line_thin" />
  </way>
  <way id="W236">
    <nd ref="N882" />
    <nd ref="N883" />
    <nd ref="N884" />
    <nd ref="N885" />
    <tag k="type" v="line_thin" />
  </way>
  <way id="W237">
    <nd ref="N886" />
    <nd ref="N887" />
    <nd ref="N888" />
    <nd ref="N889" />
    <tag k="type" v="line_thin" />
  </way>
  <way id="W238">
    <nd ref="N890" />
    <nd ref="N891" />
    <nd ref="N892" />
    <nd ref="N893" />
    <nd ref="N894" />
    <nd ref="N895" />
    <nd ref="N896" />
    <nd ref="N897" />
    <nd ref="N898" />
    <tag k="type" v="line_thin" />
  </way>
  <way id="W239">
    <nd ref="N899" />
    <nd ref="N900" />
    <nd ref="N901" />
    <nd ref="N902" />
    <nd ref="N903" />
    <nd ref="N904" />
    <nd ref="N905" />
    <nd ref="N906" />
    <nd ref="N907" />
    <tag k="type" v="line_thin" />
  </way>
  <way id="W240">
    <nd ref="N908" />
    <nd ref="N909" />
    <nd ref="N910" />
    <nd ref="N911" />
    <nd ref="N912" />
    <nd ref="N913" />
    <nd ref="N914" />
    <nd ref="N915" />
    <nd ref="N916" />
    <tag k="type" v="line_thin" />
  </way>
  <way id="W241">
    <nd ref="N917" />
    <nd ref="N918" />
    <nd ref="N919" />
    <nd ref="N920" />
    <nd ref="N921" />
    <nd ref="N922" />
    <nd ref="N923" />
    <nd ref="N924" />
    <nd ref="N925" />
    <tag k="type" v="line_thin" />
  </way>
  <way id="W242">
    <nd ref="N926" />
    <nd ref="N927" />
    <nd ref="N928" />
    <nd ref="N929" />
    <tag k="type" v="line_thin" />
  </way>
  <way id="W243">
    <nd ref="N930" />
    <nd ref="N931" />
    <nd ref="N932" />
    <nd ref="N933" />
    <tag k="type" v="line_thin" />
  </way>
  <way id="W244">
    <nd ref="N934" />
    <nd ref="N935" />
    <nd ref="N936" />
    <nd ref="N937" />
    <tag k="type" v="line_thin" />
  </way>
  <way id="W245">
    <nd ref="N938" />
    <nd ref="N939" />
    <nd ref="N940" />
    <nd ref="N941" />
    <tag k="type" v="line_thin" />
  </way>
  <way id="W246">
    <nd ref="N942" />
    <nd ref="N943" />
    <nd ref="N944" />
    <nd ref="N945" />
    <nd ref="N946" />
    <nd ref="N947" />
    <nd ref="N948" />
    <tag k="type" v="line_thin" />
  </way>
  <way id="W247">
    <nd ref="N949" />
    <nd ref="N950" />
    <nd ref="N951" />
    <nd ref="N952" />
    <nd ref="N953" />
    <nd ref="N954" />
    <nd ref="N955" />
    <tag k="type" v="line_thin" />
  </way>
  <way id="W248">
    <nd ref="N956" />
    <nd ref="N957" />
    <nd ref="N958" />
    <nd ref="N959" />
    <nd ref="N960" />
    <nd ref="N961" />
    <nd ref="N962" />
    <tag k="type" v="line_thin" />
  </way>
  <way id="W249">
    <nd ref="N963" />
    <nd ref="N964" />
    <nd ref="N965" />
    <nd ref="N966" />
    <nd ref="N967" />
    <nd ref="N968" />
    <nd ref="N969" />
    <tag k="type" v="line_thin" />
  </way>
  <way id="W250">
    <nd ref="N970" />
    <nd ref="N971" />
    <nd ref="N972" />
    <nd ref="N973" />
    <nd ref="N974" />
    <nd ref="N975" />
    <nd ref="N976" />
    <nd ref="N977" />
    <tag k="type" v="line_thin" />
  </way>
  <way id="W251">
    <nd ref="N978" />
    <nd ref="N979" />
    <nd ref="N980" />
    <nd ref="N981" />
    <nd ref="N982" />
    <nd ref="N983" />
    <nd ref="N984" />
    <nd ref="N985" />
    <tag k="type" v="line_thin" />
  </way>
  <way id="W252">
    <nd ref="N986" />
    <nd ref="N987" />
    <nd ref="N988" />
    <nd ref="N989" />
    <nd ref="N990" />
    <nd ref="N991" />
    <nd ref="N992" />
    <nd ref="N993" />
    <tag k="type" v="line_thin" />
  </way>
  <way id="W253">
    <nd ref="N994" />
    <nd ref="N995" />
    <nd ref="N996" />
    <nd ref="N997" />
    <nd ref="N998" />
    <nd ref="N999" />
    <nd ref="N1000" />
    <nd ref="N1001" />
    <tag k="type" v="line_thin" />
  </way>
  <way id="W254">
    <nd ref="N1002" />
    <nd ref="N1003" />
    <nd ref="N1004" />
    <tag k="type" v="line_thin" />
  </way>
  <way id="W255">
    <nd ref="N1005" />
    <nd ref="N1006" />
    <nd ref="N1007" />
    <tag k="type" v="line_thin" />
  </way>
  <way id="W256">
    <nd ref="N1008" />
    <nd ref="N1009" />
    <nd ref="N1010" />
    <tag k="type" v="line_thin" />
  </way>
  <way id="W257">
    <nd ref="N1011" />
    <nd ref="N1012" />
    <nd ref="N1013" />
    <tag k="type" v="line_thin" />
  </way>
  <way id="W258">
    <nd ref="N1014" />
    <nd ref="N1015" />
    <nd ref="N1016" />
    <nd ref="N1017" />
    <nd ref="N1018" />
    <nd ref="N1019" />
    <nd ref="N1020" />
    <nd ref="N1021" />
    <nd ref="N1022" />
    <nd ref="N1023" />
    <tag k="type" v="line_thin" />
  </way>
  <way id="W259">
    <nd ref="N1024" />
    <nd ref="N1025" />
    <nd ref="N1026" />
    <nd ref="N1027" />
    <nd ref="N1028" />
    <nd ref="N1029" />
    <nd ref="N1030" />
    <nd ref="N1031" />
    <nd ref="N1032" />
    <nd ref="N1033" />
    <tag k="type" v="line_thin" />
  </way>
  <way id="W260">
    <nd ref="N1034" />
    <nd ref="N1035" />
    <nd ref="N1036" />
    <nd ref="N1037" />
    <nd ref="N1038" />
    <nd ref="N1039" />
    <nd ref="N1040" />
    <nd ref="N1041" />
    <nd ref="N1042" />
    <nd ref="N1043" />
    <tag k="type" v="line_thin" />
  </way>
  <way id="W261">
    <nd ref="N1044" />
    <nd ref="N1045" />
    <nd ref="N1046" />
    <nd ref="N1047" />
    <nd ref="N1048" />
    <nd ref="N1049" />
    <nd ref="N1050" />
    <nd ref="N1051" />
    <nd ref="N1052" />
    <nd ref="N1053" />
    <tag k="type" v="line_thin" />
  </way>
  <way id="W262">
    <nd ref="N1054" />
    <nd ref="N1055" />
    <tag k="type" v="line_thin" />
  </way>
  <way id="W263">
    <nd ref="N1056" />
    <nd ref="N1057" />
    <tag k="type" v="line_thin" />
  </way>
  <way id="W264">
    <nd ref="N1058" />
    <nd ref="N1059" />
    <tag k="type" v="line_thin" />
  </way>
  <way id="W265">
    <nd ref="N1060" />
    <nd ref="N1061" />
    <tag k="type" v="line_thin" />
  </way>
  <way id="W266">
    <nd ref="N1062" />
    <nd ref="N1063" />
    <nd ref="N1064" />
    <tag k="type" v="line_thin" />
  </way>
  <way id="W267">
    <nd ref="N1065" />
    <nd ref="N1066" />
    <nd ref="N1067" />
    <tag k="type" v="line_thin" />
  </way>
  <way id="W268">
    <nd ref="N1068" />
    <nd ref="N1069" />
    <nd ref="N1070" />
    <tag k="type" v="line_thin" />
  </way>
  <way id="W269">
    <nd ref="N1071" />
    <nd ref="N1072" />
    <nd ref="N1073" />
    <tag k="type" v="line_thin" />
  </way>
  <way id="W270">
    <nd ref="N1074" />
    <nd ref="N1075" />
    <nd ref="N1076" />
    <tag k="type" v="line_thin" />
  </way>
  <way id="W271">
    <nd ref="N1077" />
    <nd ref="N1078" />
    <nd ref="N1079" />
    <tag k="type" v="line_thin" />
  </way>
  <way id="W272">
    <nd ref="N1080" />
    <nd ref="N1081" />
    <nd ref="N1082" />
    <nd ref="N1083" />
    <tag k="type" v="line_thin" />
  </way>
  <way id="W273">
    <nd ref="N1084" />
    <nd ref="N1085" />
    <nd ref="N1086" />
    <nd ref="N1087" />
    <tag k="type" v="line_thin" />
  </way>
  <way id="W274">
    <nd ref="N1088" />
    <nd ref="N1089" />
    <nd ref="N1090" />
    <nd ref="N1091" />
    <tag k="type" v="line_thin" />
  </way>
  <way id="W275">
    <nd ref="N1092" />
    <nd ref="N1093" />
    <nd ref="N1094" />
    <nd ref="N1095" />
    <tag k="type" v="line_thin" />
  </way>
  <way id="W276">
    <nd ref="N1096" />
    <nd ref="N1097" />
    <nd ref="N1098" />
    <nd ref="N1099" />
    <tag k="type" v="line_thin" />
  </way>
  <way id="W277">
    <nd ref="N1100" />
    <nd ref="N1101" />
    <nd ref="N1102" />
    <nd ref="N1103" />
    <tag k="type" v="line_thin" />
  </way>
  <way id="W278">
    <nd ref="N1104" />
    <nd ref="N1105" />
    <nd ref="N1106" />
    <nd ref="N1107" />
    <tag k="type" v="line_thin" />
  </way>
  <way id="W279">
    <nd ref="N1108" />
    <nd ref="N1109" />
    <nd ref="N1110" />
    <nd ref="N1111" />
    <tag k="type" v="line_thin" />
  </way>
  <way id="W280">
    <nd ref="N1112" />
    <nd ref="N1113" />
    <nd ref="N1114" />
    <nd ref="N1115" />
    <nd ref="N1116" />
    <nd ref="N1117" />
    <nd ref="N1118" />
    <nd ref="N1119" />
    <nd ref="N1120" />
    <nd ref="N1121" />
    <nd ref="N1122" />
    <nd ref="N1123" />
    <nd ref="N1124" />
    <nd ref="N1125" />
    <nd ref="N1126" />
    <tag k="type" v="line_thin" />
  </way>
  <way id="W281">
    <nd ref="N1127" />
    <nd ref="N1128" />
    <nd ref="N1129" />
    <nd ref="N1130" />
    <nd ref="N1131" />
    <nd ref="N1132" />
    <nd ref="N1133" />
    <nd ref="N1134" />
    <nd ref="N1135" />
    <nd ref="N1136" />
    <nd ref="N1137" />
    <nd ref="N1138" />
    <nd ref="N1139" />
    <nd ref="N1140" />
    <nd ref="N1141" />
    <tag k="type" v="line_thin" />
  </way>
  <way id="W282">
    <nd ref="N1142" />
    <nd ref="N1143" />
    <nd ref="N1144" />
    <nd ref="N1145" />
    <nd ref="N1146" />
    <nd ref="N1147" />
    <nd ref="N1148" />
    <nd ref="N1149" />
    <nd ref="N1150" />
    <nd ref="N1151" />
    <nd ref="N1152" />
    <nd ref="N1153" />
    <nd ref="N1154" />
    <nd ref="N1155" />
    <nd ref="N1156" />
    <tag k="type" v="line_thin" />
  </way>
  <way id="W283">
    <nd ref="N1157" />
    <nd ref="N1158" />
    <nd ref="N1159" />
    <nd ref="N1160" />
    <nd ref="N1161" />
    <nd ref="N1162" />
    <nd ref="N1163" />
    <nd ref="N1164" />
    <nd ref="N1165" />
    <nd ref="N1166" />
    <nd ref="N1167" />
    <nd ref="N1168" />
    <nd ref="N1169" />
    <nd ref="N1170" />
    <nd ref="N1171" />
    <tag k="type" v="line_thin" />
  </way>
  <way id="W284">
    <nd ref="N1172" />
    <nd ref="N1173" />
    <nd ref="N1174" />
    <nd ref="N1175" />
    <nd ref="N1176" />
    <nd ref="N1177" />
    <nd ref="N1178" />
    <nd ref="N1179" />
    <tag k="type" v="line_thin" />
  </way>
  <way id="W285">
    <nd ref="N1180" />
    <nd ref="N1181" />
    <nd ref="N1182" />
    <nd ref="N1183" />
    <nd ref="N1184" />
    <nd ref="N1185" />
    <nd ref="N1186" />
    <nd ref="N1187" />
    <tag k="type" v="line_thin" />
  </way>
  <way id="W286">
    <nd ref="N1188" />
    <nd ref="N1189" />
    <nd ref="N1190" />
    <nd ref="N1191" />
    <nd ref="N1192" />
    <nd ref="N1193" />
    <nd ref="N1194" />
    <nd ref="N1195" />
    <tag k="type" v="line_thin" />
  </way>
  <way id="W287">
    <nd ref="N1196" />
    <nd ref="N1197" />
    <nd ref="N1198" />
    <nd ref="N1199" />
    <nd ref="N1200" />
    <nd ref="N1201" />
    <nd ref="N1202" />
    <nd ref="N1203" />
    <tag k="type" v="line_thin" />
  </way>
  <way id="W288">
    <nd ref="N1204" />
    <nd ref="N1205" />
    <nd ref="N1206" />
    <nd ref="N1207" />
    <nd ref="N1208" />
    <nd ref="N1209" />
    <nd ref="N1210" />
    <nd ref="N1211" />
    <nd ref="N1212" />
    <tag k="type" v="line_thin" />
  </way>
  <way id="W289">
    <nd ref="N1213" />
    <nd ref="N1214" />
    <nd ref="N1215" />
    <nd ref="N1216" />
    <nd ref="N1217" />
    <nd ref="N1218" />
    <nd ref="N1219" />
    <nd ref="N1220" />
    <nd ref="N1221" />
    <tag k="type" v="line_thin" />
  </way>
  <way id="W290">
    <nd ref="N1222" />
    <nd ref="N1223" />
    <nd ref="N1224" />
    <nd ref="N1225" />
    <nd ref="N1226" />
    <nd ref="N1227" />
    <nd ref="N1228" />
    <nd ref="N1229" />
    <nd ref="N1230" />
    <tag k="type" v="line_thin" />
  </way>
  <way id="W291">
    <nd ref="N1231" />
    <nd ref="N1232" />
    <nd ref="N1233" />
    <nd ref="N1234" />
    <nd ref="N1235" />
    <nd ref="N1236" />
    <nd ref="N1237" />
    <nd ref="N1238" />
    <nd ref="N1239" />
    <tag k="type" v="line_thin" />
  </way>
  <way id="W292">
    <nd ref="N1240" />
    <nd ref="N1241" />
    <nd ref="N1242" />
    <nd ref="N1243" />
    <nd ref="N1244" />
    <tag k="type" v="line_thin" />
  </way>
  <way id="W293">
    <nd ref="N1245" />
    <nd ref="N1246" />
    <nd ref="N1247" />
    <nd ref="N1248" />
    <nd ref="N1249" />
    <tag k="type" v="line_thin" />
  </way>
  <way id="W294">
    <nd ref="N1250" />
    <nd ref="N1251" />
    <nd ref="N1252" />
    <nd ref="N1253" />
    <nd ref="N1254" />
    <tag k="type" v="line_thin" />
  </way>
  <way id="W295">
    <nd ref="N1255" />
    <nd ref="N1256" />
    <nd ref="N1257" />
    <nd ref="N1258" />
    <nd ref="N1259" />
    <tag k="type" v="line_thin" />
  </way>
  <way id="W296">
    <nd ref="N1260" />
    <nd ref="N1261" />
    <nd ref="N1262" />
    <nd ref="N1263" />
    <nd ref="N1264" />
    <tag k="type" v="line_thin" />
  </way>
  <way id="W297">
    <nd ref="N1265" />
    <nd ref="N1266" />
    <nd ref="N1267" />
    <nd ref="N1268" />
    <nd ref="N1269" />
    <tag k="type" v="line_thin" />
  </way>
  <way id="W298">
    <nd ref="N1270" />
    <nd ref="N1271" />
    <nd ref="N1272" />
    <nd ref="N1273" />
    <nd ref="N1274" />
    <tag k="type" v="line_thin" />
  </way>
  <way id="W299">
    <nd ref="N1275" />
    <nd ref="N1276" />
    <nd ref="N1277" />
    <nd ref="N1278" />
    <nd ref="N1279" />
    <tag k="type" v="line_thin" />
  </way>
  <way id="W300">
    <nd ref="N1280" />
    <nd ref="N1281" />
    <nd ref="N1282" />
    <tag k="type" v="line_thin" />
  </way>
  <way id="W301">
    <nd ref="N1283" />
    <nd ref="N1284" />
    <nd ref="N1285" />
    <tag k="type" v="line_thin" />
  </way>
  <way id="W302">
    <nd ref="N1286" />
    <nd ref="N1287" />
    <nd ref="N1288" />
    <tag k="type" v="line_thin" />
  </way>
  <way id="W303">
    <nd ref="N1289" />
    <nd ref="N1290" />
    <nd ref="N1291" />
    <tag k="type" v="line_thin" />
  </way>
  <way id="W304">
    <nd ref="N1292" />
    <nd ref="N1293" />
    <nd ref="N1294" />
    <tag k="type" v="line_thin" />
  </way>
  <way id="W305">
    <nd ref="N1295" />
    <nd ref="N1296" />
    <nd ref="N1297" />
    <tag k="type" v="line_thin" />
  </way>
  <way id="W306">
    <nd ref="N1298" />
    <nd ref="N1299" />
    <nd ref="N1300" />
    <nd ref="N1301" />
    <tag k="type" v="line_thin" />
  </way>
  <way id="W307">
    <nd ref="N1302" />
    <nd ref="N1303" />
    <nd ref="N1304" />
    <nd ref="N1305" />
    <tag k="type" v="line_thin" />
  </way>
  <way id="W308">
    <nd ref="N1306" />
    <nd ref="N1307" />
    <nd ref="N1308" />
    <nd ref="N1309" />
    <tag k="type" v="line_thin" />
  </way>
  <way id="W309">
    <nd ref="N1310" />
    <nd ref="N1311" />
    <nd ref="N1312" />
    <nd ref="N1313" />
    <tag k="type" v="line_thin" />
  </way>
  <way id="W310">
    <nd ref="N1314" />
    <nd ref="N1315" />
    <nd ref="N1316" />
    <nd ref="N1317" />
    <tag k="type" v="line_thin" />
  </way>
  <way id="W311">
    <nd ref="N1318" />
    <nd ref="N1319" />
    <nd ref="N1320" />
    <nd ref="N1321" />
    <tag k="type" v="line_thin" />
  </way>
  <way id="W312">
    <nd ref="N1322" />
    <nd ref="N1323" />
    <nd ref="N1324" />
    <nd ref="N1325" />
    <nd ref="N1326" />
    <nd ref="N1327" />
    <nd ref="N1328" />
    <nd ref="N1329" />
    <nd ref="N1330" />
    <tag k="type" v="line_thin" />
  </way>
  <way id="W313">
    <nd ref="N1331" />
    <nd ref="N1332" />
    <nd ref="N1333" />
    <nd ref="N1334" />
    <nd ref="N1335" />
    <nd ref="N1336" />
    <nd ref="N1337" />
    <nd ref="N1338" />
    <nd ref="N1339" />
    <tag k="type" v="line_thin" />
  </way>
  <way id="W314">
    <nd ref="N1340" />
    <nd ref="N1341" />
    <nd ref="N1342" />
    <nd ref="N1343" />
    <nd ref="N1344" />
    <nd ref="N1345" />
    <nd ref="N1346" />
    <nd ref="N1347" />
    <nd ref="N1348" />
    <tag k="type" v="line_thin" />
  </way>
  <way id="W315">
    <nd ref="N1349" />
    <nd ref="N1350" />
    <nd ref="N1351" />
    <nd ref="N1352" />
    <nd ref="N1353" />
    <nd ref="N1354" />
    <nd ref="N1355" />
    <nd ref="N1356" />
    <nd ref="N1357" />
    <tag k="type" v="line_thin" />
  </way>
  <way id="W316">
    <nd ref="N1358" />
    <nd ref="N1359" />
    <tag k="type" v="line_thin" />
  </way>
  <way id="W317">
    <nd ref="N1360" />
    <nd ref="N1361" />
    <tag k="type" v="line_thin" />
  </way>
  <way id="W318">
    <nd ref="N1362" />
    <nd ref="N1363" />
    <tag k="type" v="line_thin" />
  </way>
  <way id="W319">
    <nd ref="N1364" />
    <nd ref="N1365" />
    <tag k="type" v="line_thin" />
  </way>
  <way id="W320">
    <nd ref="N1366" />
    <nd ref="N1367" />
    <tag k="type" v="line_thin" />
  </way>
  <way id="W321">
    <nd ref="N1368" />
    <nd ref="N1369" />
    <tag k="type" v="line_thin" />
  </way>
  <way id="W322">
    <nd ref="N1370" />
    <nd ref="N1371" />
    <tag k="type" v="line_thin" />
  </way>
  <way id="W323">
    <nd ref="N1372" />
    <nd ref="N1373" />
    <tag k="type" v="line_thin" />
  </way>
  <way id="W324">
    <nd ref="N1374" />
    <nd ref="N1375" />
    <tag k="type" v="line_thin" />
  </way>
  <way id="W325">
    <nd ref="N1376" />
    <nd ref="N1377" />
    <tag k="type" v="line_thin" />
  </way>
  <way id="W326">
    <nd ref="N1378" />
    <nd ref="N1379" />
    <tag k="type" v="line_thin" />
  </way>
  <way id="W327">
    <nd ref="N1380" />
    <nd ref="N1381" />
    <tag k="type" v="line_thin" />
  </way>
  <way id="W328">
    <nd ref="N1382" />
    <nd ref="N1383" />
    <tag k="type" v="line_thin" />
  </way>
  <way id="W329">
    <nd ref="N1384" />
    <nd ref="N1385" />
    <tag k="type" v="line_thin" />
  </way>
  <way id="W330">
    <nd ref="N1386" />
    <nd ref="N1387" />
    <tag k="type" v="line_thin" />
  </way>
  <way id="W331">
    <nd ref="N1388" />
    <nd ref="N1389" />
    <tag k="type" v="line_thin" />
  </way>
  <way id="W332">
    <nd ref="N1390" />
    <nd ref="N1391" />
    <tag k="type" v="line_thin" />
  </way>
  <way id="W333">
    <nd ref="N1392" />
    <nd ref="N1393" />
    <tag k="type" v="line_thin" />
  </way>
  <way id="W334">
    <nd ref="N1394" />
    <nd ref="N1395" />
    <tag k="type" v="line_thin" />
  </way>
  <way id="W335">
    <nd ref="N1396" />
    <nd ref="N1397" />
    <tag k="type" v="line_thin" />
  </way>
  <way id="W336">
    <nd ref="N1398" />
    <nd ref="N1399" />
    <nd ref="N1400" />
    <tag k="type" v="line_thin" />
  </way>
  <way id="W337">
    <nd ref="N1401" />
    <nd ref="N1402" />
    <nd ref="N1403" />
    <tag k="type" v="line_thin" />
  </way>
  <way id="W338">
    <nd ref="N1404" />
    <nd ref="N1405" />
    <nd ref="N1406" />
    <tag k="type" v="line_thin" />
  </way>
  <way id="W339">
    <nd ref="N1407" />
    <nd ref="N1408" />
    <nd ref="N1409" />
    <tag k="type" v="line_thin" />
  </way>
  <way id="W340">
    <nd ref="N1410" />
    <nd ref="N1411" />
    <nd ref="N1412" />
    <nd ref="N1413" />
    <tag k="type" v="line_thin" />
  </way>
  <way id="W341">
    <nd ref="N1414" />
    <nd ref="N1415" />
    <nd ref="N1416" />
    <nd ref="N1417" />
    <tag k="type" v="line_thin" />
  </way>
  <way id="W342">
    <nd ref="N1418" />
    <nd ref="N1419" />
    <nd ref="N1420" />
    <nd ref="N1421" />
    <tag k="type" v="line_thin" />
  </way>
  <way id="W343">
    <nd ref="N1422" />
    <nd ref="N1423" />
    <nd ref="N1424" />
    <nd ref="N1425" />
    <tag k="type" v="line_thin" />
  </way>
  <way id="W344">
    <nd ref="N1426" />
    <nd ref="N1427" />
    <tag k="type" v="line_thin" />
  </way>
  <way id="W345">
    <nd ref="N1428" />
    <nd ref="N1429" />
    <tag k="type" v="line_thin" />
  </way>
  <way id="W346">
    <nd ref="N1430" />
    <nd ref="N1431" />
    <tag k="type" v="line_thin" />
  </way>
  <way id="W347">
    <nd ref="N1432" />
    <nd ref="N1433" />
    <tag k="type" v="line_thin" />
  </way>
  <way id="W348">
    <nd ref="N1434" />
    <nd ref="N1435" />
    <tag k="type" v="line_thin" />
  </way>
  <way id="W349">
    <nd ref="N1436" />
    <nd ref="N1437" />
    <tag k="type" v="line_thin" />
  </way>
  <way id="W350">
    <nd ref="N1438" />
    <nd ref="N1439" />
    <tag k="type" v="line_thin" />
  </way>
  <way id="W351">
    <nd ref="N1440" />
    <nd ref="N1441" />
    <tag k="type" v="line_thin" />
  </way>
  <way id="W352">
    <nd ref="N1442" />
    <nd ref="N1443" />
    <tag k="type" v="line_thin" />
  </way>
  <way id="W353">
    <nd ref="N1444" />
    <nd ref="N1445" />
    <tag k="type" v="line_thin" />
  </way>
  <way id="W354">
    <nd ref="N1446" />
    <nd ref="N1447" />
    <tag k="type" v="line_thin" />
  </way>
  <way id="W355">
    <nd ref="N1448" />
    <nd ref="N1449" />
    <tag k="type" v="line_thin" />
  </way>
  <way id="W356">
    <nd ref="N1450" />
    <nd ref="N1451" />
    <tag k="type" v="line_thin" />
  </way>
  <way id="W357">
    <nd ref="N1452" />
    <nd ref="N1453" />
    <tag k="type" v="line_thin" />
  </way>
  <way id="W358">
    <nd ref="N1454" />
    <nd ref="N1455" />
    <tag k="type" v="line_thin" />
  </way>
  <way id="W359">
    <nd ref="N1456" />
    <nd ref="N1457" />
    <tag k="type" v="line_thin" />
  </way>
  <way id="W360">
    <nd ref="N1458" />
    <nd ref="N1459" />
    <tag k="type" v="line_thin" />
  </way>
  <way id="W361">
    <nd ref="N1460" />
    <nd ref="N1461" />
    <tag k="type" v="line_thin" />
  </way>
  <way id="W362">
    <nd ref="N1462" />
    <nd ref="N1463" />
    <tag k="type" v="line_thin" />
  </way>
  <way id="W363">
    <nd ref="N1464" />
    <nd ref="N1465" />
    <tag k="type" v="line_thin" />
  </way>
  <way id="W364">
    <nd ref="N1466" />
    <nd ref="N1467" />
    <tag k="type" v="line_thin" />
  </way>
  <way id="W365">
    <nd ref="N1468" />
    <nd ref="N1469" />
    <tag k="type" v="line_thin" />
  </way>
  <way id="W366">
    <nd ref="N1470" />
    <nd ref="N1471" />
    <tag k="type" v="line_thin" />
  </way>
  <way id="W367">
    <nd ref="N1472" />
    <nd ref="N1473" />
    <tag k="type" v="line_thin" />
  </way>
  <way id="W368">
    <nd ref="N1474" />
    <nd ref="N1475" />
    <tag k="type" v="line_thin" />
  </way>
  <way id="W369">
    <nd ref="N1476" />
    <nd ref="N1477" />
    <tag k="type" v="line_thin" />
  </way>
  <way id="W370">
    <nd ref="N1478" />
    <nd ref="N1479" />
    <tag k="type" v="line_thin" />
  </way>
  <way id="W371">
    <nd ref="N1480" />
    <nd ref="N1481" />
    <tag k="type" v="line_thin" />
  </way>
  <way id="W372">
    <nd ref="N1482" />
    <nd ref="N1483" />
    <tag k="type" v="line_thin" />
  </way>
  <way id="W373">
    <nd ref="N1484" />
    <nd ref="N1485" />
    <tag k="type" v="line_thin" />
  </way>
  <way id="W374">
    <nd ref="N1486" />
    <nd ref="N1487" />
    <tag k="type" v="line_thin" />
  </way>
  <way id="W375">
    <nd ref="N1488" />
    <nd ref="N1489" />
    <tag k="type" v="line_thin" />
  </way>
  <way id="W376">
    <nd ref="N1490" />
    <nd ref="N1491" />
    <tag k="type" v="line_thin" />
  </way>
  <way id="W377">
    <nd ref="N1492" />
    <nd ref="N1493" />
    <tag k="type" v="line_thin" />
  </way>
  <way id="W378">
    <nd ref="N1494" />
    <nd ref="N1495" />
    <tag k="type" v="line_thin" />
  </way>
  <way id="W379">
    <nd ref="N1496" />
    <nd ref="N1497" />
    <tag k="type" v="line_thin" />
  </way>
  <way id="W380">
    <nd ref="N1498" />
    <nd ref="N1499" />
    <tag k="type" v="line_thin" />
  </way>
  <way id="W381">
    <nd ref="N1500" />
    <nd ref="N1501" />
    <tag k="type" v="line_thin" />
  </way>
  <way id="W382">
    <nd ref="N1502" />
    <nd ref="N1503" />
    <tag k="type" v="line_thin" />
  </way>
  <way id="W383">
    <nd ref="N1504" />
    <nd ref="N1505" />
    <tag k="type" v="line_thin" />
  </way>
  <way id="W384">
    <nd ref="N1506" />
    <nd ref="N1507" />
    <tag k="type" v="line_thin" />
  </way>
  <way id="W385">
    <nd ref="N1508" />
    <nd ref="N1509" />
    <tag k="type" v="line_thin" />
  </way>
  <way id="W386">
    <nd ref="N1510" />
    <nd ref="N1511" />
    <tag k="type" v="line_thin" />
  </way>
  <way id="W387">
    <nd ref="N1512" />
    <nd ref="N1513" />
    <tag k="type" v="line_thin" />
  </way>
  <way id="W388">
    <nd ref="N1514" />
    <nd ref="N1515" />
    <tag k="type" v="line_thin" />
  </way>
  <way id="W389">
    <nd ref="N1516" />
    <nd ref="N1517" />
    <tag k="type" v="line_thin" />
  </way>
  <way id="W390">
    <nd ref="N1518" />
    <nd ref="N1519" />
    <tag k="type" v="line_thin" />
  </way>
  <way id="W391">
    <nd ref="N1520" />
    <nd ref="N1521" />
    <tag k="type" v="line_thin" />
  </way>
  <way id="W392">
    <nd ref="N1522" />
    <nd ref="N1523" />
    <tag k="type" v="line_thin" />
  </way>
  <way id="W393">
    <nd ref="N1524" />
    <nd ref="N1525" />
    <tag k="type" v="line_thin" />
  </way>
  <way id="W394">
    <nd ref="N1526" />
    <nd ref="N1527" />
    <tag k="type" v="line_thin" />
  </way>
  <way id="W395">
    <nd ref="N1528" />
    <nd ref="N1529" />
    <tag k="type" v="line_thin" />
  </way>
  <way id="W396">
    <nd ref="N1530" />
    <nd ref="N1531" />
    <nd ref="N1532" />
    <tag k="type" v="line_thin" />
  </way>
  <way id="W397">
    <nd ref="N1533" />
    <nd ref="N1534" />
    <nd ref="N1535" />
    <tag k="type" v="line_thin" />
  </way>
  <way id="W398">
    <nd ref="N1536" />
    <nd ref="N1537" />
    <nd ref="N1538" />
    <tag k="type" v="line_thin" />
  </way>
  <way id="W399">
    <nd ref="N1539" />
    <nd ref="N1540" />
    <nd ref="N1541" />
    <tag k="type" v="line_thin" />
  </way>
  <way id="W400">
    <nd ref="N1542" />
    <nd ref="N1543" />
    <nd ref="N1544" />
    <tag k="type" v="line_thin" />
  </way>
  <way id="W401">
    <nd ref="N1545" />
    <nd ref="N1546" />
    <nd ref="N1547" />
    <tag k="type" v="line_thin" />
  </way>
  <way id="W402">
    <nd ref="N1548" />
    <nd ref="N1549" />
    <nd ref="N1550" />
    <tag k="type" v="line_thin" />
  </way>
  <way id="W403">
    <nd ref="N1551" />
    <nd ref="N1552" />
    <nd ref="N1553" />
    <tag k="type" v="line_thin" />
  </way>
  <way id="W404">
    <nd ref="N1554" />
    <nd ref="N1555" />
    <nd ref="N1556" />
    <tag k="type" v="line_thin" />
  </way>
  <way id="W405">
    <nd ref="N1557" />
    <nd ref="N1558" />
    <nd ref="N1559" />
    <tag k="type" v="line_thin" />
  </way>
  <way id="W406">
    <nd ref="N1560" />
    <nd ref="N1561" />
    <tag k="type" v="line_thin" />
  </way>
  <way id="W407">
    <nd ref="N1562" />
    <nd ref="N1563" />
    <tag k="type" v="line_thin" />
  </way>
  <way id="W408">
    <nd ref="N1564" />
    <nd ref="N1565" />
    <tag k="type" v="line_thin" />
  </way>
  <way id="W409">
    <nd ref="N1566" />
    <nd ref="N1567" />
    <tag k="type" v="line_thin" />
  </way>
  <way id="W410">
    <nd ref="N1568" />
    <nd ref="N1569" />
    <tag k="type" v="line_thin" />
  </way>
  <way id="W411">
    <nd ref="N1570" />
    <nd ref="N1571" />
    <tag k="type" v="line_thin" />
  </way>
  <way id="W412">
    <nd ref="N1572" />
    <nd ref="N1573" />
    <nd ref="N1574" />
    <nd ref="N1575" />
    <nd ref="N1576" />
    <nd ref="N1577" />
    <tag k="type" v="line_thin" />
  </way>
  <way id="W413">
    <nd ref="N1578" />
    <nd ref="N1579" />
    <nd ref="N1580" />
    <nd ref="N1581" />
    <nd ref="N1582" />
    <nd ref="N1583" />
    <tag k="type" v="line_thin" />
  </way>
  <way id="W414">
    <nd ref="N1584" />
    <nd ref="N1585" />
    <nd ref="N1586" />
    <nd ref="N1587" />
    <nd ref="N1588" />
    <nd ref="N1589" />
    <tag k="type" v="line_thin" />
  </way>
  <way id="W415">
    <nd ref="N1590" />
    <nd ref="N1591" />
    <nd ref="N1592" />
    <nd ref="N1593" />
    <nd ref="N1594" />
    <nd ref="N1595" />
    <tag k="type" v="line_thin" />
  </way>
  <way id="W416">
    <nd ref="N1596" />
    <nd ref="N1597" />
    <nd ref="N1598" />
    <nd ref="N1599" />
    <nd ref="N1600" />
    <nd ref="N1601" />
    <tag k="type" v="line_thin" />
  </way>
  <way id="W417">
    <nd ref="N1602" />
    <nd ref="N1603" />
    <nd ref="N1604" />
    <nd ref="N1605" />
    <nd ref="N1606" />
    <nd ref="N1607" />
    <tag k="type" v="line_thin" />
  </way>
  <way id="W418">
    <nd ref="N1608" />
    <nd ref="N1609" />
    <nd ref="N1610" />
    <nd ref="N1611" />
    <nd ref="N1612" />
    <nd ref="N1613" />
    <nd ref="N1614" />
    <tag k="type" v="line_thin" />
  </way>
  <way id="W419">
    <nd ref="N1615" />
    <nd ref="N1616" />
    <nd ref="N1617" />
    <nd ref="N1618" />
    <nd ref="N1619" />
    <nd ref="N1620" />
    <nd ref="N1621" />
    <tag k="type" v="line_thin" />
  </way>
  <way id="W420">
    <nd ref="N1622" />
    <nd ref="N1623" />
    <nd ref="N1624" />
    <nd ref="N1625" />
    <nd ref="N1626" />
    <nd ref="N1627" />
    <nd ref="N1628" />
    <tag k="type" v="line_thin" />
  </way>
  <way id="W421">
    <nd ref="N1629" />
    <nd ref="N1630" />
    <nd ref="N1631" />
    <nd ref="N1632" />
    <nd ref="N1633" />
    <nd ref="N1634" />
    <nd ref="N1635" />
    <tag k="type" v="line_thin" />
  </way>
  <way id="W422">
    <nd ref="N1636" />
    <nd ref="N1637" />
    <nd ref="N1638" />
    <nd ref="N1639" />
    <nd ref="N1640" />
    <nd ref="N1641" />
    <nd ref="N1642" />
    <tag k="type" v="line_thin" />
  </way>
  <way id="W423">
    <nd ref="N1643" />
    <nd ref="N1644" />
    <nd ref="N1645" />
    <nd ref="N1646" />
    <nd ref="N1647" />
    <nd ref="N1648" />
    <nd ref="N1649" />
    <tag k="type" v="line_thin" />
  </way>
  <way id="W424">
    <nd ref="N1650" />
    <nd ref="N1651" />
    <nd ref="N1652" />
    <tag k="type" v="line_thin" />
  </way>
  <way id="W425">
    <nd ref="N1653" />
    <nd ref="N1654" />
    <nd ref="N1655" />
    <tag k="type" v="line_thin" />
  </way>
  <way id="W426">
    <nd ref="N1656" />
    <nd ref="N1657" />
    <nd ref="N1658" />
    <tag k="type" v="line_thin" />
  </way>
  <way id="W427">
    <nd ref="N1659" />
    <nd ref="N1660" />
    <nd ref="N1661" />
    <tag k="type" v="line_thin" />
  </way>
  <way id="W428">
    <nd ref="N1662" />
    <nd ref="N1663" />
    <nd ref="N1664" />
    <tag k="type" v="line_thin" />
  </way>
  <way id="W429">
    <nd ref="N1665" />
    <nd ref="N1666" />
    <nd ref="N1667" />
    <tag k="type" v="line_thin" />
  </way>
  <way id="W430">
    <nd ref="N1668" />
    <nd ref="N1669" />
    <nd ref="N1670" />
    <tag k="type" v="line_thin" />
  </way>
  <way id="W431">
    <nd ref="N1671" />
    <nd ref="N1672" />
    <nd ref="N1673" />
    <tag k="type" v="line_thin" />
  </way>
  <way id="W432">
    <nd ref="N1674" />
    <nd ref="N1675" />
    <nd ref="N1676" />
    <tag k="type" v="line_thin" />
  </way>
  <way id="W433">
    <nd ref="N1677" />
    <nd ref="N1678" />
    <nd ref="N1679" />
    <tag k="type" v="line_thin" />
  </way>
  <way id="W434">
    <nd ref="N1680" />
    <nd ref="N1681" />
    <nd ref="N1682" />
    <tag k="type" v="line_thin" />
  </way>
  <way id="W435">
    <nd ref="N1683" />
    <nd ref="N1684" />
    <nd ref="N1685" />
    <tag k="type" v="line_thin" />
  </way>
  <way id="W436">
    <nd ref="N1686" />
    <nd ref="N1687" />
    <nd ref="N1688" />
    <tag k="type" v="line_thin" />
  </way>
  <way id="W437">
    <nd ref="N1689" />
    <nd ref="N1690" />
    <nd ref="N1691" />
    <tag k="type" v="line_thin" />
  </way>
  <way id="W438">
    <nd ref="N1692" />
    <nd ref="N1693" />
    <nd ref="N1694" />
    <tag k="type" v="line_thin" />
  </way>
  <way id="W439">
    <nd ref="N1695" />
    <nd ref="N1696" />
    <nd ref="N1697" />
    <tag k="type" v="line_thin" />
  </way>
  <way id="W440">
    <nd ref="N1698" />
    <nd ref="N1699" />
    <nd ref="N1700" />
    <tag k="type" v="line_thin" />
  </way>
  <way id="W441">
    <nd ref="N1701" />
    <nd ref="N1702" />
    <nd ref="N1703" />
    <tag k="type" v="line_thin" />
  </way>
  <way id="W442">
    <nd ref="N1704" />
    <nd ref="N1705" />
    <tag k="type" v="line_thin" />
  </way>
  <way id="W443">
    <nd ref="N1706" />
    <nd ref="N1707" />
    <tag k="type" v="line_thin" />
  </way>
  <way id="W444">
    <nd ref="N1708" />
    <nd ref="N1709" />
    <tag k="type" v="line_thin" />
  </way>
  <way id="W445">
    <nd ref="N1710" />
    <nd ref="N1711" />
    <tag k="type" v="line_thin" />
  </way>
  <way id="W446">
    <nd ref="N1712" />
    <nd ref="N1713" />
    <tag k="type" v="line_thin" />
  </way>
  <way id="W447">
    <nd ref="N1714" />
    <nd ref="N1715" />
    <tag k="type" v="line_thin" />
  </way>
  <way id="W448">
    <nd ref="N1716" />
    <nd ref="N1717" />
    <nd ref="N1718" />
    <tag k="type" v="line_thin" />
  </way>
  <way id="W449">
    <nd ref="N1719" />
    <nd ref="N1720" />
    <nd ref="N1721" />
    <tag k="type" v="line_thin" />
  </way>
  <way id="W450">
    <nd ref="N1722" />
    <nd ref="N1723" />
    <nd ref="N1724" />
    <tag k="type" v="line_thin" />
  </way>
  <way id="W451">
    <nd ref="N1725" />
    <nd ref="N1726" />
    <nd ref="N1727" />
    <tag k="type" v="line_thin" />
  </way>
  <way id="W452">
    <nd ref="N1728" />
    <nd ref="N1729" />
    <nd ref="N1730" />
    <tag k="type" v="line_thin" />
  </way>
  <way id="W453">
    <nd ref="N1731" />
    <nd ref="N1732" />
    <nd ref="N1733" />
    <tag k="type" v="line_thin" />
  </way>
  <way id="W454">
    <nd ref="N1734" />
    <nd ref="N1735" />
    <tag k="type" v="line_thin" />
  </way>
  <way id="W455">
    <nd ref="N1736" />
    <nd ref="N1737" />
    <tag k="type" v="line_thin" />
  </way>
  <way id="W456">
    <nd ref="N1738" />
    <nd ref="N1739" />
    <tag k="type" v="line_thin" />
  </way>
  <way id="W457">
    <nd ref="N1740" />
    <nd ref="N1741" />
    <tag k="type" v="line_thin" />
  </way>
  <way id="W458">
    <nd ref="N1742" />
    <nd ref="N1743" />
    <tag k="type" v="line_thin" />
  </way>
  <way id="W459">
    <nd ref="N1744" />
    <nd ref="N1745" />
    <tag k="type" v="line_thin" />
  </way>
  <way id="W460">
    <nd ref="N1746" />
    <nd ref="N1747" />
    <nd ref="N1748" />
    <tag k="type" v="line_thin" />
  </way>
  <way id="W461">
    <nd ref="N1749" />
    <nd ref="N1750" />
    <nd ref="N1751" />
    <tag k="type" v="line_thin" />
  </way>
  <way id="W462">
    <nd ref="N1752" />
    <nd ref="N1753" />
    <nd ref="N1754" />
    <tag k="type" v="line_thin" />
  </way>
  <way id="W463">
    <nd ref="N1755" />
    <nd ref="N1756" />
    <nd ref="N1757" />
    <tag k="type" v="line_thin" />
  </way>
  <way id="W464">
    <nd ref="N1758" />
    <nd ref="N1759" />
    <nd ref="N1760" />
    <nd ref="N1761" />
    <nd ref="N1762" />
    <tag k="type" v="line_thin" />
  </way>
  <way id="W465">
    <nd ref="N1763" />
    <nd ref="N1764" />
    <nd ref="N1765" />
    <nd ref="N1766" />
    <nd ref="N1767" />
    <tag k="type" v="line_thin" />
  </way>
  <way id="W466">
    <nd ref="N1768" />
    <nd ref="N1769" />
    <nd ref="N1770" />
    <nd ref="N1771" />
    <nd ref="N1772" />
    <tag k="type" v="line_thin" />
  </way>
  <way id="W467">
    <nd ref="N1773" />
    <nd ref="N1774" />
    <nd ref="N1775" />
    <nd ref="N1776" />
    <nd ref="N1777" />
    <tag k="type" v="line_thin" />
  </way>
  <way id="W468">
    <nd ref="N1778" />
    <nd ref="N1779" />
    <nd ref="N1780" />
    <nd ref="N1781" />
    <nd ref="N1782" />
    <tag k="type" v="line_thin" />
  </way>
  <way id="W469">
    <nd ref="N1783" />
    <nd ref="N1784" />
    <nd ref="N1785" />
    <nd ref="N1786" />
    <nd ref="N1787" />
    <tag k="type" v="line_thin" />
  </way>
  <way id="W470">
    <nd ref="N1788" />
    <nd ref="N1789" />
    <nd ref="N1790" />
    <nd ref="N1791" />
    <nd ref="N1792" />
    <tag k="type" v="line_thin" />
  </way>
  <way id="W471">
    <nd ref="N1793" />
    <nd ref="N1794" />
    <nd ref="N1795" />
    <nd ref="N1796" />
    <nd ref="N1797" />
    <tag k="type" v="line_thin" />
  </way>
  <way id="W472">
    <nd ref="N1798" />
    <nd ref="N1799" />
    <tag k="type" v="line_thin" />
  </way>
  <way id="W473">
    <nd ref="N1800" />
    <nd ref="N1801" />
    <tag k="type" v="line_thin" />
  </way>
  <way id="W474">
    <nd ref="N1802" />
    <nd ref="N1803" />
    <tag k="type" v="line_thin" />
  </way>
  <way id="W475">
    <nd ref="N1804" />
    <nd ref="N1805" />
    <tag k="type" v="line_thin" />
  </way>
  <way id="W476">
    <nd ref="N1806" />
    <nd ref="N1807" />
    <nd ref="N1808" />
    <nd ref="N1809" />
    <nd ref="N1810" />
    <nd ref="N1811" />
    <tag k="type" v="line_thin" />
  </way>
  <way id="W477">
    <nd ref="N1812" />
    <nd ref="N1813" />
    <nd ref="N1814" />
    <nd ref="N1815" />
    <nd ref="N1816" />
    <nd ref="N1817" />
    <tag k="type" v="line_thin" />
  </way>
  <way id="W478">
    <nd ref="N1818" />
    <nd ref="N1819" />
    <nd ref="N1820" />
    <nd ref="N1821" />
    <nd ref="N1822" />
    <nd ref="N1823" />
    <tag k="type" v="line_thin" />
  </way>
  <way id="W479">
    <nd ref="N1824" />
    <nd ref="N1825" />
    <nd ref="N1826" />
    <nd ref="N1827" />
    <nd ref="N1828" />
    <nd ref="N1829" />
    <tag k="type" v="line_thin" />
  </way>
  <way id="W480">
    <nd ref="N1830" />
    <nd ref="N1831" />
    <nd ref="N1832" />
    <nd ref="N1833" />
    <nd ref="N1834" />
    <nd ref="N1835" />
    <nd ref="N1836" />
    <nd ref="N1837" />
    <nd ref="N1838" />
    <nd ref="N1839" />
    <tag k="type" v="line_thin" />
  </way>
  <way id="W481">
    <nd ref="N1840" />
    <nd ref="N1841" />
    <nd ref="N1842" />
    <nd ref="N1843" />
    <nd ref="N1844" />
    <nd ref="N1845" />
    <nd ref="N1846" />
    <nd ref="N1847" />
    <nd ref="N1848" />
    <nd ref="N1849" />
    <tag k="type" v="line_thin" />
  </way>
  <way id="W482">
    <nd ref="N1850" />
    <nd ref="N1851" />
    <nd ref="N1852" />
    <nd ref="N1853" />
    <nd ref="N1854" />
    <nd ref="N1855" />
    <nd ref="N1856" />
    <nd ref="N1857" />
    <nd ref="N1858" />
    <nd ref="N1859" />
    <tag k="type" v="line_thin" />
  </way>
  <way id="W483">
    <nd ref="N1860" />
    <nd ref="N1861" />
    <nd ref="N1862" />
    <nd ref="N1863" />
    <nd ref="N1864" />
    <nd ref="N1865" />
    <nd ref="N1866" />
    <nd ref="N1867" />
    <nd ref="N1868" />
    <nd ref="N1869" />
    <tag k="type" v="line_thin" />
  </way>
  <way id="W484">
    <nd ref="N1870" />
    <nd ref="N1871" />
    <tag k="type" v="line_thin" />
  </way>
  <way id="W485">
    <nd ref="N1872" />
    <nd ref="N1873" />
    <tag k="type" v="line_thin" />
  </way>
  <way id="W486">
    <nd ref="N1874" />
    <nd ref="N1875" />
    <tag k="type" v="line_thin" />
  </way>
  <way id="W487">
    <nd ref="N1876" />
    <nd ref="N1877" />
    <tag k="type" v="line_thin" />
  </way>
  <way id="W488">
    <nd ref="N1878" />
    <nd ref="N1879" />
    <tag k="type" v="line_thin" />
  </way>
  <way id="W489">
    <nd ref="N1880" />
    <nd ref="N1881" />
    <tag k="type" v="line_thin" />
  </way>
  <way id="W490">
    <nd ref="N1882" />
    <nd ref="N1883" />
    <tag k="type" v="line_thin" />
  </way>
  <way id="W491">
    <nd ref="N1884" />
    <nd ref="N1885" />
    <tag k="type" v="line_thin" />
  </way>
  <way id="W492">
    <nd ref="N1886" />
    <nd ref="N1887" />
    <tag k="type" v="line_thin" />
  </way>
  <way id="W493">
    <nd ref="N1888" />
    <nd ref="N1889" />
    <tag k="type" v="line_thin" />
  </way>
  <way id="W494">
    <nd ref="N1890" />
    <nd ref="N1891" />
    <tag k="type" v="line_thin" />
  </way>
  <way id="W495">
    <nd ref="N1892" />
    <nd ref="N1893" />
    <tag k="type" v="line_thin" />
  </way>
  <way id="W496">
    <nd ref="N1894" />
    <nd ref="N1895" />
    <tag k="type" v="line_thin" />
  </way>
  <way id="W497">
    <nd ref="N1896" />
    <nd ref="N1897" />
    <tag k="type" v="line_thin" />
  </way>
  <way id="W498">
    <nd ref="N1898" />
    <nd ref="N1899" />
    <tag k="type" v="line_thin" />
  </way>
  <way id="W499">
    <nd ref="N1900" />
    <nd ref="N1901" />
    <tag k="type" v="line_thin" />
  </way>
  <way id="W500">
    <nd ref="N1902" />
    <nd ref="N1903" />
    <nd ref="N1904" />
    <nd ref="N1905" />
    <nd ref="N1906" />
    <nd ref="N1907" />
    <nd ref="N1908" />
    <nd ref="N1909" />
    <tag k="type" v="line_thin" />
  </way>
  <way id="W501">
    <nd ref="N1910" />
    <nd ref="N1911" />
    <nd ref="N1912" />
    <nd ref="N1913" />
    <nd ref="N1914" />
    <nd ref="N1915" />
    <nd ref="N1916" />
    <nd ref="N1917" />
    <tag k="type" v="line_thin" />
  </way>
  <way id="W502">
    <nd ref="N1918" />
    <nd ref="N1919" />
    <nd ref="N1920" />
    <nd ref="N1921" />
    <nd ref="N1922" />
    <nd ref="N1923" />
    <nd ref="N1924" />
    <nd ref="N1925" />
    <tag k="type" v="line_thin" />
  </way>
  <way id="W503">
    <nd ref="N1926" />
    <nd ref="N1927" />
    <nd ref="N1928" />
    <nd ref="N1929" />
    <nd ref="N1930" />
    <nd ref="N1931" />
    <nd ref="N1932" />
    <nd ref="N1933" />
    <tag k="type" v="line_thin" />
  </way>
  <way id="W504">
    <nd ref="N1934" />
    <nd ref="N1935" />
    <tag k="type" v="line_thin" />
  </way>
  <way id="W505">
    <nd ref="N1936" />
    <nd ref="N1937" />
    <tag k="type" v="line_thin" />
  </way>
  <way id="W506">
    <nd ref="N1938" />
    <nd ref="N1939" />
    <tag k="type" v="line_thin" />
  </way>
  <way id="W507">
    <nd ref="N1940" />
    <nd ref="N1941" />
    <tag k="type" v="line_thin" />
  </way>
  <way id="W508">
    <nd ref="N1942" />
    <nd ref="N1943" />
    <tag k="type" v="line_thin" />
  </way>
  <way id="W509">
    <nd ref="N1944" />
    <nd ref="N1945" />
    <tag k="type" v="line_thin" />
  </way>
  <way id="W510">
    <nd ref="N1946" />
    <nd ref="N1947" />
    <tag k="type" v="line_thin" />
  </way>
  <way id="W511">
    <nd ref="N1948" />
    <nd ref="N1949" />
    <tag k="type" v="line_thin" />
  </way>
  <way id="W512">
    <nd ref="N1950" />
    <nd ref="N1951" />
    <nd ref="N1952" />
    <nd ref="N1953" />
    <tag k="type" v="line_thin" />
  </way>
  <way id="W513">
    <nd ref="N1954" />
    <nd ref="N1955" />
    <nd ref="N1956" />
    <nd ref="N1957" />
    <tag k="type" v="line_thin" />
  </way>
  <way id="W514">
    <nd ref="N1958" />
    <nd ref="N1959" />
    <nd ref="N1960" />
    <nd ref="N1961" />
    <tag k="type" v="line_thin" />
  </way>
  <way id="W515">
    <nd ref="N1962" />
    <nd ref="N1963" />
    <nd ref="N1964" />
    <nd ref="N1965" />
    <tag k="type" v="line_thin" />
  </way>
  <way id="W516">
    <nd ref="N1966" />
    <nd ref="N1967" />
    <nd ref="N1968" />
    <nd ref="N1969" />
    <nd ref="N1970" />
    <nd ref="N1971" />
    <nd ref="N1972" />
    <nd ref="N1973" />
    <nd ref="N1974" />
    <nd ref="N1975" />
    <tag k="type" v="line_thin" />
  </way>
  <way id="W517">
    <nd ref="N1976" />
    <nd ref="N1977" />
    <nd ref="N1978" />
    <nd ref="N1979" />
    <nd ref="N1980" />
    <nd ref="N1981" />
    <nd ref="N1982" />
    <nd ref="N1983" />
    <nd ref="N1984" />
    <nd ref="N1985" />
    <tag k="type" v="line_thin" />
  </way>
  <way id="W518">
    <nd ref="N1986" />
    <nd ref="N1987" />
    <nd ref="N1988" />
    <nd ref="N1989" />
    <nd ref="N1990" />
    <nd ref="N1991" />
    <nd ref="N1992" />
    <nd ref="N1993" />
    <nd ref="N1994" />
    <nd ref="N1995" />
    <tag k="type" v="line_thin" />
  </way>
  <way id="W519">
    <nd ref="N1996" />
    <nd ref="N1997" />
    <nd ref="N1998" />
    <nd ref="N1999" />
    <nd ref="N2000" />
    <nd ref="N2001" />
    <nd ref="N2002" />
    <nd ref="N2003" />
    <nd ref="N2004" />
    <nd ref="N2005" />
    <tag k="type" v="line_thin" />
  </way>
  <way id="W520">
    <nd ref="N2006" />
    <nd ref="N2007" />
    <tag k="type" v="line_thin" />
  </way>
  <way id="W521">
    <nd ref="N2008" />
    <nd ref="N2009" />
    <tag k="type" v="line_thin" />
  </way>
  <way id="W522">
    <nd ref="N2010" />
    <nd ref="N2011" />
    <tag k="type" v="line_thin" />
  </way>
  <way id="W523">
    <nd ref="N2012" />
    <nd ref="N2013" />
    <tag k="type" v="line_thin" />
  </way>
  <way id="W524">
    <nd ref="N2014" />
    <nd ref="N2015" />
    <tag k="type" v="line_thin" />
  </way>
  <way id="W525">
    <nd ref="N2016" />
    <nd ref="N2017" />
    <tag k="type" v="line_thin" />
  </way>
  <way id="W526">
    <nd ref="N2018" />
    <nd ref="N2019" />
    <tag k="type" v="line_thin" />
  </way>
  <way id="W527">
    <nd ref="N2020" />
    <nd ref="N2021" />
    <tag k="type" v="line_thin" />
  </way>
  <way id="W528">
    <nd ref="N2022" />
    <nd ref="N2023" />
    <nd ref="N2024" />
    <tag k="type" v="line_thin" />
  </way>
  <way id="W529">
    <nd ref="N2025" />
    <nd ref="N2026" />
    <nd ref="N2027" />
    <tag k="type" v="line_thin" />
  </way>
  <way id="W530">
    <nd ref="N2028" />
    <nd ref="N2029" />
    <nd ref="N2030" />
    <tag k="type" v="line_thin" />
  </way>
  <way id="W531">
    <nd ref="N2031" />
    <nd ref="N2032" />
    <nd ref="N2033" />
    <tag k="type" v="line_thin" />
  </way>
  <way id="W532">
    <nd ref="N2034" />
    <nd ref="N2035" />
    <nd ref="N2036" />
    <tag k="type" v="line_thin" />
  </way>
  <way id="W533">
    <nd ref="N2037" />
    <nd ref="N2038" />
    <nd ref="N2039" />
    <tag k="type" v="line_thin" />
  </way>
  <way id="W534">
    <nd ref="N2040" />
    <nd ref="N2041" />
    <nd ref="N2042" />
    <tag k="type" v="line_thin" />
  </way>
  <way id="W535">
    <nd ref="N2043" />
    <nd ref="N2044" />
    <nd ref="N2045" />
    <tag k="type" v="line_thin" />
  </way>
  <way id="W536">
    <nd ref="N2046" />
    <nd ref="N2047" />
    <tag k="type" v="line_thin" />
  </way>
  <way id="W537">
    <nd ref="N2048" />
    <nd ref="N2049" />
    <tag k="type" v="line_thin" />
  </way>
  <way id="W538">
    <nd ref="N2050" />
    <nd ref="N2051" />
    <tag k="type" v="line_thin" />
  </way>
  <way id="W539">
    <nd ref="N2052" />
    <nd ref="N2053" />
    <tag k="type" v="line_thin" />
  </way>
  <way id="W540">
    <nd ref="N2054" />
    <nd ref="N2055" />
    <tag k="type" v="line_thin" />
  </way>
  <way id="W541">
    <nd ref="N2056" />
    <nd ref="N2057" />
    <tag k="type" v="line_thin" />
  </way>
  <way id="W542">
    <nd ref="N2058" />
    <nd ref="N2059" />
    <tag k="type" v="line_thin" />
  </way>
  <way id="W543">
    <nd ref="N2060" />
    <nd ref="N2061" />
    <tag k="type" v="line_thin" />
  </way>
  <way id="W544">
    <nd ref="N2062" />
    <nd ref="N2063" />
    <tag k="type" v="line_thin" />
  </way>
  <way id="W545">
    <nd ref="N2064" />
    <nd ref="N2065" />
    <tag k="type" v="line_thin" />
  </way>
  <way id="W546">
    <nd ref="N2066" />
    <nd ref="N2067" />
    <tag k="type" v="line_thin" />
  </way>
  <way id="W547">
    <nd ref="N2068" />
    <nd ref="N2069" />
    <tag k="type" v="line_thin" />
  </way>
  <way id="W548">
    <nd ref="N2070" />
    <nd ref="N2071" />
    <tag k="type" v="line_thin" />
  </way>
  <way id="W549">
    <nd ref="N2072" />
    <nd ref="N2073" />
    <tag k="type" v="line_thin" />
  </way>
  <way id="W550">
    <nd ref="N2074" />
    <nd ref="N2075" />
    <tag k="type" v="line_thin" />
  </way>
  <way id="W551">
    <nd ref="N2076" />
    <nd ref="N2077" />
    <tag k="type" v="line_thin" />
  </way>
  <way id="W552">
    <nd ref="N2078" />
    <nd ref="N2079" />
    <nd ref="N2080" />
    <tag k="type" v="line_thin" />
  </way>
  <way id="W553">
    <nd ref="N2081" />
    <nd ref="N2082" />
    <nd ref="N2083" />
    <tag k="type" v="line_thin" />
  </way>
  <way id="W554">
    <nd ref="N2084" />
    <nd ref="N2085" />
    <nd ref="N2086" />
    <tag k="type" v="line_thin" />
  </way>
  <way id="W555">
    <nd ref="N2087" />
    <nd ref="N2088" />
    <nd ref="N2089" />
    <tag k="type" v="line_thin" />
  </way>
  <way id="W556">
    <nd ref="N2090" />
    <nd ref="N2091" />
    <tag k="type" v="line_thin" />
  </way>
  <way id="W557">
    <nd ref="N2092" />
    <nd ref="N2093" />
    <tag k="type" v="line_thin" />
  </way>
  <way id="W558">
    <nd ref="N2094" />
    <nd ref="N2095" />
    <tag k="type" v="line_thin" />
  </way>
  <way id="W559">
    <nd ref="N2096" />
    <nd ref="N2097" />
    <tag k="type" v="line_thin" />
  </way>
  <way id="W560">
    <nd ref="N2098" />
    <nd ref="N2099" />
    <tag k="type" v="line_thin" />
  </way>
  <way id="W561">
    <nd ref="N2100" />
    <nd ref="N2101" />
    <tag k="type" v="line_thin" />
  </way>
  <way id="W562">
    <nd ref="N2102" />
    <nd ref="N2103" />
    <tag k="type" v="line_thin" />
  </way>
  <way id="W563">
    <nd ref="N2104" />
    <nd ref="N2105" />
    <tag k="type" v="line_thin" />
  </way>
  <way id="W564">
    <nd ref="N2106" />
    <nd ref="N2107" />
    <nd ref="N2108" />
    <tag k="type" v="line_thin" />
  </way>
  <way id="W565">
    <nd ref="N2109" />
    <nd ref="N2110" />
    <nd ref="N2111" />
    <tag k="type" v="line_thin" />
  </way>
  <way id="W566">
    <nd ref="N2112" />
    <nd ref="N2113" />
    <nd ref="N2114" />
    <tag k="type" v="line_thin" />
  </way>
  <way id="W567">
    <nd ref="N2115" />
    <nd ref="N2116" />
    <nd ref="N2117" />
    <tag k="type" v="line_thin" />
  </way>
  <way id="W568">
    <nd ref="N2118" />
    <nd ref="N2119" />
    <nd ref="N2120" />
    <nd ref="N2121" />
    <nd ref="N2122" />
    <nd ref="N2123" />
    <nd ref="N2124" />
    <nd ref="N2125" />
    <nd ref="N2126" />
    <nd ref="N2127" />
    <tag k="type" v="line_thin" />
  </way>
  <way id="W569">
    <nd ref="N2128" />
    <nd ref="N2129" />
    <nd ref="N2130" />
    <nd ref="N2131" />
    <nd ref="N2132" />
    <nd ref="N2133" />
    <nd ref="N2134" />
    <nd ref="N2135" />
    <nd ref="N2136" />
    <nd ref="N2137" />
    <tag k="type" v="line_thin" />
  </way>
  <way id="W570">
    <nd ref="N2138" />
    <nd ref="N2139" />
    <nd ref="N2140" />
    <nd ref="N2141" />
    <nd ref="N2142" />
    <nd ref="N2143" />
    <nd ref="N2144" />
    <nd ref="N2145" />
    <nd ref="N2146" />
    <nd ref="N2147" />
    <tag k="type" v="line_thin" />
  </way>
  <way id="W571">
    <nd ref="N2148" />
    <nd ref="N2149" />
    <nd ref="N2150" />
    <nd ref="N2151" />
    <nd ref="N2152" />
    <nd ref="N2153" />
    <nd ref="N2154" />
    <nd ref="N2155" />
    <nd ref="N2156" />
    <nd ref="N2157" />
    <tag k="type" v="line_thin" />
  </way>
  <way id="W572">
    <nd ref="N2158" />
    <nd ref="N2159" />
    <tag k="type" v="line_thin" />
  </way>
  <way id="W573">
    <nd ref="N2160" />
    <nd ref="N2161" />
    <tag k="type" v="line_thin" />
  </way>
  <way id="W574">
    <nd ref="N2162" />
    <nd ref="N2163" />
    <tag k="type" v="line_thin" />
  </way>
  <way id="W575">
    <nd ref="N2164" />
    <nd ref="N2165" />
    <tag k="type" v="line_thin" />
  </way>
  <way id="W576">
    <nd ref="N2166" />
    <nd ref="N2167" />
    <nd ref="N2168" />
    <nd ref="N2169" />
    <tag k="type" v="line_thin" />
  </way>
  <way id="W577">
    <nd ref="N2170" />
    <nd ref="N2171" />
    <nd ref="N2172" />
    <nd ref="N2173" />
    <tag k="type" v="line_thin" />
  </way>
  <way id="W578">
    <nd ref="N2174" />
    <nd ref="N2175" />
    <nd ref="N2176" />
    <nd ref="N2177" />
    <tag k="type" v="line_thin" />
  </way>
  <way id="W579">
    <nd ref="N2178" />
    <nd ref="N2179" />
    <nd ref="N2180" />
    <nd ref="N2181" />
    <tag k="type" v="line_thin" />
  </way>
  <way id="W580">
    <nd ref="N2182" />
    <nd ref="N2183" />
    <tag k="type" v="line_thin" />
  </way>
  <way id="W581">
    <nd ref="N2184" />
    <nd ref="N2185" />
    <tag k="type" v="line_thin" />
  </way>
  <way id="W582">
    <nd ref="N2186" />
    <nd ref="N2187" />
    <tag k="type" v="line_thin" />
  </way>
  <way id="W583">
    <nd ref="N2188" />
    <nd ref="N2189" />
    <tag k="type" v="line_thin" />
  </way>
  <way id="W584">
    <nd ref="N2190" />
    <nd ref="N2191" />
    <nd ref="N2192" />
    <tag k="type" v="line_thin" />
  </way>
  <way id="W585">
    <nd ref="N2193" />
    <nd ref="N2194" />
    <nd ref="N2195" />
    <tag k="type" v="line_thin" />
  </way>
  <way id="W586">
    <nd ref="N2196" />
    <nd ref="N2197" />
    <nd ref="N2198" />
    <tag k="type" v="line_thin" />
  </way>
  <way id="W587">
    <nd ref="N2199" />
    <nd ref="N2200" />
    <nd ref="N2201" />
    <tag k="type" v="line_thin" />
  </way>
  <way id="W588">
    <nd ref="N2202" />
    <nd ref="N2203" />
    <nd ref="N2204" />
    <tag k="type" v="line_thin" />
  </way>
  <way id="W589">
    <nd ref="N2205" />
    <nd ref="N2206" />
    <nd ref="N2207" />
    <tag k="type" v="line_thin" />
  </way>
  <way id="W590">
    <nd ref="N2208" />
    <nd ref="N2209" />
    <nd ref="N2210" />
    <tag k="type" v="line_thin" />
  </way>
  <way id="W591">
    <nd ref="N2211" />
    <nd ref="N2212" />
    <nd ref="N2213" />
    <tag k="type" v="line_thin" />
  </way>
  <way id="W592">
    <nd ref="N2214" />
    <nd ref="N2215" />
    <nd ref="N2216" />
    <nd ref="N2217" />
    <nd ref="N2218" />
    <nd ref="N2219" />
    <tag k="type" v="line_thin" />
  </way>
  <way id="W593">
    <nd ref="N2220" />
    <nd ref="N2221" />
    <nd ref="N2222" />
    <nd ref="N2223" />
    <nd ref="N2224" />
    <nd ref="N2225" />
    <tag k="type" v="line_thin" />
  </way>
  <way id="W594">
    <nd ref="N2226" />
    <nd ref="N2227" />
    <nd ref="N2228" />
    <nd ref="N2229" />
    <nd ref="N2230" />
    <nd ref="N2231" />
    <tag k="type" v="line_thin" />
  </way>
  <way id="W595">
    <nd ref="N2232" />
    <nd ref="N2233" />
    <nd ref="N2234" />
    <nd ref="N2235" />
    <nd ref="N2236" />
    <nd ref="N2237" />
    <tag k="type" v="line_thin" />
  </way>
  <way id="W596">
    <nd ref="N2238" />
    <nd ref="N2239" />
    <nd ref="N2240" />
    <tag k="type" v="line_thin" />
  </way>
  <way id="W597">
    <nd ref="N2241" />
    <nd ref="N2242" />
    <nd ref="N2243" />
    <tag k="type" v="line_thin" />
  </way>
  <way id="W598">
    <nd ref="N2244" />
    <nd ref="N2245" />
    <nd ref="N2246" />
    <tag k="type" v="line_thin" />
  </way>
  <way id="W599">
    <nd ref="N2247" />
    <nd ref="N2248" />
    <nd ref="N2249" />
    <tag k="type" v="line_thin" />
  </way>
  <way id="W600">
    <nd ref="N2250" />
    <nd ref="N2251" />
    <nd ref="N2252" />
    <nd ref="N2253" />
    <nd ref="N2254" />
    <tag k="type" v="line_thin" />
  </way>
  <way id="W601">
    <nd ref="N2255" />
    <nd ref="N2256" />
    <nd ref="N2257" />
    <nd ref="N2258" />
    <nd ref="N2259" />
    <tag k="type" v="line_thin" />
  </way>
  <way id="W602">
    <nd ref="N2260" />
    <nd ref="N2261" />
    <nd ref="N2262" />
    <nd ref="N2263" />
    <nd ref="N2264" />
    <tag k="type" v="line_thin" />
  </way>
  <way id="W603">
    <nd ref="N2265" />
    <nd ref="N2266" />
    <nd ref="N2267" />
    <nd ref="N2268" />
    <nd ref="N2269" />
    <tag k="type" v="line_thin" />
  </way>
  <way id="W604">
    <nd ref="N2270" />
    <nd ref="N2271" />
    <tag k="type" v="line_thin" />
  </way>
  <way id="W605">
    <nd ref="N2272" />
    <nd ref="N2273" />
    <tag k="type" v="line_thin" />
  </way>
  <way id="W606">
    <nd ref="N2274" />
    <nd ref="N2275" />
    <tag k="type" v="line_thin" />
  </way>
  <way id="W607">
    <nd ref="N2276" />
    <nd ref="N2277" />
    <tag k="type" v="line_thin" />
  </way>
  <way id="W608">
    <nd ref="N2278" />
    <nd ref="N2279" />
    <tag k="type" v="line_thin" />
  </way>
  <way id="W609">
    <nd ref="N2280" />
    <nd ref="N2281" />
    <tag k="type" v="line_thin" />
  </way>
  <way id="W610">
    <nd ref="N2282" />
    <nd ref="N2283" />
    <tag k="type" v="line_thin" />
  </way>
  <way id="W611">
    <nd ref="N2284" />
    <nd ref="N2285" />
    <tag k="type" v="line_thin" />
  </way>
  <way id="W612">
    <nd ref="N2286" />
    <nd ref="N2287" />
    <nd ref="N2288" />
    <nd ref="N2289" />
    <tag k="type" v="line_thin" />
  </way>
  <way id="W613">
    <nd ref="N2290" />
    <nd ref="N2291" />
    <nd ref="N2292" />
    <nd ref="N2293" />
    <tag k="type" v="line_thin" />
  </way>
  <way id="W614">
    <nd ref="N2294" />
    <nd ref="N2295" />
    <nd ref="N2296" />
    <nd ref="N2297" />
    <tag k="type" v="line_thin" />
  </way>
  <way id="W615">
    <nd ref="N2298" />
    <nd ref="N2299" />
    <nd ref="N2300" />
    <nd ref="N2301" />
    <tag k="type" v="line_thin" />
  </way>
  <way id="W616">
    <nd ref="N2302" />
    <nd ref="N2303" />
    <nd ref="N2304" />
    <tag k="type" v="line_thin" />
  </way>
  <way id="W617">
    <nd ref="N2305" />
    <nd ref="N2306" />
    <nd ref="N2307" />
    <tag k="type" v="line_thin" />
  </way>
  <way id="W618">
    <nd ref="N2308" />
    <nd ref="N2309" />
    <nd ref="N2310" />
    <tag k="type" v="line_thin" />
  </way>
  <way id="W619">
    <nd ref="N2311" />
    <nd ref="N2312" />
    <nd ref="N2313" />
    <tag k="type" v="line_thin" />
  </way>
  <way id="W620">
    <nd ref="N2314" />
    <nd ref="N2315" />
    <nd ref="N2316" />
    <nd ref="N2317" />
    <nd ref="N2318" />
    <nd ref="N2319" />
    <nd ref="N2320" />
    <nd ref="N2321" />
    <nd ref="N2322" />
    <tag k="type" v="line_thin" />
  </way>
  <way id="W621">
    <nd ref="N2323" />
    <nd ref="N2324" />
    <nd ref="N2325" />
    <nd ref="N2326" />
    <nd ref="N2327" />
    <nd ref="N2328" />
    <nd ref="N2329" />
    <nd ref="N2330" />
    <nd ref="N2331" />
    <tag k="type" v="line_thin" />
  </way>
  <way id="W622">
    <nd ref="N2332" />
    <nd ref="N2333" />
    <nd ref="N2334" />
    <nd ref="N2335" />
    <nd ref="N2336" />
    <nd ref="N2337" />
    <nd ref="N2338" />
    <nd ref="N2339" />
    <nd ref="N2340" />
    <tag k="type" v="line_thin" />
  </way>
  <way id="W623">
    <nd ref="N2341" />
    <nd ref="N2342" />
    <nd ref="N2343" />
    <nd ref="N2344" />
    <nd ref="N2345" />
    <nd ref="N2346" />
    <nd ref="N2347" />
    <nd ref="N2348" />
    <nd ref="N2349" />
    <tag k="type" v="line_thin" />
  </way>
  <way id="W624">
    <nd ref="N2350" />
    <nd ref="N2351" />
    <nd ref="N2352" />
    <nd ref="N2353" />
    <nd ref="N2354" />
    <nd ref="N2355" />
    <nd ref="N2356" />
    <nd ref="N2357" />
    <tag k="type" v="line_thin" />
  </way>
  <way id="W625">
    <nd ref="N2358" />
    <nd ref="N2359" />
    <nd ref="N2360" />
    <nd ref="N2361" />
    <nd ref="N2362" />
    <nd ref="N2363" />
    <nd ref="N2364" />
    <nd ref="N2365" />
    <tag k="type" v="line_thin" />
  </way>
  <way id="W626">
    <nd ref="N2366" />
    <nd ref="N2367" />
    <nd ref="N2368" />
    <nd ref="N2369" />
    <nd ref="N2370" />
    <nd ref="N2371" />
    <nd ref="N2372" />
    <nd ref="N2373" />
    <tag k="type" v="line_thin" />
  </way>
  <way id="W627">
    <nd ref="N2374" />
    <nd ref="N2375" />
    <nd ref="N2376" />
    <nd ref="N2377" />
    <nd ref="N2378" />
    <nd ref="N2379" />
    <nd ref="N2380" />
    <nd ref="N2381" />
    <tag k="type" v="line_thin" />
  </way>
  <way id="W628">
    <nd ref="N2382" />
    <nd ref="N2383" />
    <nd ref="N2384" />
    <nd ref="N2385" />
    <nd ref="N2386" />
    <nd ref="N2387" />
    <nd ref="N2388" />
    <tag k="type" v="line_thin" />
  </way>
  <way id="W629">
    <nd ref="N2389" />
    <nd ref="N2390" />
    <nd ref="N2391" />
    <nd ref="N2392" />
    <nd ref="N2393" />
    <nd ref="N2394" />
    <nd ref="N2395" />
    <tag k="type" v="line_thin" />
  </way>
  <way id="W630">
    <nd ref="N2396" />
    <nd ref="N2397" />
    <nd ref="N2398" />
    <nd ref="N2399" />
    <nd ref="N2400" />
    <nd ref="N2401" />
    <nd ref="N2402" />
    <tag k="type" v="line_thin" />
  </way>
  <way id="W631">
    <nd ref="N2403" />
    <nd ref="N2404" />
    <nd ref="N2405" />
    <nd ref="N2406" />
    <nd ref="N2407" />
    <nd ref="N2408" />
    <nd ref="N2409" />
    <tag k="type" v="line_thin" />
  </way>
  <way id="W632">
    <nd ref="N2410" />
    <nd ref="N2411" />
    <nd ref="N2412" />
    <nd ref="N2413" />
    <nd ref="N2414" />
    <nd ref="N2415" />
    <nd ref="N2416" />
    <tag k="type" v="line_thin" />
  </way>
  <way id="W633">
    <nd ref="N2417" />
    <nd ref="N2418" />
    <nd ref="N2419" />
    <nd ref="N2420" />
    <nd ref="N2421" />
    <nd ref="N2422" />
    <nd ref="N2423" />
    <tag k="type" v="line_thin" />
  </way>
  <way id="W634">
    <nd ref="N2424" />
    <nd ref="N2425" />
    <nd ref="N2426" />
    <nd ref="N2427" />
    <nd ref="N2428" />
    <nd ref="N2429" />
    <nd ref="N2430" />
    <tag k="type" v="line_thin" />
  </way>
  <way id="W635">
    <nd ref="N2431" />
    <nd ref="N2432" />
    <nd ref="N2433" />
    <nd ref="N2434" />
    <nd ref="N2435" />
    <nd ref="N2436" />
    <nd ref="N2437" />
    <tag k="type" v="line_thin" />
  </way>
  <way id="W636">
    <nd ref="N2438" />
    <nd ref="N2439" />
    <nd ref="N2440" />
    <nd ref="N2441" />
    <nd ref="N2442" />
    <nd ref="N2443" />
    <tag k="type" v="line_thin" />
  </way>
  <way id="W637">
    <nd ref="N2444" />
    <nd ref="N2445" />
    <nd ref="N2446" />
    <nd ref="N2447" />
    <nd ref="N2448" />
    <nd ref="N2449" />
    <tag k="type" v="line_thin" />
  </way>
  <way id="W638">
    <nd ref="N2450" />
    <nd ref="N2451" />
    <nd ref="N2452" />
    <nd ref="N2453" />
    <nd ref="N2454" />
    <nd ref="N2455" />
    <tag k="type" v="line_thin" />
  </way>
  <way id="W639">
    <nd ref="N2456" />
    <nd ref="N2457" />
    <nd ref="N2458" />
    <nd ref="N2459" />
    <nd ref="N2460" />
    <nd ref="N2461" />
    <tag k="type" v="line_thin" />
  </way>
  <way id="W640">
    <nd ref="N2462" />
    <nd ref="N2463" />
    <nd ref="N2464" />
    <nd ref="N2465" />
    <nd ref="N2466" />
    <tag k="type" v="line_thin" />
  </way>
  <way id="W641">
    <nd ref="N2467" />
    <nd ref="N2468" />
    <nd ref="N2469" />
    <nd ref="N2470" />
    <nd ref="N2471" />
    <tag k="type" v="line_thin" />
  </way>
  <way id="W642">
    <nd ref="N2472" />
    <nd ref="N2473" />
    <nd ref="N2474" />
    <nd ref="N2475" />
    <nd ref="N2476" />
    <tag k="type" v="line_thin" />
  </way>
  <way id="W643">
    <nd ref="N2477" />
    <nd ref="N2478" />
    <nd ref="N2479" />
    <nd ref="N2480" />
    <nd ref="N2481" />
    <tag k="type" v="line_thin" />
  </way>
  <way id="W644">
    <nd ref="N2482" />
    <nd ref="N2483" />
    <tag k="type" v="line_thin" />
  </way>
  <way id="W645">
    <nd ref="N2484" />
    <nd ref="N2485" />
    <tag k="type" v="line_thin" />
  </way>
  <way id="W646">
    <nd ref="N2486" />
    <nd ref="N2487" />
    <tag k="type" v="line_thin" />
  </way>
  <way id="W647">
    <nd ref="N2488" />
    <nd ref="N2489" />
    <tag k="type" v="line_thin" />
  </way>
  <way id="W648">
    <nd ref="N2490" />
    <nd ref="N2491" />
    <tag k="type" v="line_thin" />
  </way>
  <way id="W649">
    <nd ref="N2492" />
    <nd ref="N2493" />
    <tag k="type" v="line_thin" />
  </way>
  <way id="W650">
    <nd ref="N2494" />
    <nd ref="N2495" />
    <tag k="type" v="line_thin" />
  </way>
  <way id="W651">
    <nd ref="N2496" />
    <nd ref="N2497" />
    <tag k="type" v="line_thin" />
  </way>
  <way id="W652">
    <nd ref="N2498" />
    <nd ref="N2499" />
    <nd ref="N2500" />
    <tag k="type" v="line_thin" />
  </way>
  <way id="W653">
    <nd ref="N2501" />
    <nd ref="N2502" />
    <nd ref="N2503" />
    <tag k="type" v="line_thin" />
  </way>
  <way id="W654">
    <nd ref="N2504" />
    <nd ref="N2505" />
    <nd ref="N2506" />
    <tag k="type" v="line_thin" />
  </way>
  <way id="W655">
    <nd ref="N2507" />
    <nd ref="N2508" />
    <nd ref="N2509" />
    <tag k="type" v="line_thin" />
  </way>
  <way id="W656">
    <nd ref="N2510" />
    <nd ref="N2511" />
    <nd ref="N2512" />
    <nd ref="N2513" />
    <tag k="type" v="line_thin" />
  </way>
  <way id="W657">
    <nd ref="N2514" />
    <nd ref="N2515" />
    <nd ref="N2516" />
    <nd ref="N2517" />
    <tag k="type" v="line_thin" />
  </way>
  <way id="W658">
    <nd ref="N2518" />
    <nd ref="N2519" />
    <nd ref="N2520" />
    <nd ref="N2521" />
    <tag k="type" v="line_thin" />
  </way>
  <way id="W659">
    <nd ref="N2522" />
    <nd ref="N2523" />
    <nd ref="N2524" />
    <nd ref="N2525" />
    <tag k="type" v="line_thin" />
  </way>
  <way id="W660">
    <nd ref="N2526" />
    <nd ref="N2527" />
    <tag k="type" v="line_thin" />
  </way>
  <way id="W661">
    <nd ref="N2528" />
    <nd ref="N2529" />
    <tag k="type" v="line_thin" />
  </way>
  <way id="W662">
    <nd ref="N2530" />
    <nd ref="N2531" />
    <tag k="type" v="line_thin" />
  </way>
  <way id="W663">
    <nd ref="N2532" />
    <nd ref="N2533" />
    <tag k="type" v="line_thin" />
  </way>
  <way id="W664">
    <nd ref="N2534" />
    <nd ref="N2535" />
    <tag k="type" v="line_thin" />
  </way>
  <way id="W665">
    <nd ref="N2536" />
    <nd ref="N2537" />
    <tag k="type" v="line_thin" />
  </way>
  <way id="W666">
    <nd ref="N2538" />
    <nd ref="N2539" />
    <tag k="type" v="line_thin" />
  </way>
  <way id="W667">
    <nd ref="N2540" />
    <nd ref="N2541" />
    <tag k="type" v="line_thin" />
  </way>
  <way id="W668">
    <nd ref="N2542" />
    <nd ref="N2543" />
    <tag k="type" v="line_thin" />
  </way>
  <way id="W669">
    <nd ref="N2544" />
    <nd ref="N2545" />
    <tag k="type" v="line_thin" />
  </way>
  <way id="W670">
    <nd ref="N2546" />
    <nd ref="N2547" />
    <tag k="type" v="line_thin" />
  </way>
  <way id="W671">
    <nd ref="N2548" />
    <nd ref="N2549" />
    <tag k="type" v="line_thin" />
  </way>
  <way id="W672">
    <nd ref="N2550" />
    <nd ref="N2551" />
    <tag k="type" v="line_thin" />
  </way>
  <way id="W673">
    <nd ref="N2552" />
    <nd ref="N2553" />
    <tag k="type" v="line_thin" />
  </way>
  <way id="W674">
    <nd ref="N2554" />
    <nd ref="N2555" />
    <tag k="type" v="line_thin" />
  </way>
  <way id="W675">
    <nd ref="N2556" />
    <nd ref="N2557" />
    <tag k="type" v="line_thin" />
  </way>
  <way id="W676">
    <nd ref="N2558" />
    <nd ref="N2559" />
    <tag k="type" v="line_thin" />
  </way>
  <way id="W677">
    <nd ref="N2560" />
    <nd ref="N2561" />
    <tag k="type" v="line_thin" />
  </way>
  <way id="W678">
    <nd ref="N2562" />
    <nd ref="N2563" />
    <tag k="type" v="line_thin" />
  </way>
  <way id="W679">
    <nd ref="N2564" />
    <nd ref="N2565" />
    <tag k="type" v="line_thin" />
  </way>
  <way id="W680">
    <nd ref="N2566" />
    <nd ref="N2567" />
    <tag k="type" v="line_thin" />
  </way>
  <way id="W681">
    <nd ref="N2568" />
    <nd ref="N2569" />
    <tag k="type" v="line_thin" />
  </way>
  <way id="W682">
    <nd ref="N2570" />
    <nd ref="N2571" />
    <tag k="type" v="line_thin" />
  </way>
  <way id="W683">
    <nd ref="N2572" />
    <nd ref="N2573" />
    <tag k="type" v="line_thin" />
  </way>
  <way id="W684">
    <nd ref="N2574" />
    <nd ref="N2575" />
    <tag k="type" v="line_thin" />
  </way>
  <way id="W685">
    <nd ref="N2576" />
    <nd ref="N2577" />
    <tag k="type" v="line_thin" />
  </way>
  <way id="W686">
    <nd ref="N2578" />
    <nd ref="N2579" />
    <tag k="type" v="line_thin" />
  </way>
  <way id="W687">
    <nd ref="N2580" />
    <nd ref="N2581" />
    <tag k="type" v="line_thin" />
  </way>
  <way id="W688">
    <nd ref="N2582" />
    <nd ref="N2583" />
    <nd ref="N2584" />
    <nd ref="N2585" />
    <nd ref="N2586" />
    <nd ref="N2587" />
    <nd ref="N2588" />
    <nd ref="N2589" />
    <nd ref="N2590" />
    <nd ref="N2591" />
    <tag k="type" v="line_thin" />
  </way>
  <way id="W689">
    <nd ref="N2592" />
    <nd ref="N2593" />
    <nd ref="N2594" />
    <nd ref="N2595" />
    <nd ref="N2596" />
    <nd ref="N2597" />
    <nd ref="N2598" />
    <nd ref="N2599" />
    <nd ref="N2600" />
    <nd ref="N2601" />
    <tag k="type" v="line_thin" />
  </way>
  <way id="W690">
    <nd ref="N2602" />
    <nd ref="N2603" />
    <nd ref="N2604" />
    <nd ref="N2605" />
    <nd ref="N2606" />
    <nd ref="N2607" />
    <nd ref="N2608" />
    <nd ref="N2609" />
    <nd ref="N2610" />
    <nd ref="N2611" />
    <tag k="type" v="line_thin" />
  </way>
  <way id="W691">
    <nd ref="N2612" />
    <nd ref="N2613" />
    <nd ref="N2614" />
    <nd ref="N2615" />
    <nd ref="N2616" />
    <nd ref="N2617" />
    <nd ref="N2618" />
    <nd ref="N2619" />
    <nd ref="N2620" />
    <nd ref="N2621" />
    <tag k="type" v="line_thin" />
  </way>
  <way id="W692">
    <nd ref="N2622" />
    <nd ref="N2623" />
    <nd ref="N2624" />
    <nd ref="N2625" />
    <tag k="type" v="line_thin" />
  </way>
  <way id="W693">
    <nd ref="N2626" />
    <nd ref="N2627" />
    <nd ref="N2628" />
    <nd ref="N2629" />
    <tag k="type" v="line_thin" />
  </way>
  <way id="W694">
    <nd ref="N2630" />
    <nd ref="N2631" />
    <nd ref="N2632" />
    <nd ref="N2633" />
    <tag k="type" v="line_thin" />
  </way>
  <way id="W695">
    <nd ref="N2634" />
    <nd ref="N2635" />
    <nd ref="N2636" />
    <nd ref="N2637" />
    <tag k="type" v="line_thin" />
  </way>
  <way id="W696">
    <nd ref="N2638" />
    <nd ref="N2639" />
    <nd ref="N2640" />
    <nd ref="N2641" />
    <nd ref="N2642" />
    <nd ref="N2643" />
    <nd ref="N2644" />
    <nd ref="N2645" />
    <tag k="type" v="line_thin" />
  </way>
  <way id="W697">
    <nd ref="N2646" />
    <nd ref="N2647" />
    <nd ref="N2648" />
    <nd ref="N2649" />
    <nd ref="N2650" />
    <nd ref="N2651" />
    <nd ref="N2652" />
    <nd ref="N2653" />
    <tag k="type" v="line_thin" />
  </way>
  <way id="W698">
    <nd ref="N2654" />
    <nd ref="N2655" />
    <nd ref="N2656" />
    <nd ref="N2657" />
    <nd ref="N2658" />
    <nd ref="N2659" />
    <nd ref="N2660" />
    <nd ref="N2661" />
    <tag k="type" v="line_thin" />
  </way>
  <way id="W699">
    <nd ref="N2662" />
    <nd ref="N2663" />
    <nd ref="N2664" />
    <nd ref="N2665" />
    <nd ref="N2666" />
    <nd ref="N2667" />
    <nd ref="N2668" />
    <nd ref="N2669" />
    <tag k="type" v="line_thin" />
  </way>
  <way id="W700">
    <nd ref="N2670" />
    <nd ref="N2671" />
    <nd ref="N2672" />
    <nd ref="N2673" />
    <nd ref="N2674" />
    <tag k="type" v="line_thin" />
  </way>
  <way id="W701">
    <nd ref="N2675" />
    <nd ref="N2676" />
    <nd ref="N2677" />
    <nd ref="N2678" />
    <nd ref="N2679" />
    <tag k="type" v="line_thin" />
  </way>
  <way id="W702">
    <nd ref="N2680" />
    <nd ref="N2681" />
    <nd ref="N2682" />
    <nd ref="N2683" />
    <nd ref="N2684" />
    <tag k="type" v="line_thin" />
  </way>
  <way id="W703">
    <nd ref="N2685" />
    <nd ref="N2686" />
    <nd ref="N2687" />
    <nd ref="N2688" />
    <nd ref="N2689" />
    <tag k="type" v="line_thin" />
  </way>
  <way id="W704">
    <nd ref="N2690" />
    <nd ref="N2691" />
    <tag k="type" v="line_thin" />
  </way>
  <way id="W705">
    <nd ref="N2692" />
    <nd ref="N2693" />
    <tag k="type" v="line_thin" />
  </way>
  <way id="W706">
    <nd ref="N2694" />
    <nd ref="N2695" />
    <tag k="type" v="line_thin" />
  </way>
  <way id="W707">
    <nd ref="N2696" />
    <nd ref="N2697" />
    <tag k="type" v="line_thin" />
  </way>
  <way id="W708">
    <nd ref="N2698" />
    <nd ref="N2699" />
    <tag k="type" v="line_thin" />
  </way>
  <way id="W709">
    <nd ref="N2700" />
    <nd ref="N2701" />
    <tag k="type" v="line_thin" />
  </way>
  <way id="W710">
    <nd ref="N2702" />
    <nd ref="N2703" />
    <tag k="type" v="line_thin" />
  </way>
  <way id="W711">
    <nd ref="N2704" />
    <nd ref="N2705" />
    <tag k="type" v="line_thin" />
  </way>
  <way id="W712">
    <nd ref="N2706" />
    <nd ref="N2707" />
    <nd ref="N2708" />
    <tag k="type" v="line_thin" />
  </way>
  <way id="W713">
    <nd ref="N2709" />
    <nd ref="N2710" />
    <nd ref="N2711" />
    <tag k="type" v="line_thin" />
  </way>
  <way id="W714">
    <nd ref="N2712" />
    <nd ref="N2713" />
    <nd ref="N2714" />
    <tag k="type" v="line_thin" />
  </way>
  <way id="W715">
    <nd ref="N2715" />
    <nd ref="N2716" />
    <nd ref="N2717" />
    <tag k="type" v="line_thin" />
  </way>
  <way id="W716">
    <nd ref="N2718" />
    <nd ref="N2719" />
    <nd ref="N2720" />
    <tag k="type" v="line_thin" />
  </way>
  <way id="W717">
    <nd ref="N2721" />
    <nd ref="N2722" />
    <nd ref="N2723" />
    <tag k="type" v="line_thin" />
  </way>
  <way id="W718">
    <nd ref="N2724" />
    <nd ref="N2725" />
    <nd ref="N2726" />
    <tag k="type" v="line_thin" />
  </way>
  <way id="W719">
    <nd ref="N2727" />
    <nd ref="N2728" />
    <nd ref="N2729" />
    <tag k="type" v="line_thin" />
  </way>
  <way id="W720">
    <nd ref="N2730" />
    <nd ref="N2731" />
    <nd ref="N2732" />
    <tag k="type" v="line_thin" />
  </way>
  <way id="W721">
    <nd ref="N2733" />
    <nd ref="N2734" />
    <nd ref="N2735" />
    <tag k="type" v="line_thin" />
  </way>
  <way id="W722">
    <nd ref="N2736" />
    <nd ref="N2737" />
    <nd ref="N2738" />
    <tag k="type" v="line_thin" />
  </way>
  <way id="W723">
    <nd ref="N2739" />
    <nd ref="N2740" />
    <nd ref="N2741" />
    <tag k="type" v="line_thin" />
  </way>
  <way id="W724">
    <nd ref="N2742" />
    <nd ref="N2743" />
    <nd ref="N2744" />
    <tag k="type" v="line_thin" />
  </way>
  <way id="W725">
    <nd ref="N2745" />
    <nd ref="N2746" />
    <nd ref="N2747" />
    <tag k="type" v="line_thin" />
  </way>
  <way id="W726">
    <nd ref="N2748" />
    <nd ref="N2749" />
    <nd ref="N2750" />
    <tag k="type" v="line_thin" />
  </way>
  <way id="W727">
    <nd ref="N2751" />
    <nd ref="N2752" />
    <nd ref="N2753" />
    <tag k="type" v="line_thin" />
  </way>
  <way id="W728">
    <nd ref="N2754" />
    <nd ref="N2755" />
    <nd ref="N2756" />
    <tag k="type" v="line_thin" />
  </way>
  <way id="W729">
    <nd ref="N2757" />
    <nd ref="N2758" />
    <nd ref="N2759" />
    <tag k="type" v="line_thin" />
  </way>
  <way id="W730">
    <nd ref="N2760" />
    <nd ref="N2761" />
    <tag k="type" v="line_thin" />
  </way>
  <way id="W731">
    <nd ref="N2762" />
    <nd ref="N2763" />
    <tag k="type" v="line_thin" />
  </way>
  <way id="W732">
    <nd ref="N2764" />
    <nd ref="N2765" />
    <tag k="type" v="line_thin" />
  </way>
  <way id="W733">
    <nd ref="N2766" />
    <nd ref="N2767" />
    <tag k="type" v="line_thin" />
  </way>
  <way id="W734">
    <nd ref="N2768" />
    <nd ref="N2769" />
    <nd ref="N2770" />
    <nd ref="N2771" />
    <tag k="type" v="line_thin" />
  </way>
  <way id="W735">
    <nd ref="N2772" />
    <nd ref="N2773" />
    <nd ref="N2774" />
    <nd ref="N2775" />
    <tag k="type" v="line_thin" />
  </way>
  <way id="W736">
    <nd ref="N2776" />
    <nd ref="N2777" />
    <nd ref="N2778" />
    <nd ref="N2779" />
    <tag k="type" v="line_thin" />
  </way>
  <way id="W737">
    <nd ref="N2780" />
    <nd ref="N2781" />
    <nd ref="N2782" />
    <nd ref="N2783" />
    <tag k="type" v="line_thin" />
  </way>
  <way id="W738">
    <nd ref="N2784" />
    <nd ref="N2785" />
    <nd ref="N2786" />
    <tag k="type" v="line_thin" />
  </way>
  <way id="W739">
    <nd ref="N2787" />
    <nd ref="N2788" />
    <nd ref="N2789" />
    <tag k="type" v="line_thin" />
  </way>
  <way id="W740">
    <nd ref="N2790" />
    <nd ref="N2791" />
    <nd ref="N2792" />
    <tag k="type" v="line_thin" />
  </way>
  <way id="W741">
    <nd ref="N2793" />
    <nd ref="N2794" />
    <nd ref="N2795" />
    <tag k="type" v="line_thin" />
  </way>
  <way id="W742">
    <nd ref="N2796" />
    <nd ref="N2797" />
    <tag k="type" v="line_thin" />
  </way>
  <way id="W743">
    <nd ref="N2798" />
    <nd ref="N2799" />
    <tag k="type" v="line_thin" />
  </way>
  <way id="W744">
    <nd ref="N2800" />
    <nd ref="N2801" />
    <tag k="type" v="line_thin" />
  </way>
  <way id="W745">
    <nd ref="N2802" />
    <nd ref="N2803" />
    <tag k="type" v="line_thin" />
  </way>
  <way id="W746">
    <nd ref="N2804" />
    <nd ref="N2805" />
    <tag k="type" v="line_thin" />
  </way>
  <way id="W747">
    <nd ref="N2806" />
    <nd ref="N2807" />
    <tag k="type" v="line_thin" />
  </way>
  <way id="W748">
    <nd ref="N2808" />
    <nd ref="N2809" />
    <tag k="type" v="line_thin" />
  </way>
  <way id="W749">
    <nd ref="N2810" />
    <nd ref="N2811" />
    <tag k="type" v="line_thin" />
  </way>
  <way id="W750">
    <nd ref="N2812" />
    <nd ref="N2813" />
    <nd ref="N2814" />
    <nd ref="N2815" />
    <tag k="type" v="line_thin" />
  </way>
  <way id="W751">
    <nd ref="N2816" />
    <nd ref="N2817" />
    <nd ref="N2818" />
    <nd ref="N2819" />
    <tag k="type" v="line_thin" />
  </way>
  <way id="W752">
    <nd ref="N2820" />
    <nd ref="N2821" />
    <nd ref="N2822" />
    <nd ref="N2823" />
    <tag k="type" v="line_thin" />
  </way>
  <way id="W753">
    <nd ref="N2824" />
    <nd ref="N2825" />
    <nd ref="N2826" />
    <nd ref="N2827" />
    <tag k="type" v="line_thin" />
  </way>
  <way id="W754">
    <nd ref="N2828" />
    <nd ref="N2829" />
    <tag k="type" v="line_thin" />
  </way>
  <way id="W755">
    <nd ref="N2830" />
    <nd ref="N2831" />
    <tag k="type" v="line_thin" />
  </way>
  <way id="W756">
    <nd ref="N2832" />
    <nd ref="N2833" />
    <tag k="type" v="line_thin" />
  </way>
  <way id="W757">
    <nd ref="N2834" />
    <nd ref="N2835" />
    <tag k="type" v="line_thin" />
  </way>
  <way id="W758">
    <nd ref="N2836" />
    <nd ref="N2837" />
    <tag k="type" v="line_thin" />
  </way>
  <way id="W759">
    <nd ref="N2838" />
    <nd ref="N2839" />
    <tag k="type" v="line_thin" />
  </way>
  <way id="W760">
    <nd ref="N2840" />
    <nd ref="N2841" />
    <tag k="type" v="line_thin" />
  </way>
  <way id="W761">
    <nd ref="N2842" />
    <nd ref="N2843" />
    <tag k="type" v="line_thin" />
  </way>
  <way id="W762">
    <nd ref="N2844" />
    <nd ref="N2845" />
    <tag k="type" v="line_thin" />
  </way>
  <way id="W763">
    <nd ref="N2846" />
    <nd ref="N2847" />
    <tag k="type" v="line_thin" />
  </way>
  <way id="W764">
    <nd ref="N2848" />
    <nd ref="N2849" />
    <tag k="type" v="line_thin" />
  </way>
  <way id="W765">
    <nd ref="N2850" />
    <nd ref="N2851" />
    <tag k="type" v="line_thin" />
  </way>
  <way id="W766">
    <nd ref="N2852" />
    <nd ref="N2853" />
    <tag k="type" v="line_thin" />
  </way>
  <way id="W767">
    <nd ref="N2854" />
    <nd ref="N2855" />
    <tag k="type" v="line_thin" />
  </way>
  <way id="W768">
    <nd ref="N2856" />
    <nd ref="N2857" />
    <tag k="type" v="line_thin" />
  </way>
  <way id="W769">
    <nd ref="N2858" />
    <nd ref="N2859" />
    <tag k="type" v="line_thin" />
  </way>
  <way id="W770">
    <nd ref="N2860" />
    <nd ref="N2861" />
    <tag k="type" v="line_thin" />
  </way>
  <way id="W771">
    <nd ref="N2862" />
    <nd ref="N2863" />
    <tag k="type" v="line_thin" />
  </way>
  <way id="W772">
    <nd ref="N2864" />
    <nd ref="N2865" />
    <tag k="type" v="line_thin" />
  </way>
  <way id="W773">
    <nd ref="N2866" />
    <nd ref="N2867" />
    <tag k="type" v="line_thin" />
  </way>
  <way id="W774">
    <nd ref="N2868" />
    <nd ref="N2869" />
    <nd ref="N2870" />
    <nd ref="N2871" />
    <nd ref="N2872" />
    <nd ref="N2873" />
    <tag k="type" v="line_thin" />
  </way>
  <way id="W775">
    <nd ref="N2874" />
    <nd ref="N2875" />
    <nd ref="N2876" />
    <nd ref="N2877" />
    <nd ref="N2878" />
    <nd ref="N2879" />
    <tag k="type" v="line_thin" />
  </way>
  <way id="W776">
    <nd ref="N2880" />
    <nd ref="N2881" />
    <nd ref="N2882" />
    <nd ref="N2883" />
    <nd ref="N2884" />
    <nd ref="N2885" />
    <tag k="type" v="line_thin" />
  </way>
  <way id="W777">
    <nd ref="N2886" />
    <nd ref="N2887" />
    <nd ref="N2888" />
    <nd ref="N2889" />
    <nd ref="N2890" />
    <nd ref="N2891" />
    <tag k="type" v="line_thin" />
  </way>
  <way id="W778">
    <nd ref="N2892" />
    <nd ref="N2893" />
    <nd ref="N2894" />
    <nd ref="N2895" />
    <nd ref="N2896" />
    <nd ref="N2897" />
    <tag k="type" v="line_thin" />
  </way>
  <way id="W779">
    <nd ref="N2898" />
    <nd ref="N2899" />
    <nd ref="N2900" />
    <nd ref="N2901" />
    <nd ref="N2902" />
    <nd ref="N2903" />
    <tag k="type" v="line_thin" />
  </way>
  <way id="W780">
    <nd ref="N2904" />
    <nd ref="N2905" />
    <nd ref="N2906" />
    <nd ref="N2907" />
    <nd ref="N2908" />
    <nd ref="N2909" />
    <tag k="type" v="line_thin" />
  </way>
  <way id="W781">
    <nd ref="N2910" />
    <nd ref="N2911" />
    <nd ref="N2912" />
    <nd ref="N2913" />
    <nd ref="N2914" />
    <nd ref="N2915" />
    <tag k="type" v="line_thin" />
  </way>
  <way id="W782">
    <nd ref="N2916" />
    <nd ref="N2917" />
    <tag k="type" v="line_thin" />
  </way>
  <way id="W783">
    <nd ref="N2918" />
    <nd ref="N2919" />
    <tag k="type" v="line_thin" />
  </way>
  <way id="W784">
    <nd ref="N2920" />
    <nd ref="N2921" />
    <tag k="type" v="line_thin" />
  </way>
  <way id="W785">
    <nd ref="N2922" />
    <nd ref="N2923" />
    <tag k="type" v="line_thin" />
  </way>
  <way id="W786">
    <nd ref="N2924" />
    <nd ref="N2925" />
    <nd ref="N2926" />
    <tag k="type" v="line_thin" />
  </way>
  <way id="W787">
    <nd ref="N2927" />
    <nd ref="N2928" />
    <nd ref="N2929" />
    <tag k="type" v="line_thin" />
  </way>
  <way id="W788">
    <nd ref="N2930" />
    <nd ref="N2931" />
    <nd ref="N2932" />
    <tag k="type" v="line_thin" />
  </way>
  <way id="W789">
    <nd ref="N2933" />
    <nd ref="N2934" />
    <nd ref="N2935" />
    <tag k="type" v="line_thin" />
  </way>
  <way id="W790">
    <nd ref="N2936" />
    <nd ref="N2937" />
    <nd ref="N2938" />
    <tag k="type" v="line_thin" />
  </way>
  <way id="W791">
    <nd ref="N2939" />
    <nd ref="N2940" />
    <nd ref="N2941" />
    <tag k="type" v="line_thin" />
  </way>
  <way id="W792">
    <nd ref="N2942" />
    <nd ref="N2943" />
    <nd ref="N2944" />
    <tag k="type" v="line_thin" />
  </way>
  <way id="W793">
    <nd ref="N2945" />
    <nd ref="N2946" />
    <nd ref="N2947" />
    <tag k="type" v="line_thin" />
  </way>
  <way id="W794">
    <nd ref="N2948" />
    <nd ref="N2949" />
    <tag k="type" v="line_thin" />
  </way>
  <way id="W795">
    <nd ref="N2950" />
    <nd ref="N2951" />
    <tag k="type" v="line_thin" />
  </way>
  <way id="W796">
    <nd ref="N2952" />
    <nd ref="N2953" />
    <tag k="type" v="line_thin" />
  </way>
  <way id="W797">
    <nd ref="N2954" />
    <nd ref="N2955" />
    <tag k="type" v="line_thin" />
  </way>
  <relation id="R0">
    <member type="way" ref="W42" role="left" />
    <member type="way" ref="W43" role="right" />
    <tag k="type" v="lanelet" />
    <tag k="subtype" v="road" />
    <tag k="speed_limit" v="8.33" />
    <tag k="location" v="residential" />
    <tag k="one_way" v="no" />
    <tag k="lanelet_id" v="Birnauer Straße.lane.1" />
  </relation>
  <relation id="R1">
    <member type="way" ref="W44" role="left" />
    <member type="way" ref="W45" role="right" />
    <tag k="type" v="lanelet" />
    <tag k="subtype" v="road" />
    <tag k="speed_limit" v="8.33" />
    <tag k="location" v="residential" />
    <tag k="one_way" v="no" />
    <tag k="lanelet_id" v="Birnauer Straße.lane.101" />
  </relation>
  <relation id="R2">
    <member type="way" ref="W516" role="left" />
    <member type="way" ref="W517" role="right" />
    <tag k="type" v="lanelet" />
    <tag k="subtype" v="road" />
    <tag k="speed_limit" v="8.33" />
    <tag k="location" v="residential" />
    <tag k="one_way" v="no" />
    <tag k="lanelet_id" v="Birnauer Straße_311413661.lane.1" />
  </relation>
  <relation id="R3">
    <member type="way" ref="W518" role="left" />
    <member type="way" ref="W519" role="right" />
    <tag k="type" v="lanelet" />
    <tag k="subtype" v="road" />
    <tag k="speed_limit" v="8.33" />
    <tag k="location" v="residential" />
    <tag k="one_way" v="no" />
    <tag k="lanelet_id" v="Birnauer Straße_311413661.lane.101" />
  </relation>
  <relation id="R4">
    <member type="way" ref="W520" role="left" />
    <member type="way" ref="W521" role="right" />
    <tag k="type" v="lanelet" />
    <tag k="subtype" v="road" />
    <tag k="speed_limit" v="8.33" />
    <tag k="location" v="residential" />
    <tag k="one_way" v="no" />
    <tag k="lanelet_id" v="Birnauer Straße_311415321.lane.1" />
  </relation>
  <relation id="R5">
    <member type="way" ref="W522" role="left" />
    <member type="way" ref="W523" role="right" />
    <tag k="type" v="lanelet" />
    <tag k="subtype" v="road" />
    <tag k="speed_limit" v="8.33" />
    <tag k="location" v="residential" />
    <tag k="one_way" v="no" />
    <tag k="lanelet_id" v="Birnauer Straße_311415321.lane.101" />
  </relation>
  <relation id="R6">
    <member type="way" ref="W164" role="left" />
    <member type="way" ref="W165" role="right" />
    <tag k="type" v="lanelet" />
    <tag k="subtype" v="road" />
    <tag k="speed_limit" v="8.33" />
    <tag k="location" v="residential" />
    <tag k="one_way" v="no" />
    <tag k="lanelet_id" v="Birnauer Straße_81958060.lane.1" />
  </relation>
  <relation id="R7">
    <member type="way" ref="W166" role="left" />
    <member type="way" ref="W167" role="right" />
    <tag k="type" v="lanelet" />
    <tag k="subtype" v="road" />
    <tag k="speed_limit" v="8.33" />
    <tag k="location" v="residential" />
    <tag k="one_way" v="no" />
    <tag k="lanelet_id" v="Birnauer Straße_81958060.lane.101" />
  </relation>
  <relation id="R8">
    <member type="way" ref="W168" role="left" />
    <member type="way" ref="W169" role="right" />
    <tag k="type" v="lanelet" />
    <tag k="subtype" v="road" />
    <tag k="speed_limit" v="8.33" />
    <tag k="location" v="residential" />
    <tag k="one_way" v="no" />
    <tag k="lanelet_id" v="Birnauer Straße_89360845.lane.1" />
  </relation>
  <relation id="R9">
    <member type="way" ref="W170" role="left" />
    <member type="way" ref="W171" role="right" />
    <tag k="type" v="lanelet" />
    <tag k="subtype" v="road" />
    <tag k="speed_limit" v="8.33" />
    <tag k="location" v="residential" />
    <tag k="one_way" v="no" />
    <tag k="lanelet_id" v="Birnauer Straße_89360845.lane.101" />
  </relation>
  <relation id="R10">
    <member type="way" ref="W68" role="left" />
    <member type="way" ref="W69" role="right" />
    <tag k="type" v="lanelet" />
    <tag k="subtype" v="road" />
    <tag k="speed_limit" v="8.33" />
    <tag k="location" v="residential" />
    <tag k="one_way" v="no" />
    <tag k="lanelet_id" v="Bregenzer Straße.lane.1" />
  </relation>
  <relation id="R11">
    <member type="way" ref="W70" role="left" />
    <member type="way" ref="W71" role="right" />
    <tag k="type" v="lanelet" />
    <tag k="subtype" v="road" />
    <tag k="speed_limit" v="8.33" />
    <tag k="location" v="residential" />
    <tag k="one_way" v="no" />
    <tag k="lanelet_id" v="Bregenzer Straße.lane.101" />
  </relation>
  <relation id="R12">
    <member type="way" ref="W156" role="left" />
    <member type="way" ref="W157" role="right" />
    <tag k="type" v="lanelet" />
    <tag k="subtype" v="road" />
    <tag k="speed_limit" v="13.89" />
    <tag k="location" v="residential" />
    <tag k="one_way" v="no" />
    <tag k="lanelet_id" v="Bregenzer Straße_81094405.lane.1" />
  </relation>
  <relation id="R13">
    <member type="way" ref="W158" role="left" />
    <member type="way" ref="W159" role="right" />
    <tag k="type" v="lanelet" />
    <tag k="subtype" v="road" />
    <tag k="speed_limit" v="13.89" />
    <tag k="location" v="residential" />
    <tag k="one_way" v="no" />
    <tag k="lanelet_id" v="Bregenzer Straße_81094405.lane.101" />
  </relation>
  <relation id="R14">
    <member type="way" ref="W160" role="left" />
    <member type="way" ref="W161" role="right" />
    <tag k="type" v="lanelet" />
    <tag k="subtype" v="road" />
    <tag k="speed_limit" v="8.33" />
    <tag k="location" v="residential" />
    <tag k="one_way" v="no" />
    <tag k="lanelet_id" v="Bregenzer Straße_81094411.lane.1" />
  </relation>
  <relation id="R15">
    <member type="way" ref="W162" role="left" />
    <member type="way" ref="W163" role="right" />
    <tag k="type" v="lanelet" />
    <tag k="subtype" v="road" />
    <tag k="speed_limit" v="8.33" />
    <tag k="location" v="residential" />
    <tag k="one_way" v="no" />
    <tag k="lanelet_id" v="Bregenzer Straße_81094411.lane.101" />
  </relation>
  <relation id="R16">
    <member type="way" ref="W22" role="left" />
    <member type="way" ref="W23" role="right" />
    <tag k="type" v="lanelet" />
    <tag k="subtype" v="road" />
    <tag k="speed_limit" v="8.33" />
    <tag k="location" v="residential" />
    <tag k="one_way" v="no" />
    <tag k="lanelet_id" v="Dostlerstraße.lane.1" />
  </relation>
  <relation id="R17">
    <member type="way" ref="W24" role="left" />
    <member type="way" ref="W25" role="right" />
    <tag k="type" v="lanelet" />
    <tag k="subtype" v="road" />
    <tag k="speed_limit" v="8.33" />
    <tag k="location" v="residential" />
    <tag k="one_way" v="no" />
    <tag k="lanelet_id" v="Dostlerstraße.lane.101" />
  </relation>
  <relation id="R18">
    <member type="way" ref="W738" role="left" />
    <member type="way" ref="W739" role="right" />
    <tag k="type" v="lanelet" />
    <tag k="subtype" v="road" />
    <tag k="speed_limit" v="8.33" />
    <tag k="location" v="residential" />
    <tag k="one_way" v="no" />
    <tag k="lanelet_id" v="Dostlerstraße_1079276736.lane.1" />
  </relation>
  <relation id="R19">
    <member type="way" ref="W740" role="left" />
    <member type="way" ref="W741" role="right" />
    <tag k="type" v="lanelet" />
    <tag k="subtype" v="road" />
    <tag k="speed_limit" v="8.33" />
    <tag k="location" v="residential" />
    <tag k="one_way" v="no" />
    <tag k="lanelet_id" v="Dostlerstraße_1079276736.lane.101" />
  </relation>
  <relation id="R20">
    <member type="way" ref="W742" role="left" />
    <member type="way" ref="W743" role="right" />
    <tag k="type" v="lanelet" />
    <tag k="subtype" v="road" />
    <tag k="speed_limit" v="13.89" />
    <tag k="location" v="residential" />
    <tag k="one_way" v="no" />
    <tag k="lanelet_id" v="Dostlerstraße_1079276737.lane.1" />
  </relation>
  <relation id="R21">
    <member type="way" ref="W744" role="left" />
    <member type="way" ref="W745" role="right" />
    <tag k="type" v="lanelet" />
    <tag k="subtype" v="road" />
    <tag k="speed_limit" v="13.89" />
    <tag k="location" v="residential" />
    <tag k="one_way" v="no" />
    <tag k="lanelet_id" v="Dostlerstraße_1079276737.lane.101" />
  </relation>
  <relation id="R22">
    <member type="way" ref="W472" role="left" />
    <member type="way" ref="W473" role="right" />
    <tag k="type" v="lanelet" />
    <tag k="subtype" v="road" />
    <tag k="speed_limit" v="13.89" />
    <tag k="location" v="residential" />
    <tag k="one_way" v="no" />
    <tag k="lanelet_id" v="Dostlerstraße_276642025.lane.1" />
  </relation>
  <relation id="R23">
    <member type="way" ref="W474" role="left" />
    <member type="way" ref="W475" role="right" />
    <tag k="type" v="lanelet" />
    <tag k="subtype" v="road" />
    <tag k="speed_limit" v="13.89" />
    <tag k="location" v="residential" />
    <tag k="one_way" v="no" />
    <tag k="lanelet_id" v="Dostlerstraße_276642025.lane.101" />
  </relation>
  <relation id="R24">
    <member type="way" ref="W476" role="left" />
    <member type="way" ref="W477" role="right" />
    <tag k="type" v="lanelet" />
    <tag k="subtype" v="road" />
    <tag k="speed_limit" v="8.33" />
    <tag k="location" v="residential" />
    <tag k="one_way" v="no" />
    <tag k="lanelet_id" v="Dostlerstraße_276642026.lane.1" />
  </relation>
  <relation id="R25">
    <member type="way" ref="W478" role="left" />
    <member type="way" ref="W479" role="right" />
    <tag k="type" v="lanelet" />
    <tag k="subtype" v="road" />
    <tag k="speed_limit" v="8.33" />
    <tag k="location" v="residential" />
    <tag k="one_way" v="no" />
    <tag k="lanelet_id" v="Dostlerstraße_276642026.lane.101" />
  </relation>
  <relation id="R26">
    <member type="way" ref="W148" role="left" />
    <member type="way" ref="W149" role="right" />
    <tag k="type" v="lanelet" />
    <tag k="subtype" v="road" />
    <tag k="speed_limit" v="8.33" />
    <tag k="location" v="residential" />
    <tag k="one_way" v="no" />
    <tag k="lanelet_id" v="Dostlerstraße_51788054.lane.1" />
  </relation>
  <relation id="R27">
    <member type="way" ref="W150" role="left" />
    <member type="way" ref="W151" role="right" />
    <tag k="type" v="lanelet" />
    <tag k="subtype" v="road" />
    <tag k="speed_limit" v="8.33" />
    <tag k="location" v="residential" />
    <tag k="one_way" v="no" />
    <tag k="lanelet_id" v="Dostlerstraße_51788054.lane.101" />
  </relation>
  <relation id="R28">
    <member type="way" ref="W276" role="left" />
    <member type="way" ref="W277" role="right" />
    <tag k="type" v="lanelet" />
    <tag k="subtype" v="road" />
    <tag k="speed_limit" v="8.33" />
    <tag k="location" v="residential" />
    <tag k="one_way" v="yes" />
    <tag k="lanelet_id" v="Egmontstraße.lane.1" />
  </relation>
  <relation id="R29">
    <member type="way" ref="W278" role="left" />
    <member type="way" ref="W279" role="right" />
    <tag k="type" v="lanelet" />
    <tag k="subtype" v="road" />
    <tag k="speed_limit" v="8.33" />
    <tag k="location" v="residential" />
    <tag k="one_way" v="yes" />
    <tag k="lanelet_id" v="Egmontstraße.lane.2" />
  </relation>
  <relation id="R30">
    <member type="way" ref="W280" role="left" />
    <member type="way" ref="W281" role="right" />
    <tag k="type" v="lanelet" />
    <tag k="subtype" v="road" />
    <tag k="speed_limit" v="8.33" />
    <tag k="location" v="residential" />
    <tag k="one_way" v="no" />
    <tag k="lanelet_id" v="Fürstenbergstraße.lane.1" />
  </relation>
  <relation id="R31">
    <member type="way" ref="W282" role="left" />
    <member type="way" ref="W283" role="right" />
    <tag k="type" v="lanelet" />
    <tag k="subtype" v="road" />
    <tag k="speed_limit" v="8.33" />
    <tag k="location" v="residential" />
    <tag k="one_way" v="no" />
    <tag k="lanelet_id" v="Fürstenbergstraße.lane.101" />
  </relation>
  <relation id="R32">
    <member type="way" ref="W284" role="left" />
    <member type="way" ref="W285" role="right" />
    <tag k="type" v="lanelet" />
    <tag k="subtype" v="road" />
    <tag k="speed_limit" v="8.33" />
    <tag k="location" v="residential" />
    <tag k="one_way" v="no" />
    <tag k="lanelet_id" v="Gartenstraße.lane.1" />
  </relation>
  <relation id="R33">
    <member type="way" ref="W286" role="left" />
    <member type="way" ref="W287" role="right" />
    <tag k="type" v="lanelet" />
    <tag k="subtype" v="road" />
    <tag k="speed_limit" v="8.33" />
    <tag k="location" v="residential" />
    <tag k="one_way" v="no" />
    <tag k="lanelet_id" v="Gartenstraße.lane.101" />
  </relation>
  <relation id="R34">
    <member type="way" ref="W14" role="left" />
    <member type="way" ref="W15" role="right" />
    <tag k="type" v="lanelet" />
    <tag k="subtype" v="road" />
    <tag k="speed_limit" v="16.67" />
    <tag k="location" v="urban" />
    <tag k="one_way" v="yes" />
    <tag k="lanelet_id" v="Georg-Brauchle-Ring.lane.1" />
  </relation>
  <relation id="R35">
    <member type="way" ref="W16" role="left" />
    <member type="way" ref="W17" role="right" />
    <tag k="type" v="lanelet" />
    <tag k="subtype" v="road" />
    <tag k="speed_limit" v="16.67" />
    <tag k="location" v="urban" />
    <tag k="one_way" v="yes" />
    <tag k="lanelet_id" v="Georg-Brauchle-Ring.lane.2" />
  </relation>
  <relation id="R36">
    <member type="way" ref="W206" role="left" />
    <member type="way" ref="W207" role="right" />
    <tag k="type" v="lanelet" />
    <tag k="subtype" v="road" />
    <tag k="speed_limit" v="16.67" />
    <tag k="location" v="urban" />
    <tag k="one_way" v="yes" />
    <tag k="lanelet_id" v="Georg-Brauchle-Ring_145433978.lane.1" />
  </relation>
  <relation id="R37">
    <member type="way" ref="W208" role="left" />
    <member type="way" ref="W209" role="right" />
    <tag k="type" v="lanelet" />
    <tag k="subtype" v="road" />
    <tag k="speed_limit" v="16.67" />
    <tag k="location" v="urban" />
    <tag k="one_way" v="yes" />
    <tag k="lanelet_id" v="Georg-Brauchle-Ring_145433978.lane.2" />
  </relation>
  <relation id="R38">
    <member type="way" ref="W210" role="left" />
    <member type="way" ref="W211" role="right" />
    <tag k="type" v="lanelet" />
    <tag k="subtype" v="road" />
    <tag k="speed_limit" v="16.67" />
    <tag k="location" v="urban" />
    <tag k="one_way" v="yes" />
    <tag k="lanelet_id" v="Georg-Brauchle-Ring_145433978.lane.3" />
  </relation>
  <relation id="R39">
    <member type="way" ref="W212" role="left" />
    <member type="way" ref="W213" role="right" />
    <tag k="type" v="lanelet" />
    <tag k="subtype" v="road" />
    <tag k="speed_limit" v="16.67" />
    <tag k="location" v="urban" />
    <tag k="one_way" v="yes" />
    <tag k="lanelet_id" v="Georg-Brauchle-Ring_145433978.lane.4" />
  </relation>
  <relation id="R40">
    <member type="way" ref="W218" role="left" />
    <member type="way" ref="W219" role="right" />
    <tag k="type" v="lanelet" />
    <tag k="subtype" v="road" />
    <tag k="speed_limit" v="16.67" />
    <tag k="location" v="urban" />
    <tag k="one_way" v="yes" />
    <tag k="lanelet_id" v="Georg-Brauchle-Ring_146396400.lane.1" />
  </relation>
  <relation id="R41">
    <member type="way" ref="W220" role="left" />
    <member type="way" ref="W221" role="right" />
    <tag k="type" v="lanelet" />
    <tag k="subtype" v="road" />
    <tag k="speed_limit" v="16.67" />
    <tag k="location" v="urban" />
    <tag k="one_way" v="yes" />
    <tag k="lanelet_id" v="Georg-Brauchle-Ring_146396400.lane.2" />
  </relation>
  <relation id="R42">
    <member type="way" ref="W484" role="left" />
    <member type="way" ref="W485" role="right" />
    <tag k="type" v="lanelet" />
    <tag k="subtype" v="road" />
    <tag k="speed_limit" v="16.67" />
    <tag k="location" v="urban" />
    <tag k="one_way" v="yes" />
    <tag k="lanelet_id" v="Georg-Brauchle-Ring_283871244.lane.1" />
  </relation>
  <relation id="R43">
    <member type="way" ref="W486" role="left" />
    <member type="way" ref="W487" role="right" />
    <tag k="type" v="lanelet" />
    <tag k="subtype" v="road" />
    <tag k="speed_limit" v="16.67" />
    <tag k="location" v="urban" />
    <tag k="one_way" v="yes" />
    <tag k="lanelet_id" v="Georg-Brauchle-Ring_283871244.lane.2" />
  </relation>
  <relation id="R44">
    <member type="way" ref="W488" role="left" />
    <member type="way" ref="W489" role="right" />
    <tag k="type" v="lanelet" />
    <tag k="subtype" v="road" />
    <tag k="speed_limit" v="16.67" />
    <tag k="location" v="urban" />
    <tag k="one_way" v="yes" />
    <tag k="lanelet_id" v="Georg-Brauchle-Ring_283871244.lane.3" />
  </relation>
  <relation id="R45">
    <member type="way" ref="W490" role="left" />
    <member type="way" ref="W491" role="right" />
    <tag k="type" v="lanelet" />
    <tag k="subtype" v="road" />
    <tag k="speed_limit" v="16.67" />
    <tag k="location" v="urban" />
    <tag k="one_way" v="yes" />
    <tag k="lanelet_id" v="Georg-Brauchle-Ring_283871244.lane.4" />
  </relation>
  <relation id="R46">
    <member type="way" ref="W18" role="left" />
    <member type="way" ref="W19" role="right" />
    <tag k="type" v="lanelet" />
    <tag k="subtype" v="road" />
    <tag k="speed_limit" v="16.67" />
    <tag k="location" v="urban" />
    <tag k="one_way" v="yes" />
    <tag k="lanelet_id" v="Georg-Brauchle-Ring_4300524.lane.1" />
  </relation>
  <relation id="R47">
    <member type="way" ref="W20" role="left" />
    <member type="way" ref="W21" role="right" />
    <tag k="type" v="lanelet" />
    <tag k="subtype" v="road" />
    <tag k="speed_limit" v="16.67" />
    <tag k="location" v="urban" />
    <tag k="one_way" v="yes" />
    <tag k="lanelet_id" v="Georg-Brauchle-Ring_4300524.lane.2" />
  </relation>
  <relation id="R48">
    <member type="way" ref="W180" role="left" />
    <member type="way" ref="W181" role="right" />
    <tag k="type" v="lanelet" />
    <tag k="subtype" v="road" />
    <tag k="speed_limit" v="16.67" />
    <tag k="location" v="urban" />
    <tag k="one_way" v="yes" />
    <tag k="lanelet_id" v="Georg-Brauchle-Ring_95800607.lane.1" />
  </relation>
  <relation id="R49">
    <member type="way" ref="W182" role="left" />
    <member type="way" ref="W183" role="right" />
    <tag k="type" v="lanelet" />
    <tag k="subtype" v="road" />
    <tag k="speed_limit" v="16.67" />
    <tag k="location" v="urban" />
    <tag k="one_way" v="yes" />
    <tag k="lanelet_id" v="Georg-Brauchle-Ring_95800607.lane.2" />
  </relation>
  <relation id="R50">
    <member type="way" ref="W76" role="left" />
    <member type="way" ref="W77" role="right" />
    <tag k="type" v="lanelet" />
    <tag k="subtype" v="road" />
    <tag k="speed_limit" v="8.33" />
    <tag k="location" v="residential" />
    <tag k="one_way" v="yes" />
    <tag k="lanelet_id" v="Götzstraße.lane.1" />
  </relation>
  <relation id="R51">
    <member type="way" ref="W78" role="left" />
    <member type="way" ref="W79" role="right" />
    <tag k="type" v="lanelet" />
    <tag k="subtype" v="road" />
    <tag k="speed_limit" v="8.33" />
    <tag k="location" v="residential" />
    <tag k="one_way" v="yes" />
    <tag k="lanelet_id" v="Götzstraße.lane.2" />
  </relation>
  <relation id="R52">
    <member type="way" ref="W64" role="left" />
    <member type="way" ref="W65" role="right" />
    <tag k="type" v="lanelet" />
    <tag k="subtype" v="road" />
    <tag k="speed_limit" v="8.33" />
    <tag k="location" v="residential" />
    <tag k="one_way" v="no" />
    <tag k="lanelet_id" v="Hanselmannstraße.lane.1" />
  </relation>
  <relation id="R53">
    <member type="way" ref="W66" role="left" />
    <member type="way" ref="W67" role="right" />
    <tag k="type" v="lanelet" />
    <tag k="subtype" v="road" />
    <tag k="speed_limit" v="8.33" />
    <tag k="location" v="residential" />
    <tag k="one_way" v="no" />
    <tag k="lanelet_id" v="Hanselmannstraße.lane.101" />
  </relation>
  <relation id="R54">
    <member type="way" ref="W532" role="left" />
    <member type="way" ref="W533" role="right" />
    <tag k="type" v="lanelet" />
    <tag k="subtype" v="road" />
    <tag k="speed_limit" v="8.33" />
    <tag k="location" v="residential" />
    <tag k="one_way" v="no" />
    <tag k="lanelet_id" v="Hanselmannstraße_339700502.lane.1" />
  </relation>
  <relation id="R55">
    <member type="way" ref="W534" role="left" />
    <member type="way" ref="W535" role="right" />
    <tag k="type" v="lanelet" />
    <tag k="subtype" v="road" />
    <tag k="speed_limit" v="8.33" />
    <tag k="location" v="residential" />
    <tag k="one_way" v="no" />
    <tag k="lanelet_id" v="Hanselmannstraße_339700502.lane.101" />
  </relation>
  <relation id="R56">
    <member type="way" ref="W536" role="left" />
    <member type="way" ref="W537" role="right" />
    <tag k="type" v="lanelet" />
    <tag k="subtype" v="road" />
    <tag k="speed_limit" v="8.33" />
    <tag k="location" v="residential" />
    <tag k="one_way" v="no" />
    <tag k="lanelet_id" v="Hanselmannstraße_339700504.lane.1" />
  </relation>
  <relation id="R57">
    <member type="way" ref="W538" role="left" />
    <member type="way" ref="W539" role="right" />
    <tag k="type" v="lanelet" />
    <tag k="subtype" v="road" />
    <tag k="speed_limit" v="8.33" />
    <tag k="location" v="residential" />
    <tag k="one_way" v="no" />
    <tag k="lanelet_id" v="Hanselmannstraße_339700504.lane.101" />
  </relation>
  <relation id="R58">
    <member type="way" ref="W540" role="left" />
    <member type="way" ref="W541" role="right" />
    <tag k="type" v="lanelet" />
    <tag k="subtype" v="road" />
    <tag k="speed_limit" v="8.33" />
    <tag k="location" v="residential" />
    <tag k="one_way" v="no" />
    <tag k="lanelet_id" v="Hanselmannstraße_339700505.lane.1" />
  </relation>
  <relation id="R59">
    <member type="way" ref="W542" role="left" />
    <member type="way" ref="W543" role="right" />
    <tag k="type" v="lanelet" />
    <tag k="subtype" v="road" />
    <tag k="speed_limit" v="8.33" />
    <tag k="location" v="residential" />
    <tag k="one_way" v="no" />
    <tag k="lanelet_id" v="Hanselmannstraße_339700505.lane.101" />
  </relation>
  <relation id="R60">
    <member type="way" ref="W544" role="left" />
    <member type="way" ref="W545" role="right" />
    <tag k="type" v="lanelet" />
    <tag k="subtype" v="road" />
    <tag k="speed_limit" v="8.33" />
    <tag k="location" v="residential" />
    <tag k="one_way" v="no" />
    <tag k="lanelet_id" v="Hanselmannstraße_339700506.lane.1" />
  </relation>
  <relation id="R61">
    <member type="way" ref="W546" role="left" />
    <member type="way" ref="W547" role="right" />
    <tag k="type" v="lanelet" />
    <tag k="subtype" v="road" />
    <tag k="speed_limit" v="8.33" />
    <tag k="location" v="residential" />
    <tag k="one_way" v="no" />
    <tag k="lanelet_id" v="Hanselmannstraße_339700506.lane.101" />
  </relation>
  <relation id="R62">
    <member type="way" ref="W548" role="left" />
    <member type="way" ref="W549" role="right" />
    <tag k="type" v="lanelet" />
    <tag k="subtype" v="road" />
    <tag k="speed_limit" v="8.33" />
    <tag k="location" v="residential" />
    <tag k="one_way" v="no" />
    <tag k="lanelet_id" v="Hanselmannstraße_339700507.lane.1" />
  </relation>
  <relation id="R63">
    <member type="way" ref="W550" role="left" />
    <member type="way" ref="W551" role="right" />
    <tag k="type" v="lanelet" />
    <tag k="subtype" v="road" />
    <tag k="speed_limit" v="8.33" />
    <tag k="location" v="residential" />
    <tag k="one_way" v="no" />
    <tag k="lanelet_id" v="Hanselmannstraße_339700507.lane.101" />
  </relation>
  <relation id="R64">
    <member type="way" ref="W552" role="left" />
    <member type="way" ref="W553" role="right" />
    <tag k="type" v="lanelet" />
    <tag k="subtype" v="road" />
    <tag k="speed_limit" v="8.33" />
    <tag k="location" v="residential" />
    <tag k="one_way" v="no" />
    <tag k="lanelet_id" v="Hanselmannstraße_339700508.lane.1" />
  </relation>
  <relation id="R65">
    <member type="way" ref="W554" role="left" />
    <member type="way" ref="W555" role="right" />
    <tag k="type" v="lanelet" />
    <tag k="subtype" v="road" />
    <tag k="speed_limit" v="8.33" />
    <tag k="location" v="residential" />
    <tag k="one_way" v="no" />
    <tag k="lanelet_id" v="Hanselmannstraße_339700508.lane.101" />
  </relation>
  <relation id="R66">
    <member type="way" ref="W556" role="left" />
    <member type="way" ref="W557" role="right" />
    <tag k="type" v="lanelet" />
    <tag k="subtype" v="road" />
    <tag k="speed_limit" v="8.33" />
    <tag k="location" v="residential" />
    <tag k="one_way" v="no" />
    <tag k="lanelet_id" v="Hanselmannstraße_339700511.lane.1" />
  </relation>
  <relation id="R67">
    <member type="way" ref="W558" role="left" />
    <member type="way" ref="W559" role="right" />
    <tag k="type" v="lanelet" />
    <tag k="subtype" v="road" />
    <tag k="speed_limit" v="8.33" />
    <tag k="location" v="residential" />
    <tag k="one_way" v="no" />
    <tag k="lanelet_id" v="Hanselmannstraße_339700511.lane.101" />
  </relation>
  <relation id="R68">
    <member type="way" ref="W560" role="left" />
    <member type="way" ref="W561" role="right" />
    <tag k="type" v="lanelet" />
    <tag k="subtype" v="road" />
    <tag k="speed_limit" v="8.33" />
    <tag k="location" v="residential" />
    <tag k="one_way" v="no" />
    <tag k="lanelet_id" v="Hanselmannstraße_339700512.lane.1" />
  </relation>
  <relation id="R69">
    <member type="way" ref="W562" role="left" />
    <member type="way" ref="W563" role="right" />
    <tag k="type" v="lanelet" />
    <tag k="subtype" v="road" />
    <tag k="speed_limit" v="8.33" />
    <tag k="location" v="residential" />
    <tag k="one_way" v="no" />
    <tag k="lanelet_id" v="Hanselmannstraße_339700512.lane.101" />
  </relation>
  <relation id="R70">
    <member type="way" ref="W564" role="left" />
    <member type="way" ref="W565" role="right" />
    <tag k="type" v="lanelet" />
    <tag k="subtype" v="road" />
    <tag k="speed_limit" v="8.33" />
    <tag k="location" v="residential" />
    <tag k="one_way" v="no" />
    <tag k="lanelet_id" v="Hanselmannstraße_339700513.lane.1" />
  </relation>
  <relation id="R71">
    <member type="way" ref="W566" role="left" />
    <member type="way" ref="W567" role="right" />
    <tag k="type" v="lanelet" />
    <tag k="subtype" v="road" />
    <tag k="speed_limit" v="8.33" />
    <tag k="location" v="residential" />
    <tag k="one_way" v="no" />
    <tag k="lanelet_id" v="Hanselmannstraße_339700513.lane.101" />
  </relation>
  <relation id="R72">
    <member type="way" ref="W568" role="left" />
    <member type="way" ref="W569" role="right" />
    <tag k="type" v="lanelet" />
    <tag k="subtype" v="road" />
    <tag k="speed_limit" v="8.33" />
    <tag k="location" v="residential" />
    <tag k="one_way" v="no" />
    <tag k="lanelet_id" v="Hanselmannstraße_339700515.lane.1" />
  </relation>
  <relation id="R73">
    <member type="way" ref="W570" role="left" />
    <member type="way" ref="W571" role="right" />
    <tag k="type" v="lanelet" />
    <tag k="subtype" v="road" />
    <tag k="speed_limit" v="8.33" />
    <tag k="location" v="residential" />
    <tag k="one_way" v="no" />
    <tag k="lanelet_id" v="Hanselmannstraße_339700515.lane.101" />
  </relation>
  <relation id="R74">
    <member type="way" ref="W38" role="left" />
    <member type="way" ref="W39" role="right" />
    <tag k="type" v="lanelet" />
    <tag k="subtype" v="road" />
    <tag k="speed_limit" v="13.89" />
    <tag k="location" v="residential" />
    <tag k="one_way" v="yes" />
    <tag k="lanelet_id" v="Helene-Mayer-Ring.lane.1" />
  </relation>
  <relation id="R75">
    <member type="way" ref="W40" role="left" />
    <member type="way" ref="W41" role="right" />
    <tag k="type" v="lanelet" />
    <tag k="subtype" v="road" />
    <tag k="speed_limit" v="13.89" />
    <tag k="location" v="residential" />
    <tag k="one_way" v="yes" />
    <tag k="lanelet_id" v="Helene-Mayer-Ring.lane.2" />
  </relation>
  <relation id="R76">
    <member type="way" ref="W46" role="left" />
    <member type="way" ref="W47" role="right" />
    <tag k="type" v="lanelet" />
    <tag k="subtype" v="road" />
    <tag k="speed_limit" v="8.33" />
    <tag k="location" v="residential" />
    <tag k="one_way" v="yes" />
    <tag k="lanelet_id" v="Helene-Mayer-Ring_10065802.lane.1" />
  </relation>
  <relation id="R77">
    <member type="way" ref="W48" role="left" />
    <member type="way" ref="W49" role="right" />
    <tag k="type" v="lanelet" />
    <tag k="subtype" v="road" />
    <tag k="speed_limit" v="8.33" />
    <tag k="location" v="residential" />
    <tag k="one_way" v="yes" />
    <tag k="lanelet_id" v="Helene-Mayer-Ring_10065802.lane.2" />
  </relation>
  <relation id="R78">
    <member type="way" ref="W50" role="left" />
    <member type="way" ref="W51" role="right" />
    <tag k="type" v="lanelet" />
    <tag k="subtype" v="road" />
    <tag k="speed_limit" v="8.33" />
    <tag k="location" v="residential" />
    <tag k="one_way" v="yes" />
    <tag k="lanelet_id" v="Helene-Mayer-Ring_10066255.lane.1" />
  </relation>
  <relation id="R79">
    <member type="way" ref="W52" role="left" />
    <member type="way" ref="W53" role="right" />
    <tag k="type" v="lanelet" />
    <tag k="subtype" v="road" />
    <tag k="speed_limit" v="8.33" />
    <tag k="location" v="residential" />
    <tag k="one_way" v="yes" />
    <tag k="lanelet_id" v="Helene-Mayer-Ring_10066255.lane.2" />
  </relation>
  <relation id="R80">
    <member type="way" ref="W480" role="left" />
    <member type="way" ref="W481" role="right" />
    <tag k="type" v="lanelet" />
    <tag k="subtype" v="road" />
    <tag k="speed_limit" v="8.33" />
    <tag k="location" v="residential" />
    <tag k="one_way" v="yes" />
    <tag k="lanelet_id" v="Helene-Mayer-Ring_282017116.lane.1" />
  </relation>
  <relation id="R81">
    <member type="way" ref="W482" role="left" />
    <member type="way" ref="W483" role="right" />
    <tag k="type" v="lanelet" />
    <tag k="subtype" v="road" />
    <tag k="speed_limit" v="8.33" />
    <tag k="location" v="residential" />
    <tag k="one_way" v="yes" />
    <tag k="lanelet_id" v="Helene-Mayer-Ring_282017116.lane.2" />
  </relation>
  <relation id="R82">
    <member type="way" ref="W496" role="left" />
    <member type="way" ref="W497" role="right" />
    <tag k="type" v="lanelet" />
    <tag k="subtype" v="road" />
    <tag k="speed_limit" v="13.89" />
    <tag k="location" v="residential" />
    <tag k="one_way" v="yes" />
    <tag k="lanelet_id" v="Helene-Mayer-Ring_291794246.lane.1" />
  </relation>
  <relation id="R83">
    <member type="way" ref="W498" role="left" />
    <member type="way" ref="W499" role="right" />
    <tag k="type" v="lanelet" />
    <tag k="subtype" v="road" />
    <tag k="speed_limit" v="13.89" />
    <tag k="location" v="residential" />
    <tag k="one_way" v="yes" />
    <tag k="lanelet_id" v="Helene-Mayer-Ring_291794246.lane.2" />
  </relation>
  <relation id="R84">
    <member type="way" ref="W500" role="left" />
    <member type="way" ref="W501" role="right" />
    <tag k="type" v="lanelet" />
    <tag k="subtype" v="road" />
    <tag k="speed_limit" v="8.33" />
    <tag k="location" v="residential" />
    <tag k="one_way" v="yes" />
    <tag k="lanelet_id" v="Helene-Mayer-Ring_291794247.lane.1" />
  </relation>
  <relation id="R85">
    <member type="way" ref="W502" role="left" />
    <member type="way" ref="W503" role="right" />
    <tag k="type" v="lanelet" />
    <tag k="subtype" v="road" />
    <tag k="speed_limit" v="8.33" />
    <tag k="location" v="residential" />
    <tag k="one_way" v="yes" />
    <tag k="lanelet_id" v="Helene-Mayer-Ring_291794247.lane.2" />
  </relation>
  <relation id="R86">
    <member type="way" ref="W176" role="left" />
    <member type="way" ref="W177" role="right" />
    <tag k="type" v="lanelet" />
    <tag k="subtype" v="road" />
    <tag k="speed_limit" v="8.33" />
    <tag k="location" v="residential" />
    <tag k="one_way" v="yes" />
    <tag k="lanelet_id" v="Helene-Mayer-Ring_93759035.lane.1" />
  </relation>
  <relation id="R87">
    <member type="way" ref="W178" role="left" />
    <member type="way" ref="W179" role="right" />
    <tag k="type" v="lanelet" />
    <tag k="subtype" v="road" />
    <tag k="speed_limit" v="8.33" />
    <tag k="location" v="residential" />
    <tag k="one_way" v="yes" />
    <tag k="lanelet_id" v="Helene-Mayer-Ring_93759035.lane.2" />
  </relation>
  <relation id="R88">
    <member type="way" ref="W34" role="left" />
    <member type="way" ref="W35" role="right" />
    <tag k="type" v="lanelet" />
    <tag k="subtype" v="road" />
    <tag k="speed_limit" v="8.33" />
    <tag k="location" v="residential" />
    <tag k="one_way" v="yes" />
    <tag k="lanelet_id" v="Kantstraße.lane.1" />
  </relation>
  <relation id="R89">
    <member type="way" ref="W36" role="left" />
    <member type="way" ref="W37" role="right" />
    <tag k="type" v="lanelet" />
    <tag k="subtype" v="road" />
    <tag k="speed_limit" v="8.33" />
    <tag k="location" v="residential" />
    <tag k="one_way" v="yes" />
    <tag k="lanelet_id" v="Kantstraße.lane.2" />
  </relation>
  <relation id="R90">
    <member type="way" ref="W746" role="left" />
    <member type="way" ref="W747" role="right" />
    <tag k="type" v="lanelet" />
    <tag k="subtype" v="road" />
    <tag k="speed_limit" v="8.33" />
    <tag k="location" v="residential" />
    <tag k="one_way" v="yes" />
    <tag k="lanelet_id" v="Kantstraße_1079276738.lane.1" />
  </relation>
  <relation id="R91">
    <member type="way" ref="W748" role="left" />
    <member type="way" ref="W749" role="right" />
    <tag k="type" v="lanelet" />
    <tag k="subtype" v="road" />
    <tag k="speed_limit" v="8.33" />
    <tag k="location" v="residential" />
    <tag k="one_way" v="yes" />
    <tag k="lanelet_id" v="Kantstraße_1079276738.lane.2" />
  </relation>
  <relation id="R92">
    <member type="way" ref="W198" role="left" />
    <member type="way" ref="W199" role="right" />
    <tag k="type" v="lanelet" />
    <tag k="subtype" v="road" />
    <tag k="speed_limit" v="8.33" />
    <tag k="location" v="residential" />
    <tag k="one_way" v="yes" />
    <tag k="lanelet_id" v="Kantstraße_123625461.lane.1" />
  </relation>
  <relation id="R93">
    <member type="way" ref="W200" role="left" />
    <member type="way" ref="W201" role="right" />
    <tag k="type" v="lanelet" />
    <tag k="subtype" v="road" />
    <tag k="speed_limit" v="8.33" />
    <tag k="location" v="residential" />
    <tag k="one_way" v="yes" />
    <tag k="lanelet_id" v="Kantstraße_123625461.lane.2" />
  </relation>
  <relation id="R94">
    <member type="way" ref="W572" role="left" />
    <member type="way" ref="W573" role="right" />
    <tag k="type" v="lanelet" />
    <tag k="subtype" v="road" />
    <tag k="speed_limit" v="8.33" />
    <tag k="location" v="residential" />
    <tag k="one_way" v="yes" />
    <tag k="lanelet_id" v="Kantstraße_339700517.lane.1" />
  </relation>
  <relation id="R95">
    <member type="way" ref="W574" role="left" />
    <member type="way" ref="W575" role="right" />
    <tag k="type" v="lanelet" />
    <tag k="subtype" v="road" />
    <tag k="speed_limit" v="8.33" />
    <tag k="location" v="residential" />
    <tag k="one_way" v="yes" />
    <tag k="lanelet_id" v="Kantstraße_339700517.lane.2" />
  </relation>
  <relation id="R96">
    <member type="way" ref="W576" role="left" />
    <member type="way" ref="W577" role="right" />
    <tag k="type" v="lanelet" />
    <tag k="subtype" v="road" />
    <tag k="speed_limit" v="8.33" />
    <tag k="location" v="residential" />
    <tag k="one_way" v="yes" />
    <tag k="lanelet_id" v="Kantstraße_339700519.lane.1" />
  </relation>
  <relation id="R97">
    <member type="way" ref="W578" role="left" />
    <member type="way" ref="W579" role="right" />
    <tag k="type" v="lanelet" />
    <tag k="subtype" v="road" />
    <tag k="speed_limit" v="8.33" />
    <tag k="location" v="residential" />
    <tag k="one_way" v="yes" />
    <tag k="lanelet_id" v="Kantstraße_339700519.lane.2" />
  </relation>
  <relation id="R98">
    <member type="way" ref="W580" role="left" />
    <member type="way" ref="W581" role="right" />
    <tag k="type" v="lanelet" />
    <tag k="subtype" v="road" />
    <tag k="speed_limit" v="8.33" />
    <tag k="location" v="residential" />
    <tag k="one_way" v="yes" />
    <tag k="lanelet_id" v="Kantstraße_339700520.lane.1" />
  </relation>
  <relation id="R99">
    <member type="way" ref="W582" role="left" />
    <member type="way" ref="W583" role="right" />
    <tag k="type" v="lanelet" />
    <tag k="subtype" v="road" />
    <tag k="speed_limit" v="8.33" />
    <tag k="location" v="residential" />
    <tag k="one_way" v="yes" />
    <tag k="lanelet_id" v="Kantstraße_339700520.lane.2" />
  </relation>
  <relation id="R100">
    <member type="way" ref="W584" role="left" />
    <member type="way" ref="W585" role="right" />
    <tag k="type" v="lanelet" />
    <tag k="subtype" v="road" />
    <tag k="speed_limit" v="8.33" />
    <tag k="location" v="residential" />
    <tag k="one_way" v="yes" />
    <tag k="lanelet_id" v="Kantstraße_339700536.lane.1" />
  </relation>
  <relation id="R101">
    <member type="way" ref="W586" role="left" />
    <member type="way" ref="W587" role="right" />
    <tag k="type" v="lanelet" />
    <tag k="subtype" v="road" />
    <tag k="speed_limit" v="8.33" />
    <tag k="location" v="residential" />
    <tag k="one_way" v="yes" />
    <tag k="lanelet_id" v="Kantstraße_339700536.lane.2" />
  </relation>
  <relation id="R102">
    <member type="way" ref="W588" role="left" />
    <member type="way" ref="W589" role="right" />
    <tag k="type" v="lanelet" />
    <tag k="subtype" v="road" />
    <tag k="speed_limit" v="8.33" />
    <tag k="location" v="residential" />
    <tag k="one_way" v="yes" />
    <tag k="lanelet_id" v="Kantstraße_339700541.lane.1" />
  </relation>
  <relation id="R103">
    <member type="way" ref="W590" role="left" />
    <member type="way" ref="W591" role="right" />
    <tag k="type" v="lanelet" />
    <tag k="subtype" v="road" />
    <tag k="speed_limit" v="8.33" />
    <tag k="location" v="residential" />
    <tag k="one_way" v="yes" />
    <tag k="lanelet_id" v="Kantstraße_339700541.lane.2" />
  </relation>
  <relation id="R104">
    <member type="way" ref="W84" role="left" />
    <member type="way" ref="W85" role="right" />
    <tag k="type" v="lanelet" />
    <tag k="subtype" v="road" />
    <tag k="speed_limit" v="13.89" />
    <tag k="location" v="urban" />
    <tag k="one_way" v="yes" />
    <tag k="lanelet_id" v="Lerchenauer Straße.lane.1" />
  </relation>
  <relation id="R105">
    <member type="way" ref="W86" role="left" />
    <member type="way" ref="W87" role="right" />
    <tag k="type" v="lanelet" />
    <tag k="subtype" v="road" />
    <tag k="speed_limit" v="13.89" />
    <tag k="location" v="urban" />
    <tag k="one_way" v="yes" />
    <tag k="lanelet_id" v="Lerchenauer Straße.lane.2" />
  </relation>
  <relation id="R106">
    <member type="way" ref="W712" role="left" />
    <member type="way" ref="W713" role="right" />
    <tag k="type" v="lanelet" />
    <tag k="subtype" v="road" />
    <tag k="speed_limit" v="13.89" />
    <tag k="location" v="urban" />
    <tag k="one_way" v="no" />
    <tag k="lanelet_id" v="Lerchenauer Straße_1023916092.lane.1" />
  </relation>
  <relation id="R107">
    <member type="way" ref="W716" role="left" />
    <member type="way" ref="W717" role="right" />
    <tag k="type" v="lanelet" />
    <tag k="subtype" v="road" />
    <tag k="speed_limit" v="13.89" />
    <tag k="location" v="urban" />
    <tag k="one_way" v="no" />
    <tag k="lanelet_id" v="Lerchenauer Straße_1023916092.lane.101" />
  </relation>
  <relation id="R108">
    <member type="way" ref="W718" role="left" />
    <member type="way" ref="W719" role="right" />
    <tag k="type" v="lanelet" />
    <tag k="subtype" v="road" />
    <tag k="speed_limit" v="13.89" />
    <tag k="location" v="urban" />
    <tag k="one_way" v="no" />
    <tag k="lanelet_id" v="Lerchenauer Straße_1023916092.lane.102" />
  </relation>
  <relation id="R109">
    <member type="way" ref="W714" role="left" />
    <member type="way" ref="W715" role="right" />
    <tag k="type" v="lanelet" />
    <tag k="subtype" v="road" />
    <tag k="speed_limit" v="13.89" />
    <tag k="location" v="urban" />
    <tag k="one_way" v="no" />
    <tag k="lanelet_id" v="Lerchenauer Straße_1023916092.lane.2" />
  </relation>
  <relation id="R110">
    <member type="way" ref="W720" role="left" />
    <member type="way" ref="W721" role="right" />
    <tag k="type" v="lanelet" />
    <tag k="subtype" v="road" />
    <tag k="speed_limit" v="13.89" />
    <tag k="location" v="urban" />
    <tag k="one_way" v="yes" />
    <tag k="lanelet_id" v="Lerchenauer Straße_1076186578.lane.1" />
  </relation>
  <relation id="R111">
    <member type="way" ref="W722" role="left" />
    <member type="way" ref="W723" role="right" />
    <tag k="type" v="lanelet" />
    <tag k="subtype" v="road" />
    <tag k="speed_limit" v="13.89" />
    <tag k="location" v="urban" />
    <tag k="one_way" v="yes" />
    <tag k="lanelet_id" v="Lerchenauer Straße_1076186578.lane.2" />
  </relation>
  <relation id="R112">
    <member type="way" ref="W724" role="left" />
    <member type="way" ref="W725" role="right" />
    <tag k="type" v="lanelet" />
    <tag k="subtype" v="road" />
    <tag k="speed_limit" v="13.89" />
    <tag k="location" v="urban" />
    <tag k="one_way" v="yes" />
    <tag k="lanelet_id" v="Lerchenauer Straße_1076186579.lane.1" />
  </relation>
  <relation id="R113">
    <member type="way" ref="W726" role="left" />
    <member type="way" ref="W727" role="right" />
    <tag k="type" v="lanelet" />
    <tag k="subtype" v="road" />
    <tag k="speed_limit" v="13.89" />
    <tag k="location" v="urban" />
    <tag k="one_way" v="yes" />
    <tag k="lanelet_id" v="Lerchenauer Straße_1076186579.lane.2" />
  </relation>
  <relation id="R114">
    <member type="way" ref="W728" role="left" />
    <member type="way" ref="W729" role="right" />
    <tag k="type" v="lanelet" />
    <tag k="subtype" v="road" />
    <tag k="speed_limit" v="13.89" />
    <tag k="location" v="urban" />
    <tag k="one_way" v="yes" />
    <tag k="lanelet_id" v="Lerchenauer Straße_1076186579.lane.3" />
  </relation>
  <relation id="R115">
    <member type="way" ref="W766" role="left" />
    <member type="way" ref="W767" role="right" />
    <tag k="type" v="lanelet" />
    <tag k="subtype" v="road" />
    <tag k="speed_limit" v="13.89" />
    <tag k="location" v="urban" />
    <tag k="one_way" v="yes" />
    <tag k="lanelet_id" v="Lerchenauer Straße_1120836495.lane.1" />
  </relation>
  <relation id="R116">
    <member type="way" ref="W768" role="left" />
    <member type="way" ref="W769" role="right" />
    <tag k="type" v="lanelet" />
    <tag k="subtype" v="road" />
    <tag k="speed_limit" v="13.89" />
    <tag k="location" v="urban" />
    <tag k="one_way" v="yes" />
    <tag k="lanelet_id" v="Lerchenauer Straße_1120836495.lane.2" />
  </relation>
  <relation id="R117">
    <member type="way" ref="W770" role="left" />
    <member type="way" ref="W771" role="right" />
    <tag k="type" v="lanelet" />
    <tag k="subtype" v="road" />
    <tag k="speed_limit" v="13.89" />
    <tag k="location" v="urban" />
    <tag k="one_way" v="yes" />
    <tag k="lanelet_id" v="Lerchenauer Straße_1120836497.lane.1" />
  </relation>
  <relation id="R118">
    <member type="way" ref="W772" role="left" />
    <member type="way" ref="W773" role="right" />
    <tag k="type" v="lanelet" />
    <tag k="subtype" v="road" />
    <tag k="speed_limit" v="13.89" />
    <tag k="location" v="urban" />
    <tag k="one_way" v="yes" />
    <tag k="lanelet_id" v="Lerchenauer Straße_1120836497.lane.2" />
  </relation>
  <relation id="R119">
    <member type="way" ref="W794" role="left" />
    <member type="way" ref="W795" role="right" />
    <tag k="type" v="lanelet" />
    <tag k="subtype" v="road" />
    <tag k="speed_limit" v="13.89" />
    <tag k="location" v="urban" />
    <tag k="one_way" v="no" />
    <tag k="lanelet_id" v="Lerchenauer Straße_1428931979.lane.1" />
  </relation>
  <relation id="R120">
    <member type="way" ref="W796" role="left" />
    <member type="way" ref="W797" role="right" />
    <tag k="type" v="lanelet" />
    <tag k="subtype" v="road" />
    <tag k="speed_limit" v="13.89" />
    <tag k="location" v="urban" />
    <tag k="one_way" v="no" />
    <tag k="lanelet_id" v="Lerchenauer Straße_1428931979.lane.101" />
  </relation>
  <relation id="R121">
    <member type="way" ref="W246" role="left" />
    <member type="way" ref="W247" role="right" />
    <tag k="type" v="lanelet" />
    <tag k="subtype" v="road" />
    <tag k="speed_limit" v="13.89" />
    <tag k="location" v="urban" />
    <tag k="one_way" v="yes" />
    <tag k="lanelet_id" v="Lerchenauer Straße_147950382.lane.1" />
  </relation>
  <relation id="R122">
    <member type="way" ref="W248" role="left" />
    <member type="way" ref="W249" role="right" />
    <tag k="type" v="lanelet" />
    <tag k="subtype" v="road" />
    <tag k="speed_limit" v="13.89" />
    <tag k="location" v="urban" />
    <tag k="one_way" v="yes" />
    <tag k="lanelet_id" v="Lerchenauer Straße_147950382.lane.2" />
  </relation>
  <relation id="R123">
    <member type="way" ref="W250" role="left" />
    <member type="way" ref="W251" role="right" />
    <tag k="type" v="lanelet" />
    <tag k="subtype" v="road" />
    <tag k="speed_limit" v="13.89" />
    <tag k="location" v="urban" />
    <tag k="one_way" v="yes" />
    <tag k="lanelet_id" v="Lerchenauer Straße_147950387.lane.1" />
  </relation>
  <relation id="R124">
    <member type="way" ref="W252" role="left" />
    <member type="way" ref="W253" role="right" />
    <tag k="type" v="lanelet" />
    <tag k="subtype" v="road" />
    <tag k="speed_limit" v="13.89" />
    <tag k="location" v="urban" />
    <tag k="one_way" v="yes" />
    <tag k="lanelet_id" v="Lerchenauer Straße_147950387.lane.2" />
  </relation>
  <relation id="R125">
    <member type="way" ref="W258" role="left" />
    <member type="way" ref="W259" role="right" />
    <tag k="type" v="lanelet" />
    <tag k="subtype" v="road" />
    <tag k="speed_limit" v="13.89" />
    <tag k="location" v="urban" />
    <tag k="one_way" v="no" />
    <tag k="lanelet_id" v="Lerchenauer Straße_151786524.lane.1" />
  </relation>
  <relation id="R126">
    <member type="way" ref="W260" role="left" />
    <member type="way" ref="W261" role="right" />
    <tag k="type" v="lanelet" />
    <tag k="subtype" v="road" />
    <tag k="speed_limit" v="13.89" />
    <tag k="location" v="urban" />
    <tag k="one_way" v="no" />
    <tag k="lanelet_id" v="Lerchenauer Straße_151786524.lane.101" />
  </relation>
  <relation id="R127">
    <member type="way" ref="W306" role="left" />
    <member type="way" ref="W307" role="right" />
    <tag k="type" v="lanelet" />
    <tag k="subtype" v="road" />
    <tag k="speed_limit" v="13.89" />
    <tag k="location" v="urban" />
    <tag k="one_way" v="yes" />
    <tag k="lanelet_id" v="Lerchenauer Straße_209452708.lane.1" />
  </relation>
  <relation id="R128">
    <member type="way" ref="W308" role="left" />
    <member type="way" ref="W309" role="right" />
    <tag k="type" v="lanelet" />
    <tag k="subtype" v="road" />
    <tag k="speed_limit" v="13.89" />
    <tag k="location" v="urban" />
    <tag k="one_way" v="yes" />
    <tag k="lanelet_id" v="Lerchenauer Straße_209452708.lane.2" />
  </relation>
  <relation id="R129">
    <member type="way" ref="W310" role="left" />
    <member type="way" ref="W311" role="right" />
    <tag k="type" v="lanelet" />
    <tag k="subtype" v="road" />
    <tag k="speed_limit" v="13.89" />
    <tag k="location" v="urban" />
    <tag k="one_way" v="yes" />
    <tag k="lanelet_id" v="Lerchenauer Straße_209452708.lane.3" />
  </relation>
  <relation id="R130">
    <member type="way" ref="W328" role="left" />
    <member type="way" ref="W329" role="right" />
    <tag k="type" v="lanelet" />
    <tag k="subtype" v="road" />
    <tag k="speed_limit" v="13.89" />
    <tag k="location" v="urban" />
    <tag k="one_way" v="yes" />
    <tag k="lanelet_id" v="Lerchenauer Straße_256987058.lane.1" />
  </relation>
  <relation id="R131">
    <member type="way" ref="W330" role="left" />
    <member type="way" ref="W331" role="right" />
    <tag k="type" v="lanelet" />
    <tag k="subtype" v="road" />
    <tag k="speed_limit" v="13.89" />
    <tag k="location" v="urban" />
    <tag k="one_way" v="yes" />
    <tag k="lanelet_id" v="Lerchenauer Straße_256987058.lane.2" />
  </relation>
  <relation id="R132">
    <member type="way" ref="W332" role="left" />
    <member type="way" ref="W333" role="right" />
    <tag k="type" v="lanelet" />
    <tag k="subtype" v="road" />
    <tag k="speed_limit" v="13.89" />
    <tag k="location" v="urban" />
    <tag k="one_way" v="yes" />
    <tag k="lanelet_id" v="Lerchenauer Straße_256987059.lane.1" />
  </relation>
  <relation id="R133">
    <member type="way" ref="W334" role="left" />
    <member type="way" ref="W335" role="right" />
    <tag k="type" v="lanelet" />
    <tag k="subtype" v="road" />
    <tag k="speed_limit" v="13.89" />
    <tag k="location" v="urban" />
    <tag k="one_way" v="yes" />
    <tag k="lanelet_id" v="Lerchenauer Straße_256987059.lane.2" />
  </relation>
  <relation id="R134">
    <member type="way" ref="W336" role="left" />
    <member type="way" ref="W337" role="right" />
    <tag k="type" v="lanelet" />
    <tag k="subtype" v="road" />
    <tag k="speed_limit" v="13.89" />
    <tag k="location" v="urban" />
    <tag k="one_way" v="yes" />
    <tag k="lanelet_id" v="Lerchenauer Straße_256987060.lane.1" />
  </relation>
  <relation id="R135">
    <member type="way" ref="W338" role="left" />
    <member type="way" ref="W339" role="right" />
    <tag k="type" v="lanelet" />
    <tag k="subtype" v="road" />
    <tag k="speed_limit" v="13.89" />
    <tag k="location" v="urban" />
    <tag k="one_way" v="yes" />
    <tag k="lanelet_id" v="Lerchenauer Straße_256987060.lane.2" />
  </relation>
  <relation id="R136">
    <member type="way" ref="W340" role="left" />
    <member type="way" ref="W341" role="right" />
    <tag k="type" v="lanelet" />
    <tag k="subtype" v="road" />
    <tag k="speed_limit" v="13.89" />
    <tag k="location" v="urban" />
    <tag k="one_way" v="yes" />
    <tag k="lanelet_id" v="Lerchenauer Straße_256987062.lane.1" />
  </relation>
  <relation id="R137">
    <member type="way" ref="W342" role="left" />
    <member type="way" ref="W343" role="right" />
    <tag k="type" v="lanelet" />
    <tag k="subtype" v="road" />
    <tag k="speed_limit" v="13.89" />
    <tag k="location" v="urban" />
    <tag k="one_way" v="yes" />
    <tag k="lanelet_id" v="Lerchenauer Straße_256987062.lane.2" />
  </relation>
  <relation id="R138">
    <member type="way" ref="W400" role="left" />
    <member type="way" ref="W401" role="right" />
    <tag k="type" v="lanelet" />
    <tag k="subtype" v="road" />
    <tag k="speed_limit" v="13.89" />
    <tag k="location" v="urban" />
    <tag k="one_way" v="yes" />
    <tag k="lanelet_id" v="Lerchenauer Straße_269716427.lane.1" />
  </relation>
  <relation id="R139">
    <member type="way" ref="W402" role="left" />
    <member type="way" ref="W403" role="right" />
    <tag k="type" v="lanelet" />
    <tag k="subtype" v="road" />
    <tag k="speed_limit" v="13.89" />
    <tag k="location" v="urban" />
    <tag k="one_way" v="yes" />
    <tag k="lanelet_id" v="Lerchenauer Straße_269716427.lane.2" />
  </relation>
  <relation id="R140">
    <member type="way" ref="W404" role="left" />
    <member type="way" ref="W405" role="right" />
    <tag k="type" v="lanelet" />
    <tag k="subtype" v="road" />
    <tag k="speed_limit" v="13.89" />
    <tag k="location" v="urban" />
    <tag k="one_way" v="yes" />
    <tag k="lanelet_id" v="Lerchenauer Straße_269716427.lane.3" />
  </relation>
  <relation id="R141">
    <member type="way" ref="W406" role="left" />
    <member type="way" ref="W407" role="right" />
    <tag k="type" v="lanelet" />
    <tag k="subtype" v="road" />
    <tag k="speed_limit" v="13.89" />
    <tag k="location" v="urban" />
    <tag k="one_way" v="yes" />
    <tag k="lanelet_id" v="Lerchenauer Straße_269716429.lane.1" />
  </relation>
  <relation id="R142">
    <member type="way" ref="W408" role="left" />
    <member type="way" ref="W409" role="right" />
    <tag k="type" v="lanelet" />
    <tag k="subtype" v="road" />
    <tag k="speed_limit" v="13.89" />
    <tag k="location" v="urban" />
    <tag k="one_way" v="yes" />
    <tag k="lanelet_id" v="Lerchenauer Straße_269716429.lane.2" />
  </relation>
  <relation id="R143">
    <member type="way" ref="W410" role="left" />
    <member type="way" ref="W411" role="right" />
    <tag k="type" v="lanelet" />
    <tag k="subtype" v="road" />
    <tag k="speed_limit" v="13.89" />
    <tag k="location" v="urban" />
    <tag k="one_way" v="yes" />
    <tag k="lanelet_id" v="Lerchenauer Straße_269716429.lane.3" />
  </relation>
  <relation id="R144">
    <member type="way" ref="W412" role="left" />
    <member type="way" ref="W413" role="right" />
    <tag k="type" v="lanelet" />
    <tag k="subtype" v="road" />
    <tag k="speed_limit" v="13.89" />
    <tag k="location" v="urban" />
    <tag k="one_way" v="yes" />
    <tag k="lanelet_id" v="Lerchenauer Straße_269716431.lane.1" />
  </relation>
  <relation id="R145">
    <member type="way" ref="W414" role="left" />
    <member type="way" ref="W415" role="right" />
    <tag k="type" v="lanelet" />
    <tag k="subtype" v="road" />
    <tag k="speed_limit" v="13.89" />
    <tag k="location" v="urban" />
    <tag k="one_way" v="yes" />
    <tag k="lanelet_id" v="Lerchenauer Straße_269716431.lane.2" />
  </relation>
  <relation id="R146">
    <member type="way" ref="W416" role="left" />
    <member type="way" ref="W417" role="right" />
    <tag k="type" v="lanelet" />
    <tag k="subtype" v="road" />
    <tag k="speed_limit" v="13.89" />
    <tag k="location" v="urban" />
    <tag k="one_way" v="yes" />
    <tag k="lanelet_id" v="Lerchenauer Straße_269716431.lane.3" />
  </relation>
  <relation id="R147">
    <member type="way" ref="W418" role="left" />
    <member type="way" ref="W419" role="right" />
    <tag k="type" v="lanelet" />
    <tag k="subtype" v="road" />
    <tag k="speed_limit" v="13.89" />
    <tag k="location" v="urban" />
    <tag k="one_way" v="yes" />
    <tag k="lanelet_id" v="Lerchenauer Straße_269716437.lane.1" />
  </relation>
  <relation id="R148">
    <member type="way" ref="W420" role="left" />
    <member type="way" ref="W421" role="right" />
    <tag k="type" v="lanelet" />
    <tag k="subtype" v="road" />
    <tag k="speed_limit" v="13.89" />
    <tag k="location" v="urban" />
    <tag k="one_way" v="yes" />
    <tag k="lanelet_id" v="Lerchenauer Straße_269716437.lane.2" />
  </relation>
  <relation id="R149">
    <member type="way" ref="W422" role="left" />
    <member type="way" ref="W423" role="right" />
    <tag k="type" v="lanelet" />
    <tag k="subtype" v="road" />
    <tag k="speed_limit" v="13.89" />
    <tag k="location" v="urban" />
    <tag k="one_way" v="yes" />
    <tag k="lanelet_id" v="Lerchenauer Straße_269716437.lane.3" />
  </relation>
  <relation id="R150">
    <member type="way" ref="W436" role="left" />
    <member type="way" ref="W437" role="right" />
    <tag k="type" v="lanelet" />
    <tag k="subtype" v="road" />
    <tag k="speed_limit" v="13.89" />
    <tag k="location" v="urban" />
    <tag k="one_way" v="yes" />
    <tag k="lanelet_id" v="Lerchenauer Straße_276604358.lane.1" />
  </relation>
  <relation id="R151">
    <member type="way" ref="W438" role="left" />
    <member type="way" ref="W439" role="right" />
    <tag k="type" v="lanelet" />
    <tag k="subtype" v="road" />
    <tag k="speed_limit" v="13.89" />
    <tag k="location" v="urban" />
    <tag k="one_way" v="yes" />
    <tag k="lanelet_id" v="Lerchenauer Straße_276604358.lane.2" />
  </relation>
  <relation id="R152">
    <member type="way" ref="W440" role="left" />
    <member type="way" ref="W441" role="right" />
    <tag k="type" v="lanelet" />
    <tag k="subtype" v="road" />
    <tag k="speed_limit" v="13.89" />
    <tag k="location" v="urban" />
    <tag k="one_way" v="yes" />
    <tag k="lanelet_id" v="Lerchenauer Straße_276604358.lane.3" />
  </relation>
  <relation id="R153">
    <member type="way" ref="W442" role="left" />
    <member type="way" ref="W443" role="right" />
    <tag k="type" v="lanelet" />
    <tag k="subtype" v="road" />
    <tag k="speed_limit" v="13.89" />
    <tag k="location" v="urban" />
    <tag k="one_way" v="yes" />
    <tag k="lanelet_id" v="Lerchenauer Straße_276604360.lane.1" />
  </relation>
  <relation id="R154">
    <member type="way" ref="W444" role="left" />
    <member type="way" ref="W445" role="right" />
    <tag k="type" v="lanelet" />
    <tag k="subtype" v="road" />
    <tag k="speed_limit" v="13.89" />
    <tag k="location" v="urban" />
    <tag k="one_way" v="yes" />
    <tag k="lanelet_id" v="Lerchenauer Straße_276604360.lane.2" />
  </relation>
  <relation id="R155">
    <member type="way" ref="W446" role="left" />
    <member type="way" ref="W447" role="right" />
    <tag k="type" v="lanelet" />
    <tag k="subtype" v="road" />
    <tag k="speed_limit" v="13.89" />
    <tag k="location" v="urban" />
    <tag k="one_way" v="yes" />
    <tag k="lanelet_id" v="Lerchenauer Straße_276604360.lane.3" />
  </relation>
  <relation id="R156">
    <member type="way" ref="W448" role="left" />
    <member type="way" ref="W449" role="right" />
    <tag k="type" v="lanelet" />
    <tag k="subtype" v="road" />
    <tag k="speed_limit" v="13.89" />
    <tag k="location" v="urban" />
    <tag k="one_way" v="yes" />
    <tag k="lanelet_id" v="Lerchenauer Straße_276604361.lane.1" />
  </relation>
  <relation id="R157">
    <member type="way" ref="W450" role="left" />
    <member type="way" ref="W451" role="right" />
    <tag k="type" v="lanelet" />
    <tag k="subtype" v="road" />
    <tag k="speed_limit" v="13.89" />
    <tag k="location" v="urban" />
    <tag k="one_way" v="yes" />
    <tag k="lanelet_id" v="Lerchenauer Straße_276604361.lane.2" />
  </relation>
  <relation id="R158">
    <member type="way" ref="W452" role="left" />
    <member type="way" ref="W453" role="right" />
    <tag k="type" v="lanelet" />
    <tag k="subtype" v="road" />
    <tag k="speed_limit" v="13.89" />
    <tag k="location" v="urban" />
    <tag k="one_way" v="yes" />
    <tag k="lanelet_id" v="Lerchenauer Straße_276604361.lane.3" />
  </relation>
  <relation id="R159">
    <member type="way" ref="W454" role="left" />
    <member type="way" ref="W455" role="right" />
    <tag k="type" v="lanelet" />
    <tag k="subtype" v="road" />
    <tag k="speed_limit" v="13.89" />
    <tag k="location" v="urban" />
    <tag k="one_way" v="yes" />
    <tag k="lanelet_id" v="Lerchenauer Straße_276604362.lane.1" />
  </relation>
  <relation id="R160">
    <member type="way" ref="W456" role="left" />
    <member type="way" ref="W457" role="right" />
    <tag k="type" v="lanelet" />
    <tag k="subtype" v="road" />
    <tag k="speed_limit" v="13.89" />
    <tag k="location" v="urban" />
    <tag k="one_way" v="yes" />
    <tag k="lanelet_id" v="Lerchenauer Straße_276604362.lane.2" />
  </relation>
  <relation id="R161">
    <member type="way" ref="W458" role="left" />
    <member type="way" ref="W459" role="right" />
    <tag k="type" v="lanelet" />
    <tag k="subtype" v="road" />
    <tag k="speed_limit" v="13.89" />
    <tag k="location" v="urban" />
    <tag k="one_way" v="yes" />
    <tag k="lanelet_id" v="Lerchenauer Straße_276604362.lane.3" />
  </relation>
  <relation id="R162">
    <member type="way" ref="W460" role="left" />
    <member type="way" ref="W461" role="right" />
    <tag k="type" v="lanelet" />
    <tag k="subtype" v="road" />
    <tag k="speed_limit" v="13.89" />
    <tag k="location" v="urban" />
    <tag k="one_way" v="yes" />
    <tag k="lanelet_id" v="Lerchenauer Straße_276604363.lane.1" />
  </relation>
  <relation id="R163">
    <member type="way" ref="W462" role="left" />
    <member type="way" ref="W463" role="right" />
    <tag k="type" v="lanelet" />
    <tag k="subtype" v="road" />
    <tag k="speed_limit" v="13.89" />
    <tag k="location" v="urban" />
    <tag k="one_way" v="yes" />
    <tag k="lanelet_id" v="Lerchenauer Straße_276604363.lane.2" />
  </relation>
  <relation id="R164">
    <member type="way" ref="W464" role="left" />
    <member type="way" ref="W465" role="right" />
    <tag k="type" v="lanelet" />
    <tag k="subtype" v="road" />
    <tag k="speed_limit" v="13.89" />
    <tag k="location" v="urban" />
    <tag k="one_way" v="yes" />
    <tag k="lanelet_id" v="Lerchenauer Straße_276604367.lane.1" />
  </relation>
  <relation id="R165">
    <member type="way" ref="W466" role="left" />
    <member type="way" ref="W467" role="right" />
    <tag k="type" v="lanelet" />
    <tag k="subtype" v="road" />
    <tag k="speed_limit" v="13.89" />
    <tag k="location" v="urban" />
    <tag k="one_way" v="yes" />
    <tag k="lanelet_id" v="Lerchenauer Straße_276604367.lane.2" />
  </relation>
  <relation id="R166">
    <member type="way" ref="W468" role="left" />
    <member type="way" ref="W469" role="right" />
    <tag k="type" v="lanelet" />
    <tag k="subtype" v="road" />
    <tag k="speed_limit" v="13.89" />
    <tag k="location" v="urban" />
    <tag k="one_way" v="yes" />
    <tag k="lanelet_id" v="Lerchenauer Straße_276604367.lane.3" />
  </relation>
  <relation id="R167">
    <member type="way" ref="W470" role="left" />
    <member type="way" ref="W471" role="right" />
    <tag k="type" v="lanelet" />
    <tag k="subtype" v="road" />
    <tag k="speed_limit" v="13.89" />
    <tag k="location" v="urban" />
    <tag k="one_way" v="yes" />
    <tag k="lanelet_id" v="Lerchenauer Straße_276604367.lane.4" />
  </relation>
  <relation id="R168">
    <member type="way" ref="W504" role="left" />
    <member type="way" ref="W505" role="right" />
    <tag k="type" v="lanelet" />
    <tag k="subtype" v="road" />
    <tag k="speed_limit" v="13.89" />
    <tag k="location" v="urban" />
    <tag k="one_way" v="yes" />
    <tag k="lanelet_id" v="Lerchenauer Straße_291794248.lane.1" />
  </relation>
  <relation id="R169">
    <member type="way" ref="W506" role="left" />
    <member type="way" ref="W507" role="right" />
    <tag k="type" v="lanelet" />
    <tag k="subtype" v="road" />
    <tag k="speed_limit" v="13.89" />
    <tag k="location" v="urban" />
    <tag k="one_way" v="yes" />
    <tag k="lanelet_id" v="Lerchenauer Straße_291794248.lane.2" />
  </relation>
  <relation id="R170">
    <member type="way" ref="W88" role="left" />
    <member type="way" ref="W89" role="right" />
    <tag k="type" v="lanelet" />
    <tag k="subtype" v="road" />
    <tag k="speed_limit" v="13.89" />
    <tag k="location" v="urban" />
    <tag k="one_way" v="yes" />
    <tag k="lanelet_id" v="Lerchenauer Straße_31351672.lane.1" />
  </relation>
  <relation id="R171">
    <member type="way" ref="W90" role="left" />
    <member type="way" ref="W91" role="right" />
    <tag k="type" v="lanelet" />
    <tag k="subtype" v="road" />
    <tag k="speed_limit" v="13.89" />
    <tag k="location" v="urban" />
    <tag k="one_way" v="yes" />
    <tag k="lanelet_id" v="Lerchenauer Straße_31351672.lane.2" />
  </relation>
  <relation id="R172">
    <member type="way" ref="W92" role="left" />
    <member type="way" ref="W93" role="right" />
    <tag k="type" v="lanelet" />
    <tag k="subtype" v="road" />
    <tag k="speed_limit" v="13.89" />
    <tag k="location" v="urban" />
    <tag k="one_way" v="yes" />
    <tag k="lanelet_id" v="Lerchenauer Straße_31351672.lane.3" />
  </relation>
  <relation id="R173">
    <member type="way" ref="W94" role="left" />
    <member type="way" ref="W95" role="right" />
    <tag k="type" v="lanelet" />
    <tag k="subtype" v="road" />
    <tag k="speed_limit" v="13.89" />
    <tag k="location" v="urban" />
    <tag k="one_way" v="yes" />
    <tag k="lanelet_id" v="Lerchenauer Straße_31351674.lane.1" />
  </relation>
  <relation id="R174">
    <member type="way" ref="W96" role="left" />
    <member type="way" ref="W97" role="right" />
    <tag k="type" v="lanelet" />
    <tag k="subtype" v="road" />
    <tag k="speed_limit" v="13.89" />
    <tag k="location" v="urban" />
    <tag k="one_way" v="yes" />
    <tag k="lanelet_id" v="Lerchenauer Straße_31351674.lane.2" />
  </relation>
  <relation id="R175">
    <member type="way" ref="W528" role="left" />
    <member type="way" ref="W529" role="right" />
    <tag k="type" v="lanelet" />
    <tag k="subtype" v="road" />
    <tag k="speed_limit" v="13.89" />
    <tag k="location" v="urban" />
    <tag k="one_way" v="yes" />
    <tag k="lanelet_id" v="Lerchenauer Straße_335380283.lane.1" />
  </relation>
  <relation id="R176">
    <member type="way" ref="W530" role="left" />
    <member type="way" ref="W531" role="right" />
    <tag k="type" v="lanelet" />
    <tag k="subtype" v="road" />
    <tag k="speed_limit" v="13.89" />
    <tag k="location" v="urban" />
    <tag k="one_way" v="yes" />
    <tag k="lanelet_id" v="Lerchenauer Straße_335380283.lane.2" />
  </relation>
  <relation id="R177">
    <member type="way" ref="W122" role="left" />
    <member type="way" ref="W123" role="right" />
    <tag k="type" v="lanelet" />
    <tag k="subtype" v="road" />
    <tag k="speed_limit" v="13.89" />
    <tag k="location" v="urban" />
    <tag k="one_way" v="yes" />
    <tag k="lanelet_id" v="Lerchenauer Straße_42158264.lane.1" />
  </relation>
  <relation id="R178">
    <member type="way" ref="W124" role="left" />
    <member type="way" ref="W125" role="right" />
    <tag k="type" v="lanelet" />
    <tag k="subtype" v="road" />
    <tag k="speed_limit" v="13.89" />
    <tag k="location" v="urban" />
    <tag k="one_way" v="yes" />
    <tag k="lanelet_id" v="Lerchenauer Straße_42158264.lane.2" />
  </relation>
  <relation id="R179">
    <member type="way" ref="W126" role="left" />
    <member type="way" ref="W127" role="right" />
    <tag k="type" v="lanelet" />
    <tag k="subtype" v="road" />
    <tag k="speed_limit" v="13.89" />
    <tag k="location" v="urban" />
    <tag k="one_way" v="yes" />
    <tag k="lanelet_id" v="Lerchenauer Straße_42158264.lane.3" />
  </relation>
  <relation id="R180">
    <member type="way" ref="W664" role="left" />
    <member type="way" ref="W665" role="right" />
    <tag k="type" v="lanelet" />
    <tag k="subtype" v="road" />
    <tag k="speed_limit" v="13.89" />
    <tag k="location" v="urban" />
    <tag k="one_way" v="yes" />
    <tag k="lanelet_id" v="Lerchenauer Straße_468992255.lane.1" />
  </relation>
  <relation id="R181">
    <member type="way" ref="W666" role="left" />
    <member type="way" ref="W667" role="right" />
    <tag k="type" v="lanelet" />
    <tag k="subtype" v="road" />
    <tag k="speed_limit" v="13.89" />
    <tag k="location" v="urban" />
    <tag k="one_way" v="yes" />
    <tag k="lanelet_id" v="Lerchenauer Straße_468992255.lane.2" />
  </relation>
  <relation id="R182">
    <member type="way" ref="W668" role="left" />
    <member type="way" ref="W669" role="right" />
    <tag k="type" v="lanelet" />
    <tag k="subtype" v="road" />
    <tag k="speed_limit" v="13.89" />
    <tag k="location" v="urban" />
    <tag k="one_way" v="yes" />
    <tag k="lanelet_id" v="Lerchenauer Straße_468992256.lane.1" />
  </relation>
  <relation id="R183">
    <member type="way" ref="W670" role="left" />
    <member type="way" ref="W671" role="right" />
    <tag k="type" v="lanelet" />
    <tag k="subtype" v="road" />
    <tag k="speed_limit" v="13.89" />
    <tag k="location" v="urban" />
    <tag k="one_way" v="yes" />
    <tag k="lanelet_id" v="Lerchenauer Straße_468992256.lane.2" />
  </relation>
  <relation id="R184">
    <member type="way" ref="W672" role="left" />
    <member type="way" ref="W673" role="right" />
    <tag k="type" v="lanelet" />
    <tag k="subtype" v="road" />
    <tag k="speed_limit" v="13.89" />
    <tag k="location" v="urban" />
    <tag k="one_way" v="yes" />
    <tag k="lanelet_id" v="Lerchenauer Straße_478460017.lane.1" />
  </relation>
  <relation id="R185">
    <member type="way" ref="W674" role="left" />
    <member type="way" ref="W675" role="right" />
    <tag k="type" v="lanelet" />
    <tag k="subtype" v="road" />
    <tag k="speed_limit" v="13.89" />
    <tag k="location" v="urban" />
    <tag k="one_way" v="yes" />
    <tag k="lanelet_id" v="Lerchenauer Straße_478460017.lane.2" />
  </relation>
  <relation id="R186">
    <member type="way" ref="W128" role="left" />
    <member type="way" ref="W129" role="right" />
    <tag k="type" v="lanelet" />
    <tag k="subtype" v="road" />
    <tag k="speed_limit" v="13.89" />
    <tag k="location" v="urban" />
    <tag k="one_way" v="no" />
    <tag k="lanelet_id" v="Lerchenauer Straße_50232911.lane.1" />
  </relation>
  <relation id="R187">
    <member type="way" ref="W130" role="left" />
    <member type="way" ref="W131" role="right" />
    <tag k="type" v="lanelet" />
    <tag k="subtype" v="road" />
    <tag k="speed_limit" v="13.89" />
    <tag k="location" v="urban" />
    <tag k="one_way" v="no" />
    <tag k="lanelet_id" v="Lerchenauer Straße_50232911.lane.101" />
  </relation>
  <relation id="R188">
    <member type="way" ref="W682" role="left" />
    <member type="way" ref="W683" role="right" />
    <tag k="type" v="lanelet" />
    <tag k="subtype" v="road" />
    <tag k="speed_limit" v="13.89" />
    <tag k="location" v="urban" />
    <tag k="one_way" v="yes" />
    <tag k="lanelet_id" v="Lerchenauer Straße_549023361.lane.1" />
  </relation>
  <relation id="R189">
    <member type="way" ref="W684" role="left" />
    <member type="way" ref="W685" role="right" />
    <tag k="type" v="lanelet" />
    <tag k="subtype" v="road" />
    <tag k="speed_limit" v="13.89" />
    <tag k="location" v="urban" />
    <tag k="one_way" v="yes" />
    <tag k="lanelet_id" v="Lerchenauer Straße_549023361.lane.2" />
  </relation>
  <relation id="R190">
    <member type="way" ref="W686" role="left" />
    <member type="way" ref="W687" role="right" />
    <tag k="type" v="lanelet" />
    <tag k="subtype" v="road" />
    <tag k="speed_limit" v="13.89" />
    <tag k="location" v="urban" />
    <tag k="one_way" v="yes" />
    <tag k="lanelet_id" v="Lerchenauer Straße_549023361.lane.3" />
  </relation>
  <relation id="R191">
    <member type="way" ref="W636" role="left" />
    <member type="way" ref="W637" role="right" />
    <tag k="type" v="lanelet" />
    <tag k="subtype" v="road" />
    <tag k="speed_limit" v="13.89" />
    <tag k="location" v="urban" />
    <tag k="one_way" v="no" />
    <tag k="lanelet_id" v="Olympiapark Ost.lane.1" />
  </relation>
  <relation id="R192">
    <member type="way" ref="W638" role="left" />
    <member type="way" ref="W639" role="right" />
    <tag k="type" v="lanelet" />
    <tag k="subtype" v="road" />
    <tag k="speed_limit" v="13.89" />
    <tag k="location" v="urban" />
    <tag k="one_way" v="no" />
    <tag k="lanelet_id" v="Olympiapark Ost.lane.101" />
  </relation>
  <relation id="R193">
    <member type="way" ref="W640" role="left" />
    <member type="way" ref="W641" role="right" />
    <tag k="type" v="lanelet" />
    <tag k="subtype" v="road" />
    <tag k="speed_limit" v="13.89" />
    <tag k="location" v="urban" />
    <tag k="one_way" v="no" />
    <tag k="lanelet_id" v="Olympiapark Ost_390071287.lane.1" />
  </relation>
  <relation id="R194">
    <member type="way" ref="W642" role="left" />
    <member type="way" ref="W643" role="right" />
    <tag k="type" v="lanelet" />
    <tag k="subtype" v="road" />
    <tag k="speed_limit" v="13.89" />
    <tag k="location" v="urban" />
    <tag k="one_way" v="no" />
    <tag k="lanelet_id" v="Olympiapark Ost_390071287.lane.101" />
  </relation>
  <relation id="R195">
    <member type="way" ref="W620" role="left" />
    <member type="way" ref="W621" role="right" />
    <tag k="type" v="lanelet" />
    <tag k="subtype" v="road" />
    <tag k="speed_limit" v="13.89" />
    <tag k="location" v="urban" />
    <tag k="one_way" v="no" />
    <tag k="lanelet_id" v="Olympiazentrum.lane.1" />
  </relation>
  <relation id="R196">
    <member type="way" ref="W622" role="left" />
    <member type="way" ref="W623" role="right" />
    <tag k="type" v="lanelet" />
    <tag k="subtype" v="road" />
    <tag k="speed_limit" v="13.89" />
    <tag k="location" v="urban" />
    <tag k="one_way" v="no" />
    <tag k="lanelet_id" v="Olympiazentrum.lane.101" />
  </relation>
  <relation id="R197">
    <member type="way" ref="W624" role="left" />
    <member type="way" ref="W625" role="right" />
    <tag k="type" v="lanelet" />
    <tag k="subtype" v="road" />
    <tag k="speed_limit" v="13.89" />
    <tag k="location" v="urban" />
    <tag k="one_way" v="no" />
    <tag k="lanelet_id" v="Olympiazentrum_371108410.lane.1" />
  </relation>
  <relation id="R198">
    <member type="way" ref="W626" role="left" />
    <member type="way" ref="W627" role="right" />
    <tag k="type" v="lanelet" />
    <tag k="subtype" v="road" />
    <tag k="speed_limit" v="13.89" />
    <tag k="location" v="urban" />
    <tag k="one_way" v="no" />
    <tag k="lanelet_id" v="Olympiazentrum_371108410.lane.101" />
  </relation>
  <relation id="R199">
    <member type="way" ref="W0" role="left" />
    <member type="way" ref="W1" role="right" />
    <tag k="type" v="lanelet" />
    <tag k="subtype" v="road" />
    <tag k="speed_limit" v="13.89" />
    <tag k="location" v="urban" />
    <tag k="one_way" v="yes" />
    <tag k="lanelet_id" v="Petuelring.lane.1" />
  </relation>
  <relation id="R200">
    <member type="way" ref="W2" role="left" />
    <member type="way" ref="W3" role="right" />
    <tag k="type" v="lanelet" />
    <tag k="subtype" v="road" />
    <tag k="speed_limit" v="13.89" />
    <tag k="location" v="urban" />
    <tag k="one_way" v="yes" />
    <tag k="lanelet_id" v="Petuelring.lane.2" />
  </relation>
  <relation id="R201">
    <member type="way" ref="W4" role="left" />
    <member type="way" ref="W5" role="right" />
    <tag k="type" v="lanelet" />
    <tag k="subtype" v="road" />
    <tag k="speed_limit" v="13.89" />
    <tag k="location" v="urban" />
    <tag k="one_way" v="yes" />
    <tag k="lanelet_id" v="Petuelring.lane.3" />
  </relation>
  <relation id="R202">
    <member type="way" ref="W786" role="left" />
    <member type="way" ref="W787" role="right" />
    <tag k="type" v="lanelet" />
    <tag k="subtype" v="road" />
    <tag k="speed_limit" v="13.89" />
    <tag k="location" v="urban" />
    <tag k="one_way" v="yes" />
    <tag k="lanelet_id" v="Petuelring_1394084617.lane.1" />
  </relation>
  <relation id="R203">
    <member type="way" ref="W788" role="left" />
    <member type="way" ref="W789" role="right" />
    <tag k="type" v="lanelet" />
    <tag k="subtype" v="road" />
    <tag k="speed_limit" v="13.89" />
    <tag k="location" v="urban" />
    <tag k="one_way" v="yes" />
    <tag k="lanelet_id" v="Petuelring_1394084617.lane.2" />
  </relation>
  <relation id="R204">
    <member type="way" ref="W790" role="left" />
    <member type="way" ref="W791" role="right" />
    <tag k="type" v="lanelet" />
    <tag k="subtype" v="road" />
    <tag k="speed_limit" v="13.89" />
    <tag k="location" v="urban" />
    <tag k="one_way" v="yes" />
    <tag k="lanelet_id" v="Petuelring_1394084618.lane.1" />
  </relation>
  <relation id="R205">
    <member type="way" ref="W792" role="left" />
    <member type="way" ref="W793" role="right" />
    <tag k="type" v="lanelet" />
    <tag k="subtype" v="road" />
    <tag k="speed_limit" v="13.89" />
    <tag k="location" v="urban" />
    <tag k="one_way" v="yes" />
    <tag k="lanelet_id" v="Petuelring_1394084618.lane.2" />
  </relation>
  <relation id="R206">
    <member type="way" ref="W222" role="left" />
    <member type="way" ref="W223" role="right" />
    <tag k="type" v="lanelet" />
    <tag k="subtype" v="road" />
    <tag k="speed_limit" v="16.67" />
    <tag k="location" v="urban" />
    <tag k="one_way" v="yes" />
    <tag k="lanelet_id" v="Petuelring_146634675.lane.1" />
  </relation>
  <relation id="R207">
    <member type="way" ref="W224" role="left" />
    <member type="way" ref="W225" role="right" />
    <tag k="type" v="lanelet" />
    <tag k="subtype" v="road" />
    <tag k="speed_limit" v="16.67" />
    <tag k="location" v="urban" />
    <tag k="one_way" v="yes" />
    <tag k="lanelet_id" v="Petuelring_146634675.lane.2" />
  </relation>
  <relation id="R208">
    <member type="way" ref="W226" role="left" />
    <member type="way" ref="W227" role="right" />
    <tag k="type" v="lanelet" />
    <tag k="subtype" v="road" />
    <tag k="speed_limit" v="16.67" />
    <tag k="location" v="urban" />
    <tag k="one_way" v="yes" />
    <tag k="lanelet_id" v="Petuelring_146634675.lane.3" />
  </relation>
  <relation id="R209">
    <member type="way" ref="W228" role="left" />
    <member type="way" ref="W229" role="right" />
    <tag k="type" v="lanelet" />
    <tag k="subtype" v="road" />
    <tag k="speed_limit" v="16.67" />
    <tag k="location" v="urban" />
    <tag k="one_way" v="yes" />
    <tag k="lanelet_id" v="Petuelring_146634675.lane.4" />
  </relation>
  <relation id="R210">
    <member type="way" ref="W230" role="left" />
    <member type="way" ref="W231" role="right" />
    <tag k="type" v="lanelet" />
    <tag k="subtype" v="road" />
    <tag k="speed_limit" v="16.67" />
    <tag k="location" v="urban" />
    <tag k="one_way" v="yes" />
    <tag k="lanelet_id" v="Petuelring_146634676.lane.1" />
  </relation>
  <relation id="R211">
    <member type="way" ref="W232" role="left" />
    <member type="way" ref="W233" role="right" />
    <tag k="type" v="lanelet" />
    <tag k="subtype" v="road" />
    <tag k="speed_limit" v="16.67" />
    <tag k="location" v="urban" />
    <tag k="one_way" v="yes" />
    <tag k="lanelet_id" v="Petuelring_146634676.lane.2" />
  </relation>
  <relation id="R212">
    <member type="way" ref="W234" role="left" />
    <member type="way" ref="W235" role="right" />
    <tag k="type" v="lanelet" />
    <tag k="subtype" v="road" />
    <tag k="speed_limit" v="16.67" />
    <tag k="location" v="urban" />
    <tag k="one_way" v="yes" />
    <tag k="lanelet_id" v="Petuelring_146634677.lane.1" />
  </relation>
  <relation id="R213">
    <member type="way" ref="W236" role="left" />
    <member type="way" ref="W237" role="right" />
    <tag k="type" v="lanelet" />
    <tag k="subtype" v="road" />
    <tag k="speed_limit" v="16.67" />
    <tag k="location" v="urban" />
    <tag k="one_way" v="yes" />
    <tag k="lanelet_id" v="Petuelring_146634677.lane.2" />
  </relation>
  <relation id="R214">
    <member type="way" ref="W238" role="left" />
    <member type="way" ref="W239" role="right" />
    <tag k="type" v="lanelet" />
    <tag k="subtype" v="road" />
    <tag k="speed_limit" v="13.89" />
    <tag k="location" v="urban" />
    <tag k="one_way" v="yes" />
    <tag k="lanelet_id" v="Petuelring_146634678.lane.1" />
  </relation>
  <relation id="R215">
    <member type="way" ref="W240" role="left" />
    <member type="way" ref="W241" role="right" />
    <tag k="type" v="lanelet" />
    <tag k="subtype" v="road" />
    <tag k="speed_limit" v="13.89" />
    <tag k="location" v="urban" />
    <tag k="one_way" v="yes" />
    <tag k="lanelet_id" v="Petuelring_146634678.lane.2" />
  </relation>
  <relation id="R216">
    <member type="way" ref="W242" role="left" />
    <member type="way" ref="W243" role="right" />
    <tag k="type" v="lanelet" />
    <tag k="subtype" v="road" />
    <tag k="speed_limit" v="16.67" />
    <tag k="location" v="urban" />
    <tag k="one_way" v="yes" />
    <tag k="lanelet_id" v="Petuelring_146634680.lane.1" />
  </relation>
  <relation id="R217">
    <member type="way" ref="W244" role="left" />
    <member type="way" ref="W245" role="right" />
    <tag k="type" v="lanelet" />
    <tag k="subtype" v="road" />
    <tag k="speed_limit" v="16.67" />
    <tag k="location" v="urban" />
    <tag k="one_way" v="yes" />
    <tag k="lanelet_id" v="Petuelring_146634680.lane.2" />
  </relation>
  <relation id="R218">
    <member type="way" ref="W254" role="left" />
    <member type="way" ref="W255" role="right" />
    <tag k="type" v="lanelet" />
    <tag k="subtype" v="road" />
    <tag k="speed_limit" v="13.89" />
    <tag k="location" v="urban" />
    <tag k="one_way" v="yes" />
    <tag k="lanelet_id" v="Petuelring_147950388.lane.1" />
  </relation>
  <relation id="R219">
    <member type="way" ref="W256" role="left" />
    <member type="way" ref="W257" role="right" />
    <tag k="type" v="lanelet" />
    <tag k="subtype" v="road" />
    <tag k="speed_limit" v="13.89" />
    <tag k="location" v="urban" />
    <tag k="one_way" v="yes" />
    <tag k="lanelet_id" v="Petuelring_147950388.lane.2" />
  </relation>
  <relation id="R220">
    <member type="way" ref="W262" role="left" />
    <member type="way" ref="W263" role="right" />
    <tag k="type" v="lanelet" />
    <tag k="subtype" v="road" />
    <tag k="speed_limit" v="13.89" />
    <tag k="location" v="urban" />
    <tag k="one_way" v="yes" />
    <tag k="lanelet_id" v="Petuelring_152582354.lane.1" />
  </relation>
  <relation id="R221">
    <member type="way" ref="W264" role="left" />
    <member type="way" ref="W265" role="right" />
    <tag k="type" v="lanelet" />
    <tag k="subtype" v="road" />
    <tag k="speed_limit" v="13.89" />
    <tag k="location" v="urban" />
    <tag k="one_way" v="yes" />
    <tag k="lanelet_id" v="Petuelring_152582354.lane.2" />
  </relation>
  <relation id="R222">
    <member type="way" ref="W300" role="left" />
    <member type="way" ref="W301" role="right" />
    <tag k="type" v="lanelet" />
    <tag k="subtype" v="road" />
    <tag k="speed_limit" v="13.89" />
    <tag k="location" v="urban" />
    <tag k="one_way" v="yes" />
    <tag k="lanelet_id" v="Petuelring_172507242.lane.1" />
  </relation>
  <relation id="R223">
    <member type="way" ref="W302" role="left" />
    <member type="way" ref="W303" role="right" />
    <tag k="type" v="lanelet" />
    <tag k="subtype" v="road" />
    <tag k="speed_limit" v="13.89" />
    <tag k="location" v="urban" />
    <tag k="one_way" v="yes" />
    <tag k="lanelet_id" v="Petuelring_172507242.lane.2" />
  </relation>
  <relation id="R224">
    <member type="way" ref="W304" role="left" />
    <member type="way" ref="W305" role="right" />
    <tag k="type" v="lanelet" />
    <tag k="subtype" v="road" />
    <tag k="speed_limit" v="13.89" />
    <tag k="location" v="urban" />
    <tag k="one_way" v="yes" />
    <tag k="lanelet_id" v="Petuelring_172507242.lane.3" />
  </relation>
  <relation id="R225">
    <member type="way" ref="W62" role="left" />
    <member type="way" ref="W63" role="right" />
    <tag k="type" v="lanelet" />
    <tag k="subtype" v="road" />
    <tag k="speed_limit" v="13.89" />
    <tag k="location" v="urban" />
    <tag k="one_way" v="yes" />
    <tag k="lanelet_id" v="Petuelring_19435275.lane.1" />
  </relation>
  <relation id="R226">
    <member type="way" ref="W396" role="left" />
    <member type="way" ref="W397" role="right" />
    <tag k="type" v="lanelet" />
    <tag k="subtype" v="road" />
    <tag k="speed_limit" v="13.89" />
    <tag k="location" v="urban" />
    <tag k="one_way" v="yes" />
    <tag k="lanelet_id" v="Petuelring_267576358.lane.1" />
  </relation>
  <relation id="R227">
    <member type="way" ref="W398" role="left" />
    <member type="way" ref="W399" role="right" />
    <tag k="type" v="lanelet" />
    <tag k="subtype" v="road" />
    <tag k="speed_limit" v="13.89" />
    <tag k="location" v="urban" />
    <tag k="one_way" v="yes" />
    <tag k="lanelet_id" v="Petuelring_267576358.lane.2" />
  </relation>
  <relation id="R228">
    <member type="way" ref="W424" role="left" />
    <member type="way" ref="W425" role="right" />
    <tag k="type" v="lanelet" />
    <tag k="subtype" v="road" />
    <tag k="speed_limit" v="13.89" />
    <tag k="location" v="urban" />
    <tag k="one_way" v="yes" />
    <tag k="lanelet_id" v="Petuelring_269716441.lane.1" />
  </relation>
  <relation id="R229">
    <member type="way" ref="W426" role="left" />
    <member type="way" ref="W427" role="right" />
    <tag k="type" v="lanelet" />
    <tag k="subtype" v="road" />
    <tag k="speed_limit" v="13.89" />
    <tag k="location" v="urban" />
    <tag k="one_way" v="yes" />
    <tag k="lanelet_id" v="Petuelring_269716441.lane.2" />
  </relation>
  <relation id="R230">
    <member type="way" ref="W428" role="left" />
    <member type="way" ref="W429" role="right" />
    <tag k="type" v="lanelet" />
    <tag k="subtype" v="road" />
    <tag k="speed_limit" v="13.89" />
    <tag k="location" v="urban" />
    <tag k="one_way" v="yes" />
    <tag k="lanelet_id" v="Petuelring_269716443.lane.1" />
  </relation>
  <relation id="R231">
    <member type="way" ref="W430" role="left" />
    <member type="way" ref="W431" role="right" />
    <tag k="type" v="lanelet" />
    <tag k="subtype" v="road" />
    <tag k="speed_limit" v="13.89" />
    <tag k="location" v="urban" />
    <tag k="one_way" v="yes" />
    <tag k="lanelet_id" v="Petuelring_269716443.lane.2" />
  </relation>
  <relation id="R232">
    <member type="way" ref="W432" role="left" />
    <member type="way" ref="W433" role="right" />
    <tag k="type" v="lanelet" />
    <tag k="subtype" v="road" />
    <tag k="speed_limit" v="13.89" />
    <tag k="location" v="urban" />
    <tag k="one_way" v="yes" />
    <tag k="lanelet_id" v="Petuelring_269716443.lane.3" />
  </relation>
  <relation id="R233">
    <member type="way" ref="W434" role="left" />
    <member type="way" ref="W435" role="right" />
    <tag k="type" v="lanelet" />
    <tag k="subtype" v="road" />
    <tag k="speed_limit" v="13.89" />
    <tag k="location" v="urban" />
    <tag k="one_way" v="yes" />
    <tag k="lanelet_id" v="Petuelring_269716443.lane.4" />
  </relation>
  <relation id="R234">
    <member type="way" ref="W102" role="left" />
    <member type="way" ref="W103" role="right" />
    <tag k="type" v="lanelet" />
    <tag k="subtype" v="road" />
    <tag k="speed_limit" v="16.67" />
    <tag k="location" v="urban" />
    <tag k="one_way" v="yes" />
    <tag k="lanelet_id" v="Petuelring_32457957.lane.1" />
  </relation>
  <relation id="R235">
    <member type="way" ref="W104" role="left" />
    <member type="way" ref="W105" role="right" />
    <tag k="type" v="lanelet" />
    <tag k="subtype" v="road" />
    <tag k="speed_limit" v="16.67" />
    <tag k="location" v="urban" />
    <tag k="one_way" v="yes" />
    <tag k="lanelet_id" v="Petuelring_32457957.lane.2" />
  </relation>
  <relation id="R236">
    <member type="way" ref="W612" role="left" />
    <member type="way" ref="W613" role="right" />
    <tag k="type" v="lanelet" />
    <tag k="subtype" v="road" />
    <tag k="speed_limit" v="13.89" />
    <tag k="location" v="urban" />
    <tag k="one_way" v="no" />
    <tag k="lanelet_id" v="Petuelring_349142799.lane.1" />
  </relation>
  <relation id="R237">
    <member type="way" ref="W614" role="left" />
    <member type="way" ref="W615" role="right" />
    <tag k="type" v="lanelet" />
    <tag k="subtype" v="road" />
    <tag k="speed_limit" v="13.89" />
    <tag k="location" v="urban" />
    <tag k="one_way" v="no" />
    <tag k="lanelet_id" v="Petuelring_349142799.lane.101" />
  </relation>
  <relation id="R238">
    <member type="way" ref="W616" role="left" />
    <member type="way" ref="W617" role="right" />
    <tag k="type" v="lanelet" />
    <tag k="subtype" v="road" />
    <tag k="speed_limit" v="13.89" />
    <tag k="location" v="urban" />
    <tag k="one_way" v="no" />
    <tag k="lanelet_id" v="Petuelring_349142801.lane.1" />
  </relation>
  <relation id="R239">
    <member type="way" ref="W618" role="left" />
    <member type="way" ref="W619" role="right" />
    <tag k="type" v="lanelet" />
    <tag k="subtype" v="road" />
    <tag k="speed_limit" v="13.89" />
    <tag k="location" v="urban" />
    <tag k="one_way" v="no" />
    <tag k="lanelet_id" v="Petuelring_349142801.lane.101" />
  </relation>
  <relation id="R240">
    <member type="way" ref="W118" role="left" />
    <member type="way" ref="W119" role="right" />
    <tag k="type" v="lanelet" />
    <tag k="subtype" v="road" />
    <tag k="speed_limit" v="13.89" />
    <tag k="location" v="urban" />
    <tag k="one_way" v="yes" />
    <tag k="lanelet_id" v="Petuelring_36966110.lane.1" />
  </relation>
  <relation id="R241">
    <member type="way" ref="W120" role="left" />
    <member type="way" ref="W121" role="right" />
    <tag k="type" v="lanelet" />
    <tag k="subtype" v="road" />
    <tag k="speed_limit" v="13.89" />
    <tag k="location" v="urban" />
    <tag k="one_way" v="yes" />
    <tag k="lanelet_id" v="Petuelring_36966110.lane.2" />
  </relation>
  <relation id="R242">
    <member type="way" ref="W652" role="left" />
    <member type="way" ref="W653" role="right" />
    <tag k="type" v="lanelet" />
    <tag k="subtype" v="road" />
    <tag k="speed_limit" v="13.89" />
    <tag k="location" v="urban" />
    <tag k="one_way" v="yes" />
    <tag k="lanelet_id" v="Petuelring_421514326.lane.1" />
  </relation>
  <relation id="R243">
    <member type="way" ref="W654" role="left" />
    <member type="way" ref="W655" role="right" />
    <tag k="type" v="lanelet" />
    <tag k="subtype" v="road" />
    <tag k="speed_limit" v="13.89" />
    <tag k="location" v="urban" />
    <tag k="one_way" v="yes" />
    <tag k="lanelet_id" v="Petuelring_421514326.lane.2" />
  </relation>
  <relation id="R244">
    <member type="way" ref="W6" role="left" />
    <member type="way" ref="W7" role="right" />
    <tag k="type" v="lanelet" />
    <tag k="subtype" v="road" />
    <tag k="speed_limit" v="16.67" />
    <tag k="location" v="urban" />
    <tag k="one_way" v="yes" />
    <tag k="lanelet_id" v="Petuelring_4300513.lane.1" />
  </relation>
  <relation id="R245">
    <member type="way" ref="W8" role="left" />
    <member type="way" ref="W9" role="right" />
    <tag k="type" v="lanelet" />
    <tag k="subtype" v="road" />
    <tag k="speed_limit" v="16.67" />
    <tag k="location" v="urban" />
    <tag k="one_way" v="yes" />
    <tag k="lanelet_id" v="Petuelring_4300513.lane.2" />
  </relation>
  <relation id="R246">
    <member type="way" ref="W10" role="left" />
    <member type="way" ref="W11" role="right" />
    <tag k="type" v="lanelet" />
    <tag k="subtype" v="road" />
    <tag k="speed_limit" v="16.67" />
    <tag k="location" v="urban" />
    <tag k="one_way" v="yes" />
    <tag k="lanelet_id" v="Petuelring_4300513.lane.3" />
  </relation>
  <relation id="R247">
    <member type="way" ref="W12" role="left" />
    <member type="way" ref="W13" role="right" />
    <tag k="type" v="lanelet" />
    <tag k="subtype" v="road" />
    <tag k="speed_limit" v="16.67" />
    <tag k="location" v="urban" />
    <tag k="one_way" v="yes" />
    <tag k="lanelet_id" v="Petuelring_4300513.lane.4" />
  </relation>
  <relation id="R248">
    <member type="way" ref="W30" role="left" />
    <member type="way" ref="W31" role="right" />
    <tag k="type" v="lanelet" />
    <tag k="subtype" v="road" />
    <tag k="speed_limit" v="16.67" />
    <tag k="location" v="urban" />
    <tag k="one_way" v="yes" />
    <tag k="lanelet_id" v="Petuelring_4585579.lane.1" />
  </relation>
  <relation id="R249">
    <member type="way" ref="W32" role="left" />
    <member type="way" ref="W33" role="right" />
    <tag k="type" v="lanelet" />
    <tag k="subtype" v="road" />
    <tag k="speed_limit" v="16.67" />
    <tag k="location" v="urban" />
    <tag k="one_way" v="yes" />
    <tag k="lanelet_id" v="Petuelring_4585579.lane.2" />
  </relation>
  <relation id="R250">
    <member type="way" ref="W676" role="left" />
    <member type="way" ref="W677" role="right" />
    <tag k="type" v="lanelet" />
    <tag k="subtype" v="road" />
    <tag k="speed_limit" v="13.89" />
    <tag k="location" v="urban" />
    <tag k="one_way" v="yes" />
    <tag k="lanelet_id" v="Petuelring_504395817.lane.1" />
  </relation>
  <relation id="R251">
    <member type="way" ref="W678" role="left" />
    <member type="way" ref="W679" role="right" />
    <tag k="type" v="lanelet" />
    <tag k="subtype" v="road" />
    <tag k="speed_limit" v="13.89" />
    <tag k="location" v="urban" />
    <tag k="one_way" v="yes" />
    <tag k="lanelet_id" v="Petuelring_504395817.lane.2" />
  </relation>
  <relation id="R252">
    <member type="way" ref="W680" role="left" />
    <member type="way" ref="W681" role="right" />
    <tag k="type" v="lanelet" />
    <tag k="subtype" v="road" />
    <tag k="speed_limit" v="13.89" />
    <tag k="location" v="urban" />
    <tag k="one_way" v="yes" />
    <tag k="lanelet_id" v="Petuelring_504395817.lane.3" />
  </relation>
  <relation id="R253">
    <member type="way" ref="W184" role="left" />
    <member type="way" ref="W185" role="right" />
    <tag k="type" v="lanelet" />
    <tag k="subtype" v="road" />
    <tag k="speed_limit" v="13.89" />
    <tag k="location" v="urban" />
    <tag k="one_way" v="yes" />
    <tag k="lanelet_id" v="Petuelring_97451283.lane.1" />
  </relation>
  <relation id="R254">
    <member type="way" ref="W186" role="left" />
    <member type="way" ref="W187" role="right" />
    <tag k="type" v="lanelet" />
    <tag k="subtype" v="road" />
    <tag k="speed_limit" v="13.89" />
    <tag k="location" v="urban" />
    <tag k="one_way" v="yes" />
    <tag k="lanelet_id" v="Petuelring_97451283.lane.2" />
  </relation>
  <relation id="R255">
    <member type="way" ref="W188" role="left" />
    <member type="way" ref="W189" role="right" />
    <tag k="type" v="lanelet" />
    <tag k="subtype" v="road" />
    <tag k="speed_limit" v="13.89" />
    <tag k="location" v="urban" />
    <tag k="one_way" v="yes" />
    <tag k="lanelet_id" v="Petuelring_97451283.lane.3" />
  </relation>
  <relation id="R256">
    <member type="way" ref="W172" role="left" />
    <member type="way" ref="W173" role="right" />
    <tag k="type" v="lanelet" />
    <tag k="subtype" v="road" />
    <tag k="speed_limit" v="13.89" />
    <tag k="location" v="residential" />
    <tag k="one_way" v="no" />
    <tag k="lanelet_id" v="Riesenfeldstraße.lane.1" />
  </relation>
  <relation id="R257">
    <member type="way" ref="W174" role="left" />
    <member type="way" ref="W175" role="right" />
    <tag k="type" v="lanelet" />
    <tag k="subtype" v="road" />
    <tag k="speed_limit" v="13.89" />
    <tag k="location" v="residential" />
    <tag k="one_way" v="no" />
    <tag k="lanelet_id" v="Riesenfeldstraße.lane.101" />
  </relation>
  <relation id="R258">
    <member type="way" ref="W734" role="left" />
    <member type="way" ref="W735" role="right" />
    <tag k="type" v="lanelet" />
    <tag k="subtype" v="road" />
    <tag k="speed_limit" v="13.89" />
    <tag k="location" v="residential" />
    <tag k="one_way" v="no" />
    <tag k="lanelet_id" v="Riesenfeldstraße_1079276725.lane.1" />
  </relation>
  <relation id="R259">
    <member type="way" ref="W736" role="left" />
    <member type="way" ref="W737" role="right" />
    <tag k="type" v="lanelet" />
    <tag k="subtype" v="road" />
    <tag k="speed_limit" v="13.89" />
    <tag k="location" v="residential" />
    <tag k="one_way" v="no" />
    <tag k="lanelet_id" v="Riesenfeldstraße_1079276725.lane.101" />
  </relation>
  <relation id="R260">
    <member type="way" ref="W592" role="left" />
    <member type="way" ref="W593" role="right" />
    <tag k="type" v="lanelet" />
    <tag k="subtype" v="road" />
    <tag k="speed_limit" v="13.89" />
    <tag k="location" v="residential" />
    <tag k="one_way" v="no" />
    <tag k="lanelet_id" v="Riesenfeldstraße_339700552.lane.1" />
  </relation>
  <relation id="R261">
    <member type="way" ref="W594" role="left" />
    <member type="way" ref="W595" role="right" />
    <tag k="type" v="lanelet" />
    <tag k="subtype" v="road" />
    <tag k="speed_limit" v="13.89" />
    <tag k="location" v="residential" />
    <tag k="one_way" v="no" />
    <tag k="lanelet_id" v="Riesenfeldstraße_339700552.lane.101" />
  </relation>
  <relation id="R262">
    <member type="way" ref="W596" role="left" />
    <member type="way" ref="W597" role="right" />
    <tag k="type" v="lanelet" />
    <tag k="subtype" v="road" />
    <tag k="speed_limit" v="13.89" />
    <tag k="location" v="residential" />
    <tag k="one_way" v="no" />
    <tag k="lanelet_id" v="Riesenfeldstraße_339700561.lane.1" />
  </relation>
  <relation id="R263">
    <member type="way" ref="W598" role="left" />
    <member type="way" ref="W599" role="right" />
    <tag k="type" v="lanelet" />
    <tag k="subtype" v="road" />
    <tag k="speed_limit" v="13.89" />
    <tag k="location" v="residential" />
    <tag k="one_way" v="no" />
    <tag k="lanelet_id" v="Riesenfeldstraße_339700561.lane.101" />
  </relation>
  <relation id="R264">
    <member type="way" ref="W600" role="left" />
    <member type="way" ref="W601" role="right" />
    <tag k="type" v="lanelet" />
    <tag k="subtype" v="road" />
    <tag k="speed_limit" v="13.89" />
    <tag k="location" v="residential" />
    <tag k="one_way" v="no" />
    <tag k="lanelet_id" v="Riesenfeldstraße_339700565.lane.1" />
  </relation>
  <relation id="R265">
    <member type="way" ref="W602" role="left" />
    <member type="way" ref="W603" role="right" />
    <tag k="type" v="lanelet" />
    <tag k="subtype" v="road" />
    <tag k="speed_limit" v="13.89" />
    <tag k="location" v="residential" />
    <tag k="one_way" v="no" />
    <tag k="lanelet_id" v="Riesenfeldstraße_339700565.lane.101" />
  </relation>
  <relation id="R266">
    <member type="way" ref="W272" role="left" />
    <member type="way" ref="W273" role="right" />
    <tag k="type" v="lanelet" />
    <tag k="subtype" v="road" />
    <tag k="speed_limit" v="8.33" />
    <tag k="location" v="residential" />
    <tag k="one_way" v="no" />
    <tag k="lanelet_id" v="Sailerstraße.lane.1" />
  </relation>
  <relation id="R267">
    <member type="way" ref="W274" role="left" />
    <member type="way" ref="W275" role="right" />
    <tag k="type" v="lanelet" />
    <tag k="subtype" v="road" />
    <tag k="speed_limit" v="8.33" />
    <tag k="location" v="residential" />
    <tag k="one_way" v="no" />
    <tag k="lanelet_id" v="Sailerstraße.lane.101" />
  </relation>
  <relation id="R268">
    <member type="way" ref="W288" role="left" />
    <member type="way" ref="W289" role="right" />
    <tag k="type" v="lanelet" />
    <tag k="subtype" v="road" />
    <tag k="speed_limit" v="8.33" />
    <tag k="location" v="residential" />
    <tag k="one_way" v="yes" />
    <tag k="lanelet_id" v="Sailerstraße_157090559.lane.1" />
  </relation>
  <relation id="R269">
    <member type="way" ref="W290" role="left" />
    <member type="way" ref="W291" role="right" />
    <tag k="type" v="lanelet" />
    <tag k="subtype" v="road" />
    <tag k="speed_limit" v="8.33" />
    <tag k="location" v="residential" />
    <tag k="one_way" v="yes" />
    <tag k="lanelet_id" v="Sailerstraße_157090559.lane.2" />
  </relation>
  <relation id="R270">
    <member type="way" ref="W72" role="left" />
    <member type="way" ref="W73" role="right" />
    <tag k="type" v="lanelet" />
    <tag k="subtype" v="road" />
    <tag k="speed_limit" v="13.89" />
    <tag k="location" v="residential" />
    <tag k="one_way" v="no" />
    <tag k="lanelet_id" v="Sankt-Blasien-Straße.lane.1" />
  </relation>
  <relation id="R271">
    <member type="way" ref="W74" role="left" />
    <member type="way" ref="W75" role="right" />
    <tag k="type" v="lanelet" />
    <tag k="subtype" v="road" />
    <tag k="speed_limit" v="13.89" />
    <tag k="location" v="residential" />
    <tag k="one_way" v="no" />
    <tag k="lanelet_id" v="Sankt-Blasien-Straße.lane.101" />
  </relation>
  <relation id="R272">
    <member type="way" ref="W106" role="left" />
    <member type="way" ref="W107" role="right" />
    <tag k="type" v="lanelet" />
    <tag k="subtype" v="road" />
    <tag k="speed_limit" v="13.89" />
    <tag k="location" v="urban" />
    <tag k="one_way" v="yes" />
    <tag k="lanelet_id" v="Schleißheimer Straße.lane.1" />
  </relation>
  <relation id="R273">
    <member type="way" ref="W108" role="left" />
    <member type="way" ref="W109" role="right" />
    <tag k="type" v="lanelet" />
    <tag k="subtype" v="road" />
    <tag k="speed_limit" v="13.89" />
    <tag k="location" v="urban" />
    <tag k="one_way" v="yes" />
    <tag k="lanelet_id" v="Schleißheimer Straße.lane.2" />
  </relation>
  <relation id="R274">
    <member type="way" ref="W136" role="left" />
    <member type="way" ref="W137" role="right" />
    <tag k="type" v="lanelet" />
    <tag k="subtype" v="road" />
    <tag k="speed_limit" v="13.89" />
    <tag k="location" v="urban" />
    <tag k="one_way" v="yes" />
    <tag k="lanelet_id" v="Schleißheimer Straße_51095967.lane.1" />
  </relation>
  <relation id="R275">
    <member type="way" ref="W138" role="left" />
    <member type="way" ref="W139" role="right" />
    <tag k="type" v="lanelet" />
    <tag k="subtype" v="road" />
    <tag k="speed_limit" v="13.89" />
    <tag k="location" v="urban" />
    <tag k="one_way" v="yes" />
    <tag k="lanelet_id" v="Schleißheimer Straße_51095967.lane.2" />
  </relation>
  <relation id="R276">
    <member type="way" ref="W140" role="left" />
    <member type="way" ref="W141" role="right" />
    <tag k="type" v="lanelet" />
    <tag k="subtype" v="road" />
    <tag k="speed_limit" v="13.89" />
    <tag k="location" v="urban" />
    <tag k="one_way" v="yes" />
    <tag k="lanelet_id" v="Schleißheimer Straße_51095970.lane.1" />
  </relation>
  <relation id="R277">
    <member type="way" ref="W142" role="left" />
    <member type="way" ref="W143" role="right" />
    <tag k="type" v="lanelet" />
    <tag k="subtype" v="road" />
    <tag k="speed_limit" v="13.89" />
    <tag k="location" v="urban" />
    <tag k="one_way" v="yes" />
    <tag k="lanelet_id" v="Schleißheimer Straße_51095970.lane.2" />
  </relation>
  <relation id="R278">
    <member type="way" ref="W98" role="left" />
    <member type="way" ref="W99" role="right" />
    <tag k="type" v="lanelet" />
    <tag k="subtype" v="road" />
    <tag k="speed_limit" v="8.33" />
    <tag k="location" v="residential" />
    <tag k="one_way" v="yes" />
    <tag k="lanelet_id" v="Schopenhauerstraße.lane.1" />
  </relation>
  <relation id="R279">
    <member type="way" ref="W100" role="left" />
    <member type="way" ref="W101" role="right" />
    <tag k="type" v="lanelet" />
    <tag k="subtype" v="road" />
    <tag k="speed_limit" v="8.33" />
    <tag k="location" v="residential" />
    <tag k="one_way" v="yes" />
    <tag k="lanelet_id" v="Schopenhauerstraße.lane.2" />
  </relation>
  <relation id="R280">
    <member type="way" ref="W628" role="left" />
    <member type="way" ref="W629" role="right" />
    <tag k="type" v="lanelet" />
    <tag k="subtype" v="road" />
    <tag k="speed_limit" v="13.89" />
    <tag k="location" v="urban" />
    <tag k="one_way" v="no" />
    <tag k="lanelet_id" v="Schopenhauerstraße_384211905.lane.1" />
  </relation>
  <relation id="R281">
    <member type="way" ref="W630" role="left" />
    <member type="way" ref="W631" role="right" />
    <tag k="type" v="lanelet" />
    <tag k="subtype" v="road" />
    <tag k="speed_limit" v="13.89" />
    <tag k="location" v="urban" />
    <tag k="one_way" v="no" />
    <tag k="lanelet_id" v="Schopenhauerstraße_384211905.lane.101" />
  </relation>
  <relation id="R282">
    <member type="way" ref="W632" role="left" />
    <member type="way" ref="W633" role="right" />
    <tag k="type" v="lanelet" />
    <tag k="subtype" v="road" />
    <tag k="speed_limit" v="13.89" />
    <tag k="location" v="urban" />
    <tag k="one_way" v="no" />
    <tag k="lanelet_id" v="Schopenhauerstraße_384211906.lane.1" />
  </relation>
  <relation id="R283">
    <member type="way" ref="W634" role="left" />
    <member type="way" ref="W635" role="right" />
    <tag k="type" v="lanelet" />
    <tag k="subtype" v="road" />
    <tag k="speed_limit" v="13.89" />
    <tag k="location" v="urban" />
    <tag k="one_way" v="no" />
    <tag k="lanelet_id" v="Schopenhauerstraße_384211906.lane.101" />
  </relation>
  <relation id="R284">
    <member type="way" ref="W54" role="left" />
    <member type="way" ref="W55" role="right" />
    <tag k="type" v="lanelet" />
    <tag k="subtype" v="road" />
    <tag k="speed_limit" v="8.33" />
    <tag k="location" v="residential" />
    <tag k="one_way" v="no" />
    <tag k="lanelet_id" v="Spiridon-Louis-Ring.lane.1" />
  </relation>
  <relation id="R285">
    <member type="way" ref="W56" role="left" />
    <member type="way" ref="W57" role="right" />
    <tag k="type" v="lanelet" />
    <tag k="subtype" v="road" />
    <tag k="speed_limit" v="8.33" />
    <tag k="location" v="residential" />
    <tag k="one_way" v="no" />
    <tag k="lanelet_id" v="Spiridon-Louis-Ring.lane.101" />
  </relation>
  <relation id="R286">
    <member type="way" ref="W774" role="left" />
    <member type="way" ref="W775" role="right" />
    <tag k="type" v="lanelet" />
    <tag k="subtype" v="road" />
    <tag k="speed_limit" v="8.33" />
    <tag k="location" v="residential" />
    <tag k="one_way" v="no" />
    <tag k="lanelet_id" v="Spiridon-Louis-Ring_1143276742.lane.1" />
  </relation>
  <relation id="R287">
    <member type="way" ref="W776" role="left" />
    <member type="way" ref="W777" role="right" />
    <tag k="type" v="lanelet" />
    <tag k="subtype" v="road" />
    <tag k="speed_limit" v="8.33" />
    <tag k="location" v="residential" />
    <tag k="one_way" v="no" />
    <tag k="lanelet_id" v="Spiridon-Louis-Ring_1143276742.lane.101" />
  </relation>
  <relation id="R288">
    <member type="way" ref="W778" role="left" />
    <member type="way" ref="W779" role="right" />
    <tag k="type" v="lanelet" />
    <tag k="subtype" v="road" />
    <tag k="speed_limit" v="8.33" />
    <tag k="location" v="residential" />
    <tag k="one_way" v="no" />
    <tag k="lanelet_id" v="Spiridon-Louis-Ring_1279888068.lane.1" />
  </relation>
  <relation id="R289">
    <member type="way" ref="W780" role="left" />
    <member type="way" ref="W781" role="right" />
    <tag k="type" v="lanelet" />
    <tag k="subtype" v="road" />
    <tag k="speed_limit" v="8.33" />
    <tag k="location" v="residential" />
    <tag k="one_way" v="no" />
    <tag k="lanelet_id" v="Spiridon-Louis-Ring_1279888068.lane.101" />
  </relation>
  <relation id="R290">
    <member type="way" ref="W312" role="left" />
    <member type="way" ref="W313" role="right" />
    <tag k="type" v="lanelet" />
    <tag k="subtype" v="road" />
    <tag k="speed_limit" v="13.89" />
    <tag k="location" v="residential" />
    <tag k="one_way" v="no" />
    <tag k="lanelet_id" v="Spiridon-Louis-Ring_209452713.lane.1" />
  </relation>
  <relation id="R291">
    <member type="way" ref="W314" role="left" />
    <member type="way" ref="W315" role="right" />
    <tag k="type" v="lanelet" />
    <tag k="subtype" v="road" />
    <tag k="speed_limit" v="13.89" />
    <tag k="location" v="residential" />
    <tag k="one_way" v="no" />
    <tag k="lanelet_id" v="Spiridon-Louis-Ring_209452713.lane.101" />
  </relation>
  <relation id="R292">
    <member type="way" ref="W512" role="left" />
    <member type="way" ref="W513" role="right" />
    <tag k="type" v="lanelet" />
    <tag k="subtype" v="road" />
    <tag k="speed_limit" v="13.89" />
    <tag k="location" v="residential" />
    <tag k="one_way" v="no" />
    <tag k="lanelet_id" v="Spiridon-Louis-Ring_305316829.lane.1" />
  </relation>
  <relation id="R293">
    <member type="way" ref="W514" role="left" />
    <member type="way" ref="W515" role="right" />
    <tag k="type" v="lanelet" />
    <tag k="subtype" v="road" />
    <tag k="speed_limit" v="13.89" />
    <tag k="location" v="residential" />
    <tag k="one_way" v="no" />
    <tag k="lanelet_id" v="Spiridon-Louis-Ring_305316829.lane.101" />
  </relation>
  <relation id="R294">
    <member type="way" ref="W292" role="left" />
    <member type="way" ref="W293" role="right" />
    <tag k="type" v="lanelet" />
    <tag k="subtype" v="road" />
    <tag k="speed_limit" v="8.33" />
    <tag k="location" v="residential" />
    <tag k="one_way" v="yes" />
    <tag k="lanelet_id" v="Wertherstraße.lane.1" />
  </relation>
  <relation id="R295">
    <member type="way" ref="W294" role="left" />
    <member type="way" ref="W295" role="right" />
    <tag k="type" v="lanelet" />
    <tag k="subtype" v="road" />
    <tag k="speed_limit" v="8.33" />
    <tag k="location" v="residential" />
    <tag k="one_way" v="yes" />
    <tag k="lanelet_id" v="Wertherstraße.lane.2" />
  </relation>
  <relation id="R296">
    <member type="way" ref="W296" role="left" />
    <member type="way" ref="W297" role="right" />
    <tag k="type" v="lanelet" />
    <tag k="subtype" v="road" />
    <tag k="speed_limit" v="8.33" />
    <tag k="location" v="residential" />
    <tag k="one_way" v="yes" />
    <tag k="lanelet_id" v="Wilhelm-Meister-Straße.lane.1" />
  </relation>
  <relation id="R297">
    <member type="way" ref="W298" role="left" />
    <member type="way" ref="W299" role="right" />
    <tag k="type" v="lanelet" />
    <tag k="subtype" v="road" />
    <tag k="speed_limit" v="8.33" />
    <tag k="location" v="residential" />
    <tag k="one_way" v="yes" />
    <tag k="lanelet_id" v="Wilhelm-Meister-Straße.lane.2" />
  </relation>
  <relation id="R298">
    <member type="way" ref="W190" role="left" />
    <member type="way" ref="W191" role="right" />
    <tag k="type" v="lanelet" />
    <tag k="subtype" v="road" />
    <tag k="speed_limit" v="13.89" />
    <tag k="location" v="urban" />
    <tag k="one_way" v="no" />
    <tag k="lanelet_id" v="way_100023982.lane.1" />
  </relation>
  <relation id="R299">
    <member type="way" ref="W192" role="left" />
    <member type="way" ref="W193" role="right" />
    <tag k="type" v="lanelet" />
    <tag k="subtype" v="road" />
    <tag k="speed_limit" v="13.89" />
    <tag k="location" v="urban" />
    <tag k="one_way" v="no" />
    <tag k="lanelet_id" v="way_100023982.lane.101" />
  </relation>
  <relation id="R300">
    <member type="way" ref="W708" role="left" />
    <member type="way" ref="W709" role="right" />
    <tag k="type" v="lanelet" />
    <tag k="subtype" v="road" />
    <tag k="speed_limit" v="13.89" />
    <tag k="location" v="urban" />
    <tag k="one_way" v="no" />
    <tag k="lanelet_id" v="way_1019249429.lane.1" />
  </relation>
  <relation id="R301">
    <member type="way" ref="W710" role="left" />
    <member type="way" ref="W711" role="right" />
    <tag k="type" v="lanelet" />
    <tag k="subtype" v="road" />
    <tag k="speed_limit" v="13.89" />
    <tag k="location" v="urban" />
    <tag k="one_way" v="no" />
    <tag k="lanelet_id" v="way_1019249429.lane.101" />
  </relation>
  <relation id="R302">
    <member type="way" ref="W730" role="left" />
    <member type="way" ref="W731" role="right" />
    <tag k="type" v="lanelet" />
    <tag k="subtype" v="road" />
    <tag k="speed_limit" v="13.89" />
    <tag k="location" v="urban" />
    <tag k="one_way" v="no" />
    <tag k="lanelet_id" v="way_1076186585.lane.1" />
  </relation>
  <relation id="R303">
    <member type="way" ref="W732" role="left" />
    <member type="way" ref="W733" role="right" />
    <tag k="type" v="lanelet" />
    <tag k="subtype" v="road" />
    <tag k="speed_limit" v="13.89" />
    <tag k="location" v="urban" />
    <tag k="one_way" v="no" />
    <tag k="lanelet_id" v="way_1076186585.lane.101" />
  </relation>
  <relation id="R304">
    <member type="way" ref="W750" role="left" />
    <member type="way" ref="W751" role="right" />
    <tag k="type" v="lanelet" />
    <tag k="subtype" v="road" />
    <tag k="speed_limit" v="13.89" />
    <tag k="location" v="urban" />
    <tag k="one_way" v="no" />
    <tag k="lanelet_id" v="way_1080985934.lane.1" />
  </relation>
  <relation id="R305">
    <member type="way" ref="W752" role="left" />
    <member type="way" ref="W753" role="right" />
    <tag k="type" v="lanelet" />
    <tag k="subtype" v="road" />
    <tag k="speed_limit" v="13.89" />
    <tag k="location" v="urban" />
    <tag k="one_way" v="no" />
    <tag k="lanelet_id" v="way_1080985934.lane.101" />
  </relation>
  <relation id="R306">
    <member type="way" ref="W754" role="left" />
    <member type="way" ref="W755" role="right" />
    <tag k="type" v="lanelet" />
    <tag k="subtype" v="road" />
    <tag k="speed_limit" v="13.89" />
    <tag k="location" v="urban" />
    <tag k="one_way" v="no" />
    <tag k="lanelet_id" v="way_1080985935.lane.1" />
  </relation>
  <relation id="R307">
    <member type="way" ref="W756" role="left" />
    <member type="way" ref="W757" role="right" />
    <tag k="type" v="lanelet" />
    <tag k="subtype" v="road" />
    <tag k="speed_limit" v="13.89" />
    <tag k="location" v="urban" />
    <tag k="one_way" v="no" />
    <tag k="lanelet_id" v="way_1080985935.lane.101" />
  </relation>
  <relation id="R308">
    <member type="way" ref="W758" role="left" />
    <member type="way" ref="W759" role="right" />
    <tag k="type" v="lanelet" />
    <tag k="subtype" v="road" />
    <tag k="speed_limit" v="13.89" />
    <tag k="location" v="urban" />
    <tag k="one_way" v="no" />
    <tag k="lanelet_id" v="way_1086175142.lane.1" />
  </relation>
  <relation id="R309">
    <member type="way" ref="W760" role="left" />
    <member type="way" ref="W761" role="right" />
    <tag k="type" v="lanelet" />
    <tag k="subtype" v="road" />
    <tag k="speed_limit" v="13.89" />
    <tag k="location" v="urban" />
    <tag k="one_way" v="no" />
    <tag k="lanelet_id" v="way_1086175142.lane.101" />
  </relation>
  <relation id="R310">
    <member type="way" ref="W762" role="left" />
    <member type="way" ref="W763" role="right" />
    <tag k="type" v="lanelet" />
    <tag k="subtype" v="road" />
    <tag k="speed_limit" v="13.89" />
    <tag k="location" v="urban" />
    <tag k="one_way" v="no" />
    <tag k="lanelet_id" v="way_1086932940.lane.1" />
  </relation>
  <relation id="R311">
    <member type="way" ref="W764" role="left" />
    <member type="way" ref="W765" role="right" />
    <tag k="type" v="lanelet" />
    <tag k="subtype" v="road" />
    <tag k="speed_limit" v="13.89" />
    <tag k="location" v="urban" />
    <tag k="one_way" v="no" />
    <tag k="lanelet_id" v="way_1086932940.lane.101" />
  </relation>
  <relation id="R312">
    <member type="way" ref="W194" role="left" />
    <member type="way" ref="W195" role="right" />
    <tag k="type" v="lanelet" />
    <tag k="subtype" v="road" />
    <tag k="speed_limit" v="13.89" />
    <tag k="location" v="urban" />
    <tag k="one_way" v="no" />
    <tag k="lanelet_id" v="way_111676419.lane.1" />
  </relation>
  <relation id="R313">
    <member type="way" ref="W196" role="left" />
    <member type="way" ref="W197" role="right" />
    <tag k="type" v="lanelet" />
    <tag k="subtype" v="road" />
    <tag k="speed_limit" v="13.89" />
    <tag k="location" v="urban" />
    <tag k="one_way" v="no" />
    <tag k="lanelet_id" v="way_111676419.lane.101" />
  </relation>
  <relation id="R314">
    <member type="way" ref="W782" role="left" />
    <member type="way" ref="W783" role="right" />
    <tag k="type" v="lanelet" />
    <tag k="subtype" v="road" />
    <tag k="speed_limit" v="13.89" />
    <tag k="location" v="urban" />
    <tag k="one_way" v="no" />
    <tag k="lanelet_id" v="way_1387781975.lane.1" />
  </relation>
  <relation id="R315">
    <member type="way" ref="W784" role="left" />
    <member type="way" ref="W785" role="right" />
    <tag k="type" v="lanelet" />
    <tag k="subtype" v="road" />
    <tag k="speed_limit" v="13.89" />
    <tag k="location" v="urban" />
    <tag k="one_way" v="no" />
    <tag k="lanelet_id" v="way_1387781975.lane.101" />
  </relation>
  <relation id="R316">
    <member type="way" ref="W202" role="left" />
    <member type="way" ref="W203" role="right" />
    <tag k="type" v="lanelet" />
    <tag k="subtype" v="road" />
    <tag k="speed_limit" v="13.89" />
    <tag k="location" v="urban" />
    <tag k="one_way" v="no" />
    <tag k="lanelet_id" v="way_140008098.lane.1" />
  </relation>
  <relation id="R317">
    <member type="way" ref="W204" role="left" />
    <member type="way" ref="W205" role="right" />
    <tag k="type" v="lanelet" />
    <tag k="subtype" v="road" />
    <tag k="speed_limit" v="13.89" />
    <tag k="location" v="urban" />
    <tag k="one_way" v="no" />
    <tag k="lanelet_id" v="way_140008098.lane.101" />
  </relation>
  <relation id="R318">
    <member type="way" ref="W214" role="left" />
    <member type="way" ref="W215" role="right" />
    <tag k="type" v="lanelet" />
    <tag k="subtype" v="road" />
    <tag k="speed_limit" v="16.67" />
    <tag k="location" v="urban" />
    <tag k="one_way" v="yes" />
    <tag k="lanelet_id" v="way_145433980.lane.1" />
  </relation>
  <relation id="R319">
    <member type="way" ref="W216" role="left" />
    <member type="way" ref="W217" role="right" />
    <tag k="type" v="lanelet" />
    <tag k="subtype" v="road" />
    <tag k="speed_limit" v="16.67" />
    <tag k="location" v="urban" />
    <tag k="one_way" v="yes" />
    <tag k="lanelet_id" v="way_145433980.lane.2" />
  </relation>
  <relation id="R320">
    <member type="way" ref="W266" role="left" />
    <member type="way" ref="W267" role="right" />
    <tag k="type" v="lanelet" />
    <tag k="subtype" v="road" />
    <tag k="speed_limit" v="13.89" />
    <tag k="location" v="urban" />
    <tag k="one_way" v="yes" />
    <tag k="lanelet_id" v="way_152582357.lane.1" />
  </relation>
  <relation id="R321">
    <member type="way" ref="W268" role="left" />
    <member type="way" ref="W269" role="right" />
    <tag k="type" v="lanelet" />
    <tag k="subtype" v="road" />
    <tag k="speed_limit" v="13.89" />
    <tag k="location" v="urban" />
    <tag k="one_way" v="yes" />
    <tag k="lanelet_id" v="way_152582357.lane.2" />
  </relation>
  <relation id="R322">
    <member type="way" ref="W270" role="left" />
    <member type="way" ref="W271" role="right" />
    <tag k="type" v="lanelet" />
    <tag k="subtype" v="road" />
    <tag k="speed_limit" v="13.89" />
    <tag k="location" v="urban" />
    <tag k="one_way" v="yes" />
    <tag k="lanelet_id" v="way_152582357.lane.3" />
  </relation>
  <relation id="R323">
    <member type="way" ref="W58" role="left" />
    <member type="way" ref="W59" role="right" />
    <tag k="type" v="lanelet" />
    <tag k="subtype" v="road" />
    <tag k="speed_limit" v="13.89" />
    <tag k="location" v="urban" />
    <tag k="one_way" v="no" />
    <tag k="lanelet_id" v="way_17920125.lane.1" />
  </relation>
  <relation id="R324">
    <member type="way" ref="W60" role="left" />
    <member type="way" ref="W61" role="right" />
    <tag k="type" v="lanelet" />
    <tag k="subtype" v="road" />
    <tag k="speed_limit" v="13.89" />
    <tag k="location" v="urban" />
    <tag k="one_way" v="no" />
    <tag k="lanelet_id" v="way_17920125.lane.101" />
  </relation>
  <relation id="R325">
    <member type="way" ref="W316" role="left" />
    <member type="way" ref="W317" role="right" />
    <tag k="type" v="lanelet" />
    <tag k="subtype" v="road" />
    <tag k="speed_limit" v="13.89" />
    <tag k="location" v="urban" />
    <tag k="one_way" v="no" />
    <tag k="lanelet_id" v="way_256036553.lane.1" />
  </relation>
  <relation id="R326">
    <member type="way" ref="W318" role="left" />
    <member type="way" ref="W319" role="right" />
    <tag k="type" v="lanelet" />
    <tag k="subtype" v="road" />
    <tag k="speed_limit" v="13.89" />
    <tag k="location" v="urban" />
    <tag k="one_way" v="no" />
    <tag k="lanelet_id" v="way_256036553.lane.101" />
  </relation>
  <relation id="R327">
    <member type="way" ref="W320" role="left" />
    <member type="way" ref="W321" role="right" />
    <tag k="type" v="lanelet" />
    <tag k="subtype" v="road" />
    <tag k="speed_limit" v="13.89" />
    <tag k="location" v="urban" />
    <tag k="one_way" v="no" />
    <tag k="lanelet_id" v="way_256036554.lane.1" />
  </relation>
  <relation id="R328">
    <member type="way" ref="W322" role="left" />
    <member type="way" ref="W323" role="right" />
    <tag k="type" v="lanelet" />
    <tag k="subtype" v="road" />
    <tag k="speed_limit" v="13.89" />
    <tag k="location" v="urban" />
    <tag k="one_way" v="no" />
    <tag k="lanelet_id" v="way_256036554.lane.101" />
  </relation>
  <relation id="R329">
    <member type="way" ref="W324" role="left" />
    <member type="way" ref="W325" role="right" />
    <tag k="type" v="lanelet" />
    <tag k="subtype" v="road" />
    <tag k="speed_limit" v="13.89" />
    <tag k="location" v="urban" />
    <tag k="one_way" v="no" />
    <tag k="lanelet_id" v="way_256036555.lane.1" />
  </relation>
  <relation id="R330">
    <member type="way" ref="W326" role="left" />
    <member type="way" ref="W327" role="right" />
    <tag k="type" v="lanelet" />
    <tag k="subtype" v="road" />
    <tag k="speed_limit" v="13.89" />
    <tag k="location" v="urban" />
    <tag k="one_way" v="no" />
    <tag k="lanelet_id" v="way_256036555.lane.101" />
  </relation>
  <relation id="R331">
    <member type="way" ref="W344" role="left" />
    <member type="way" ref="W345" role="right" />
    <tag k="type" v="lanelet" />
    <tag k="subtype" v="road" />
    <tag k="speed_limit" v="13.89" />
    <tag k="location" v="urban" />
    <tag k="one_way" v="no" />
    <tag k="lanelet_id" v="way_256987065.lane.1" />
  </relation>
  <relation id="R332">
    <member type="way" ref="W346" role="left" />
    <member type="way" ref="W347" role="right" />
    <tag k="type" v="lanelet" />
    <tag k="subtype" v="road" />
    <tag k="speed_limit" v="13.89" />
    <tag k="location" v="urban" />
    <tag k="one_way" v="no" />
    <tag k="lanelet_id" v="way_256987065.lane.101" />
  </relation>
  <relation id="R333">
    <member type="way" ref="W348" role="left" />
    <member type="way" ref="W349" role="right" />
    <tag k="type" v="lanelet" />
    <tag k="subtype" v="road" />
    <tag k="speed_limit" v="13.89" />
    <tag k="location" v="urban" />
    <tag k="one_way" v="no" />
    <tag k="lanelet_id" v="way_256987067.lane.1" />
  </relation>
  <relation id="R334">
    <member type="way" ref="W350" role="left" />
    <member type="way" ref="W351" role="right" />
    <tag k="type" v="lanelet" />
    <tag k="subtype" v="road" />
    <tag k="speed_limit" v="13.89" />
    <tag k="location" v="urban" />
    <tag k="one_way" v="no" />
    <tag k="lanelet_id" v="way_256987067.lane.101" />
  </relation>
  <relation id="R335">
    <member type="way" ref="W352" role="left" />
    <member type="way" ref="W353" role="right" />
    <tag k="type" v="lanelet" />
    <tag k="subtype" v="road" />
    <tag k="speed_limit" v="13.89" />
    <tag k="location" v="urban" />
    <tag k="one_way" v="no" />
    <tag k="lanelet_id" v="way_256987070.lane.1" />
  </relation>
  <relation id="R336">
    <member type="way" ref="W354" role="left" />
    <member type="way" ref="W355" role="right" />
    <tag k="type" v="lanelet" />
    <tag k="subtype" v="road" />
    <tag k="speed_limit" v="13.89" />
    <tag k="location" v="urban" />
    <tag k="one_way" v="no" />
    <tag k="lanelet_id" v="way_256987070.lane.101" />
  </relation>
  <relation id="R337">
    <member type="way" ref="W356" role="left" />
    <member type="way" ref="W357" role="right" />
    <tag k="type" v="lanelet" />
    <tag k="subtype" v="road" />
    <tag k="speed_limit" v="13.89" />
    <tag k="location" v="urban" />
    <tag k="one_way" v="no" />
    <tag k="lanelet_id" v="way_256987071.lane.1" />
  </relation>
  <relation id="R338">
    <member type="way" ref="W358" role="left" />
    <member type="way" ref="W359" role="right" />
    <tag k="type" v="lanelet" />
    <tag k="subtype" v="road" />
    <tag k="speed_limit" v="13.89" />
    <tag k="location" v="urban" />
    <tag k="one_way" v="no" />
    <tag k="lanelet_id" v="way_256987071.lane.101" />
  </relation>
  <relation id="R339">
    <member type="way" ref="W360" role="left" />
    <member type="way" ref="W361" role="right" />
    <tag k="type" v="lanelet" />
    <tag k="subtype" v="road" />
    <tag k="speed_limit" v="13.89" />
    <tag k="location" v="urban" />
    <tag k="one_way" v="no" />
    <tag k="lanelet_id" v="way_257626484.lane.1" />
  </relation>
  <relation id="R340">
    <member type="way" ref="W362" role="left" />
    <member type="way" ref="W363" role="right" />
    <tag k="type" v="lanelet" />
    <tag k="subtype" v="road" />
    <tag k="speed_limit" v="13.89" />
    <tag k="location" v="urban" />
    <tag k="one_way" v="no" />
    <tag k="lanelet_id" v="way_257626484.lane.101" />
  </relation>
  <relation id="R341">
    <member type="way" ref="W364" role="left" />
    <member type="way" ref="W365" role="right" />
    <tag k="type" v="lanelet" />
    <tag k="subtype" v="road" />
    <tag k="speed_limit" v="13.89" />
    <tag k="location" v="urban" />
    <tag k="one_way" v="no" />
    <tag k="lanelet_id" v="way_257626485.lane.1" />
  </relation>
  <relation id="R342">
    <member type="way" ref="W366" role="left" />
    <member type="way" ref="W367" role="right" />
    <tag k="type" v="lanelet" />
    <tag k="subtype" v="road" />
    <tag k="speed_limit" v="13.89" />
    <tag k="location" v="urban" />
    <tag k="one_way" v="no" />
    <tag k="lanelet_id" v="way_257626485.lane.101" />
  </relation>
  <relation id="R343">
    <member type="way" ref="W368" role="left" />
    <member type="way" ref="W369" role="right" />
    <tag k="type" v="lanelet" />
    <tag k="subtype" v="road" />
    <tag k="speed_limit" v="13.89" />
    <tag k="location" v="urban" />
    <tag k="one_way" v="no" />
    <tag k="lanelet_id" v="way_257626487.lane.1" />
  </relation>
  <relation id="R344">
    <member type="way" ref="W370" role="left" />
    <member type="way" ref="W371" role="right" />
    <tag k="type" v="lanelet" />
    <tag k="subtype" v="road" />
    <tag k="speed_limit" v="13.89" />
    <tag k="location" v="urban" />
    <tag k="one_way" v="no" />
    <tag k="lanelet_id" v="way_257626487.lane.101" />
  </relation>
  <relation id="R345">
    <member type="way" ref="W372" role="left" />
    <member type="way" ref="W373" role="right" />
    <tag k="type" v="lanelet" />
    <tag k="subtype" v="road" />
    <tag k="speed_limit" v="13.89" />
    <tag k="location" v="urban" />
    <tag k="one_way" v="no" />
    <tag k="lanelet_id" v="way_257626490.lane.1" />
  </relation>
  <relation id="R346">
    <member type="way" ref="W374" role="left" />
    <member type="way" ref="W375" role="right" />
    <tag k="type" v="lanelet" />
    <tag k="subtype" v="road" />
    <tag k="speed_limit" v="13.89" />
    <tag k="location" v="urban" />
    <tag k="one_way" v="no" />
    <tag k="lanelet_id" v="way_257626490.lane.101" />
  </relation>
  <relation id="R347">
    <member type="way" ref="W376" role="left" />
    <member type="way" ref="W377" role="right" />
    <tag k="type" v="lanelet" />
    <tag k="subtype" v="road" />
    <tag k="speed_limit" v="13.89" />
    <tag k="location" v="urban" />
    <tag k="one_way" v="no" />
    <tag k="lanelet_id" v="way_257626493.lane.1" />
  </relation>
  <relation id="R348">
    <member type="way" ref="W378" role="left" />
    <member type="way" ref="W379" role="right" />
    <tag k="type" v="lanelet" />
    <tag k="subtype" v="road" />
    <tag k="speed_limit" v="13.89" />
    <tag k="location" v="urban" />
    <tag k="one_way" v="no" />
    <tag k="lanelet_id" v="way_257626493.lane.101" />
  </relation>
  <relation id="R349">
    <member type="way" ref="W380" role="left" />
    <member type="way" ref="W381" role="right" />
    <tag k="type" v="lanelet" />
    <tag k="subtype" v="road" />
    <tag k="speed_limit" v="13.89" />
    <tag k="location" v="urban" />
    <tag k="one_way" v="no" />
    <tag k="lanelet_id" v="way_257626496.lane.1" />
  </relation>
  <relation id="R350">
    <member type="way" ref="W382" role="left" />
    <member type="way" ref="W383" role="right" />
    <tag k="type" v="lanelet" />
    <tag k="subtype" v="road" />
    <tag k="speed_limit" v="13.89" />
    <tag k="location" v="urban" />
    <tag k="one_way" v="no" />
    <tag k="lanelet_id" v="way_257626496.lane.101" />
  </relation>
  <relation id="R351">
    <member type="way" ref="W384" role="left" />
    <member type="way" ref="W385" role="right" />
    <tag k="type" v="lanelet" />
    <tag k="subtype" v="road" />
    <tag k="speed_limit" v="13.89" />
    <tag k="location" v="urban" />
    <tag k="one_way" v="no" />
    <tag k="lanelet_id" v="way_257626499.lane.1" />
  </relation>
  <relation id="R352">
    <member type="way" ref="W386" role="left" />
    <member type="way" ref="W387" role="right" />
    <tag k="type" v="lanelet" />
    <tag k="subtype" v="road" />
    <tag k="speed_limit" v="13.89" />
    <tag k="location" v="urban" />
    <tag k="one_way" v="no" />
    <tag k="lanelet_id" v="way_257626499.lane.101" />
  </relation>
  <relation id="R353">
    <member type="way" ref="W388" role="left" />
    <member type="way" ref="W389" role="right" />
    <tag k="type" v="lanelet" />
    <tag k="subtype" v="road" />
    <tag k="speed_limit" v="13.89" />
    <tag k="location" v="urban" />
    <tag k="one_way" v="no" />
    <tag k="lanelet_id" v="way_257626500.lane.1" />
  </relation>
  <relation id="R354">
    <member type="way" ref="W390" role="left" />
    <member type="way" ref="W391" role="right" />
    <tag k="type" v="lanelet" />
    <tag k="subtype" v="road" />
    <tag k="speed_limit" v="13.89" />
    <tag k="location" v="urban" />
    <tag k="one_way" v="no" />
    <tag k="lanelet_id" v="way_257626500.lane.101" />
  </relation>
  <relation id="R355">
    <member type="way" ref="W392" role="left" />
    <member type="way" ref="W393" role="right" />
    <tag k="type" v="lanelet" />
    <tag k="subtype" v="road" />
    <tag k="speed_limit" v="13.89" />
    <tag k="location" v="urban" />
    <tag k="one_way" v="no" />
    <tag k="lanelet_id" v="way_257626501.lane.1" />
  </relation>
  <relation id="R356">
    <member type="way" ref="W394" role="left" />
    <member type="way" ref="W395" role="right" />
    <tag k="type" v="lanelet" />
    <tag k="subtype" v="road" />
    <tag k="speed_limit" v="13.89" />
    <tag k="location" v="urban" />
    <tag k="one_way" v="no" />
    <tag k="lanelet_id" v="way_257626501.lane.101" />
  </relation>
  <relation id="R357">
    <member type="way" ref="W492" role="left" />
    <member type="way" ref="W493" role="right" />
    <tag k="type" v="lanelet" />
    <tag k="subtype" v="road" />
    <tag k="speed_limit" v="13.89" />
    <tag k="location" v="urban" />
    <tag k="one_way" v="no" />
    <tag k="lanelet_id" v="way_285292335.lane.1" />
  </relation>
  <relation id="R358">
    <member type="way" ref="W494" role="left" />
    <member type="way" ref="W495" role="right" />
    <tag k="type" v="lanelet" />
    <tag k="subtype" v="road" />
    <tag k="speed_limit" v="13.89" />
    <tag k="location" v="urban" />
    <tag k="one_way" v="no" />
    <tag k="lanelet_id" v="way_285292335.lane.101" />
  </relation>
  <relation id="R359">
    <member type="way" ref="W80" role="left" />
    <member type="way" ref="W81" role="right" />
    <tag k="type" v="lanelet" />
    <tag k="subtype" v="road" />
    <tag k="speed_limit" v="13.89" />
    <tag k="location" v="urban" />
    <tag k="one_way" v="no" />
    <tag k="lanelet_id" v="way_29899934.lane.1" />
  </relation>
  <relation id="R360">
    <member type="way" ref="W82" role="left" />
    <member type="way" ref="W83" role="right" />
    <tag k="type" v="lanelet" />
    <tag k="subtype" v="road" />
    <tag k="speed_limit" v="13.89" />
    <tag k="location" v="urban" />
    <tag k="one_way" v="no" />
    <tag k="lanelet_id" v="way_29899934.lane.101" />
  </relation>
  <relation id="R361">
    <member type="way" ref="W508" role="left" />
    <member type="way" ref="W509" role="right" />
    <tag k="type" v="lanelet" />
    <tag k="subtype" v="road" />
    <tag k="speed_limit" v="13.89" />
    <tag k="location" v="urban" />
    <tag k="one_way" v="no" />
    <tag k="lanelet_id" v="way_300994954.lane.1" />
  </relation>
  <relation id="R362">
    <member type="way" ref="W510" role="left" />
    <member type="way" ref="W511" role="right" />
    <tag k="type" v="lanelet" />
    <tag k="subtype" v="road" />
    <tag k="speed_limit" v="13.89" />
    <tag k="location" v="urban" />
    <tag k="one_way" v="no" />
    <tag k="lanelet_id" v="way_300994954.lane.101" />
  </relation>
  <relation id="R363">
    <member type="way" ref="W524" role="left" />
    <member type="way" ref="W525" role="right" />
    <tag k="type" v="lanelet" />
    <tag k="subtype" v="road" />
    <tag k="speed_limit" v="13.89" />
    <tag k="location" v="urban" />
    <tag k="one_way" v="no" />
    <tag k="lanelet_id" v="way_317342457.lane.1" />
  </relation>
  <relation id="R364">
    <member type="way" ref="W526" role="left" />
    <member type="way" ref="W527" role="right" />
    <tag k="type" v="lanelet" />
    <tag k="subtype" v="road" />
    <tag k="speed_limit" v="13.89" />
    <tag k="location" v="urban" />
    <tag k="one_way" v="no" />
    <tag k="lanelet_id" v="way_317342457.lane.101" />
  </relation>
  <relation id="R365">
    <member type="way" ref="W110" role="left" />
    <member type="way" ref="W111" role="right" />
    <tag k="type" v="lanelet" />
    <tag k="subtype" v="road" />
    <tag k="speed_limit" v="13.89" />
    <tag k="location" v="urban" />
    <tag k="one_way" v="yes" />
    <tag k="lanelet_id" v="way_33954492.lane.1" />
  </relation>
  <relation id="R366">
    <member type="way" ref="W112" role="left" />
    <member type="way" ref="W113" role="right" />
    <tag k="type" v="lanelet" />
    <tag k="subtype" v="road" />
    <tag k="speed_limit" v="13.89" />
    <tag k="location" v="urban" />
    <tag k="one_way" v="yes" />
    <tag k="lanelet_id" v="way_33954492.lane.2" />
  </relation>
  <relation id="R367">
    <member type="way" ref="W604" role="left" />
    <member type="way" ref="W605" role="right" />
    <tag k="type" v="lanelet" />
    <tag k="subtype" v="road" />
    <tag k="speed_limit" v="13.89" />
    <tag k="location" v="urban" />
    <tag k="one_way" v="no" />
    <tag k="lanelet_id" v="way_345696699.lane.1" />
  </relation>
  <relation id="R368">
    <member type="way" ref="W606" role="left" />
    <member type="way" ref="W607" role="right" />
    <tag k="type" v="lanelet" />
    <tag k="subtype" v="road" />
    <tag k="speed_limit" v="13.89" />
    <tag k="location" v="urban" />
    <tag k="one_way" v="no" />
    <tag k="lanelet_id" v="way_345696699.lane.101" />
  </relation>
  <relation id="R369">
    <member type="way" ref="W608" role="left" />
    <member type="way" ref="W609" role="right" />
    <tag k="type" v="lanelet" />
    <tag k="subtype" v="road" />
    <tag k="speed_limit" v="13.89" />
    <tag k="location" v="urban" />
    <tag k="one_way" v="no" />
    <tag k="lanelet_id" v="way_345696700.lane.1" />
  </relation>
  <relation id="R370">
    <member type="way" ref="W610" role="left" />
    <member type="way" ref="W611" role="right" />
    <tag k="type" v="lanelet" />
    <tag k="subtype" v="road" />
    <tag k="speed_limit" v="13.89" />
    <tag k="location" v="urban" />
    <tag k="one_way" v="no" />
    <tag k="lanelet_id" v="way_345696700.lane.101" />
  </relation>
  <relation id="R371">
    <member type="way" ref="W114" role="left" />
    <member type="way" ref="W115" role="right" />
    <tag k="type" v="lanelet" />
    <tag k="subtype" v="road" />
    <tag k="speed_limit" v="13.89" />
    <tag k="location" v="urban" />
    <tag k="one_way" v="yes" />
    <tag k="lanelet_id" v="way_36965392.lane.1" />
  </relation>
  <relation id="R372">
    <member type="way" ref="W116" role="left" />
    <member type="way" ref="W117" role="right" />
    <tag k="type" v="lanelet" />
    <tag k="subtype" v="road" />
    <tag k="speed_limit" v="13.89" />
    <tag k="location" v="urban" />
    <tag k="one_way" v="yes" />
    <tag k="lanelet_id" v="way_36965392.lane.2" />
  </relation>
  <relation id="R373">
    <member type="way" ref="W644" role="left" />
    <member type="way" ref="W645" role="right" />
    <tag k="type" v="lanelet" />
    <tag k="subtype" v="road" />
    <tag k="speed_limit" v="13.89" />
    <tag k="location" v="urban" />
    <tag k="one_way" v="no" />
    <tag k="lanelet_id" v="way_410359739.lane.1" />
  </relation>
  <relation id="R374">
    <member type="way" ref="W646" role="left" />
    <member type="way" ref="W647" role="right" />
    <tag k="type" v="lanelet" />
    <tag k="subtype" v="road" />
    <tag k="speed_limit" v="13.89" />
    <tag k="location" v="urban" />
    <tag k="one_way" v="no" />
    <tag k="lanelet_id" v="way_410359739.lane.101" />
  </relation>
  <relation id="R375">
    <member type="way" ref="W648" role="left" />
    <member type="way" ref="W649" role="right" />
    <tag k="type" v="lanelet" />
    <tag k="subtype" v="road" />
    <tag k="speed_limit" v="13.89" />
    <tag k="location" v="urban" />
    <tag k="one_way" v="no" />
    <tag k="lanelet_id" v="way_410359740.lane.1" />
  </relation>
  <relation id="R376">
    <member type="way" ref="W650" role="left" />
    <member type="way" ref="W651" role="right" />
    <tag k="type" v="lanelet" />
    <tag k="subtype" v="road" />
    <tag k="speed_limit" v="13.89" />
    <tag k="location" v="urban" />
    <tag k="one_way" v="no" />
    <tag k="lanelet_id" v="way_410359740.lane.101" />
  </relation>
  <relation id="R377">
    <member type="way" ref="W656" role="left" />
    <member type="way" ref="W657" role="right" />
    <tag k="type" v="lanelet" />
    <tag k="subtype" v="road" />
    <tag k="speed_limit" v="13.89" />
    <tag k="location" v="urban" />
    <tag k="one_way" v="no" />
    <tag k="lanelet_id" v="way_424475754.lane.1" />
  </relation>
  <relation id="R378">
    <member type="way" ref="W658" role="left" />
    <member type="way" ref="W659" role="right" />
    <tag k="type" v="lanelet" />
    <tag k="subtype" v="road" />
    <tag k="speed_limit" v="13.89" />
    <tag k="location" v="urban" />
    <tag k="one_way" v="no" />
    <tag k="lanelet_id" v="way_424475754.lane.101" />
  </relation>
  <relation id="R379">
    <member type="way" ref="W660" role="left" />
    <member type="way" ref="W661" role="right" />
    <tag k="type" v="lanelet" />
    <tag k="subtype" v="road" />
    <tag k="speed_limit" v="13.89" />
    <tag k="location" v="urban" />
    <tag k="one_way" v="no" />
    <tag k="lanelet_id" v="way_431556926.lane.1" />
  </relation>
  <relation id="R380">
    <member type="way" ref="W662" role="left" />
    <member type="way" ref="W663" role="right" />
    <tag k="type" v="lanelet" />
    <tag k="subtype" v="road" />
    <tag k="speed_limit" v="13.89" />
    <tag k="location" v="urban" />
    <tag k="one_way" v="no" />
    <tag k="lanelet_id" v="way_431556926.lane.101" />
  </relation>
  <relation id="R381">
    <member type="way" ref="W26" role="left" />
    <member type="way" ref="W27" role="right" />
    <tag k="type" v="lanelet" />
    <tag k="subtype" v="road" />
    <tag k="speed_limit" v="16.67" />
    <tag k="location" v="urban" />
    <tag k="one_way" v="yes" />
    <tag k="lanelet_id" v="way_4585577.lane.1" />
  </relation>
  <relation id="R382">
    <member type="way" ref="W28" role="left" />
    <member type="way" ref="W29" role="right" />
    <tag k="type" v="lanelet" />
    <tag k="subtype" v="road" />
    <tag k="speed_limit" v="16.67" />
    <tag k="location" v="urban" />
    <tag k="one_way" v="yes" />
    <tag k="lanelet_id" v="way_4585577.lane.2" />
  </relation>
  <relation id="R383">
    <member type="way" ref="W132" role="left" />
    <member type="way" ref="W133" role="right" />
    <tag k="type" v="lanelet" />
    <tag k="subtype" v="road" />
    <tag k="speed_limit" v="13.89" />
    <tag k="location" v="urban" />
    <tag k="one_way" v="no" />
    <tag k="lanelet_id" v="way_50624760.lane.1" />
  </relation>
  <relation id="R384">
    <member type="way" ref="W134" role="left" />
    <member type="way" ref="W135" role="right" />
    <tag k="type" v="lanelet" />
    <tag k="subtype" v="road" />
    <tag k="speed_limit" v="13.89" />
    <tag k="location" v="urban" />
    <tag k="one_way" v="no" />
    <tag k="lanelet_id" v="way_50624760.lane.101" />
  </relation>
  <relation id="R385">
    <member type="way" ref="W144" role="left" />
    <member type="way" ref="W145" role="right" />
    <tag k="type" v="lanelet" />
    <tag k="subtype" v="road" />
    <tag k="speed_limit" v="13.89" />
    <tag k="location" v="urban" />
    <tag k="one_way" v="no" />
    <tag k="lanelet_id" v="way_51145578.lane.1" />
  </relation>
  <relation id="R386">
    <member type="way" ref="W146" role="left" />
    <member type="way" ref="W147" role="right" />
    <tag k="type" v="lanelet" />
    <tag k="subtype" v="road" />
    <tag k="speed_limit" v="13.89" />
    <tag k="location" v="urban" />
    <tag k="one_way" v="no" />
    <tag k="lanelet_id" v="way_51145578.lane.101" />
  </relation>
  <relation id="R387">
    <member type="way" ref="W152" role="left" />
    <member type="way" ref="W153" role="right" />
    <tag k="type" v="lanelet" />
    <tag k="subtype" v="road" />
    <tag k="speed_limit" v="13.89" />
    <tag k="location" v="urban" />
    <tag k="one_way" v="no" />
    <tag k="lanelet_id" v="way_60058821.lane.1" />
  </relation>
  <relation id="R388">
    <member type="way" ref="W154" role="left" />
    <member type="way" ref="W155" role="right" />
    <tag k="type" v="lanelet" />
    <tag k="subtype" v="road" />
    <tag k="speed_limit" v="13.89" />
    <tag k="location" v="urban" />
    <tag k="one_way" v="no" />
    <tag k="lanelet_id" v="way_60058821.lane.101" />
  </relation>
  <relation id="R389">
    <member type="way" ref="W688" role="left" />
    <member type="way" ref="W689" role="right" />
    <tag k="type" v="lanelet" />
    <tag k="subtype" v="road" />
    <tag k="speed_limit" v="13.89" />
    <tag k="location" v="urban" />
    <tag k="one_way" v="yes" />
    <tag k="lanelet_id" v="way_616710958.lane.1" />
  </relation>
  <relation id="R390">
    <member type="way" ref="W690" role="left" />
    <member type="way" ref="W691" role="right" />
    <tag k="type" v="lanelet" />
    <tag k="subtype" v="road" />
    <tag k="speed_limit" v="13.89" />
    <tag k="location" v="urban" />
    <tag k="one_way" v="yes" />
    <tag k="lanelet_id" v="way_616710958.lane.2" />
  </relation>
  <relation id="R391">
    <member type="way" ref="W692" role="left" />
    <member type="way" ref="W693" role="right" />
    <tag k="type" v="lanelet" />
    <tag k="subtype" v="road" />
    <tag k="speed_limit" v="13.89" />
    <tag k="location" v="urban" />
    <tag k="one_way" v="yes" />
    <tag k="lanelet_id" v="way_617631834.lane.1" />
  </relation>
  <relation id="R392">
    <member type="way" ref="W694" role="left" />
    <member type="way" ref="W695" role="right" />
    <tag k="type" v="lanelet" />
    <tag k="subtype" v="road" />
    <tag k="speed_limit" v="13.89" />
    <tag k="location" v="urban" />
    <tag k="one_way" v="yes" />
    <tag k="lanelet_id" v="way_617631834.lane.2" />
  </relation>
  <relation id="R393">
    <member type="way" ref="W696" role="left" />
    <member type="way" ref="W697" role="right" />
    <tag k="type" v="lanelet" />
    <tag k="subtype" v="road" />
    <tag k="speed_limit" v="13.89" />
    <tag k="location" v="urban" />
    <tag k="one_way" v="yes" />
    <tag k="lanelet_id" v="way_617631837.lane.1" />
  </relation>
  <relation id="R394">
    <member type="way" ref="W698" role="left" />
    <member type="way" ref="W699" role="right" />
    <tag k="type" v="lanelet" />
    <tag k="subtype" v="road" />
    <tag k="speed_limit" v="13.89" />
    <tag k="location" v="urban" />
    <tag k="one_way" v="yes" />
    <tag k="lanelet_id" v="way_617631837.lane.2" />
  </relation>
  <relation id="R395">
    <member type="way" ref="W700" role="left" />
    <member type="way" ref="W701" role="right" />
    <tag k="type" v="lanelet" />
    <tag k="subtype" v="road" />
    <tag k="speed_limit" v="13.89" />
    <tag k="location" v="urban" />
    <tag k="one_way" v="yes" />
    <tag k="lanelet_id" v="way_617631841.lane.1" />
  </relation>
  <relation id="R396">
    <member type="way" ref="W702" role="left" />
    <member type="way" ref="W703" role="right" />
    <tag k="type" v="lanelet" />
    <tag k="subtype" v="road" />
    <tag k="speed_limit" v="13.89" />
    <tag k="location" v="urban" />
    <tag k="one_way" v="yes" />
    <tag k="lanelet_id" v="way_617631841.lane.2" />
  </relation>
  <relation id="R397">
    <member type="way" ref="W704" role="left" />
    <member type="way" ref="W705" role="right" />
    <tag k="type" v="lanelet" />
    <tag k="subtype" v="road" />
    <tag k="speed_limit" v="13.89" />
    <tag k="location" v="urban" />
    <tag k="one_way" v="no" />
    <tag k="lanelet_id" v="way_996101475.lane.1" />
  </relation>
  <relation id="R398">
    <member type="way" ref="W706" role="left" />
    <member type="way" ref="W707" role="right" />
    <tag k="type" v="lanelet" />
    <tag k="subtype" v="road" />
    <tag k="speed_limit" v="13.89" />
    <tag k="location" v="urban" />
    <tag k="one_way" v="no" />
    <tag k="lanelet_id" v="way_996101475.lane.101" />
  </relation>
  <relation id="RT0">
    <member type="way" ref="W42" role="ref_line" />
    <tag k="type" v="regulatory_element" />
    <tag k="subtype" v="speed_limit" />
    <tag k="speed_limit" v="8.33" />
    <tag k="lanelet_id" v="Birnauer Straße.lane.1" />
  </relation>
  <relation id="RT1">
    <member type="way" ref="W44" role="ref_line" />
    <tag k="type" v="regulatory_element" />
    <tag k="subtype" v="speed_limit" />
    <tag k="speed_limit" v="8.33" />
    <tag k="lanelet_id" v="Birnauer Straße.lane.101" />
  </relation>
  <relation id="RT2">
    <member type="way" ref="W516" role="ref_line" />
    <tag k="type" v="regulatory_element" />
    <tag k="subtype" v="speed_limit" />
    <tag k="speed_limit" v="8.33" />
    <tag k="lanelet_id" v="Birnauer Straße_311413661.lane.1" />
  </relation>
  <relation id="RT3">
    <member type="way" ref="W518" role="ref_line" />
    <tag k="type" v="regulatory_element" />
    <tag k="subtype" v="speed_limit" />
    <tag k="speed_limit" v="8.33" />
    <tag k="lanelet_id" v="Birnauer Straße_311413661.lane.101" />
  </relation>
  <relation id="RT4">
    <member type="way" ref="W520" role="ref_line" />
    <tag k="type" v="regulatory_element" />
    <tag k="subtype" v="speed_limit" />
    <tag k="speed_limit" v="8.33" />
    <tag k="lanelet_id" v="Birnauer Straße_311415321.lane.1" />
  </relation>
  <relation id="RT5">
    <member type="way" ref="W522" role="ref_line" />
    <tag k="type" v="regulatory_element" />
    <tag k="subtype" v="speed_limit" />
    <tag k="speed_limit" v="8.33" />
    <tag k="lanelet_id" v="Birnauer Straße_311415321.lane.101" />
  </relation>
  <relation id="RT6">
    <member type="way" ref="W164" role="ref_line" />
    <tag k="type" v="regulatory_element" />
    <tag k="subtype" v="speed_limit" />
    <tag k="speed_limit" v="8.33" />
    <tag k="lanelet_id" v="Birnauer Straße_81958060.lane.1" />
  </relation>
  <relation id="RT7">
    <member type="way" ref="W166" role="ref_line" />
    <tag k="type" v="regulatory_element" />
    <tag k="subtype" v="speed_limit" />
    <tag k="speed_limit" v="8.33" />
    <tag k="lanelet_id" v="Birnauer Straße_81958060.lane.101" />
  </relation>
  <relation id="RT8">
    <member type="way" ref="W168" role="ref_line" />
    <tag k="type" v="regulatory_element" />
    <tag k="subtype" v="speed_limit" />
    <tag k="speed_limit" v="8.33" />
    <tag k="lanelet_id" v="Birnauer Straße_89360845.lane.1" />
  </relation>
  <relation id="RT9">
    <member type="way" ref="W170" role="ref_line" />
    <tag k="type" v="regulatory_element" />
    <tag k="subtype" v="speed_limit" />
    <tag k="speed_limit" v="8.33" />
    <tag k="lanelet_id" v="Birnauer Straße_89360845.lane.101" />
  </relation>
  <relation id="RT10">
    <member type="way" ref="W68" role="ref_line" />
    <tag k="type" v="regulatory_element" />
    <tag k="subtype" v="speed_limit" />
    <tag k="speed_limit" v="8.33" />
    <tag k="lanelet_id" v="Bregenzer Straße.lane.1" />
  </relation>
  <relation id="RT11">
    <member type="way" ref="W70" role="ref_line" />
    <tag k="type" v="regulatory_element" />
    <tag k="subtype" v="speed_limit" />
    <tag k="speed_limit" v="8.33" />
    <tag k="lanelet_id" v="Bregenzer Straße.lane.101" />
  </relation>
  <relation id="RT12">
    <member type="way" ref="W156" role="ref_line" />
    <tag k="type" v="regulatory_element" />
    <tag k="subtype" v="speed_limit" />
    <tag k="speed_limit" v="13.89" />
    <tag k="lanelet_id" v="Bregenzer Straße_81094405.lane.1" />
  </relation>
  <relation id="RT13">
    <member type="way" ref="W158" role="ref_line" />
    <tag k="type" v="regulatory_element" />
    <tag k="subtype" v="speed_limit" />
    <tag k="speed_limit" v="13.89" />
    <tag k="lanelet_id" v="Bregenzer Straße_81094405.lane.101" />
  </relation>
  <relation id="RT14">
    <member type="way" ref="W160" role="ref_line" />
    <tag k="type" v="regulatory_element" />
    <tag k="subtype" v="speed_limit" />
    <tag k="speed_limit" v="8.33" />
    <tag k="lanelet_id" v="Bregenzer Straße_81094411.lane.1" />
  </relation>
  <relation id="RT15">
    <member type="way" ref="W162" role="ref_line" />
    <tag k="type" v="regulatory_element" />
    <tag k="subtype" v="speed_limit" />
    <tag k="speed_limit" v="8.33" />
    <tag k="lanelet_id" v="Bregenzer Straße_81094411.lane.101" />
  </relation>
  <relation id="RT16">
    <member type="way" ref="W22" role="ref_line" />
    <tag k="type" v="regulatory_element" />
    <tag k="subtype" v="speed_limit" />
    <tag k="speed_limit" v="8.33" />
    <tag k="lanelet_id" v="Dostlerstraße.lane.1" />
  </relation>
  <relation id="RT17">
    <member type="way" ref="W24" role="ref_line" />
    <tag k="type" v="regulatory_element" />
    <tag k="subtype" v="speed_limit" />
    <tag k="speed_limit" v="8.33" />
    <tag k="lanelet_id" v="Dostlerstraße.lane.101" />
  </relation>
  <relation id="RT18">
    <member type="way" ref="W738" role="ref_line" />
    <tag k="type" v="regulatory_element" />
    <tag k="subtype" v="speed_limit" />
    <tag k="speed_limit" v="8.33" />
    <tag k="lanelet_id" v="Dostlerstraße_1079276736.lane.1" />
  </relation>
  <relation id="RT19">
    <member type="way" ref="W740" role="ref_line" />
    <tag k="type" v="regulatory_element" />
    <tag k="subtype" v="speed_limit" />
    <tag k="speed_limit" v="8.33" />
    <tag k="lanelet_id" v="Dostlerstraße_1079276736.lane.101" />
  </relation>
  <relation id="RT20">
    <member type="way" ref="W742" role="ref_line" />
    <tag k="type" v="regulatory_element" />
    <tag k="subtype" v="speed_limit" />
    <tag k="speed_limit" v="13.89" />
    <tag k="lanelet_id" v="Dostlerstraße_1079276737.lane.1" />
  </relation>
  <relation id="RT21">
    <member type="way" ref="W744" role="ref_line" />
    <tag k="type" v="regulatory_element" />
    <tag k="subtype" v="speed_limit" />
    <tag k="speed_limit" v="13.89" />
    <tag k="lanelet_id" v="Dostlerstraße_1079276737.lane.101" />
  </relation>
  <relation id="RT22">
    <member type="way" ref="W472" role="ref_line" />
    <tag k="type" v="regulatory_element" />
    <tag k="subtype" v="speed_limit" />
    <tag k="speed_limit" v="13.89" />
    <tag k="lanelet_id" v="Dostlerstraße_276642025.lane.1" />
  </relation>
  <relation id="RT23">
    <member type="way" ref="W474" role="ref_line" />
    <tag k="type" v="regulatory_element" />
    <tag k="subtype" v="speed_limit" />
    <tag k="speed_limit" v="13.89" />
    <tag k="lanelet_id" v="Dostlerstraße_276642025.lane.101" />
  </relation>
  <relation id="RT24">
    <member type="way" ref="W476" role="ref_line" />
    <tag k="type" v="regulatory_element" />
    <tag k="subtype" v="speed_limit" />
    <tag k="speed_limit" v="8.33" />
    <tag k="lanelet_id" v="Dostlerstraße_276642026.lane.1" />
  </relation>
  <relation id="RT25">
    <member type="way" ref="W478" role="ref_line" />
    <tag k="type" v="regulatory_element" />
    <tag k="subtype" v="speed_limit" />
    <tag k="speed_limit" v="8.33" />
    <tag k="lanelet_id" v="Dostlerstraße_276642026.lane.101" />
  </relation>
  <relation id="RT26">
    <member type="way" ref="W148" role="ref_line" />
    <tag k="type" v="regulatory_element" />
    <tag k="subtype" v="speed_limit" />
    <tag k="speed_limit" v="8.33" />
    <tag k="lanelet_id" v="Dostlerstraße_51788054.lane.1" />
  </relation>
  <relation id="RT27">
    <member type="way" ref="W150" role="ref_line" />
    <tag k="type" v="regulatory_element" />
    <tag k="subtype" v="speed_limit" />
    <tag k="speed_limit" v="8.33" />
    <tag k="lanelet_id" v="Dostlerstraße_51788054.lane.101" />
  </relation>
  <relation id="RT28">
    <member type="way" ref="W276" role="ref_line" />
    <tag k="type" v="regulatory_element" />
    <tag k="subtype" v="speed_limit" />
    <tag k="speed_limit" v="8.33" />
    <tag k="lanelet_id" v="Egmontstraße.lane.1" />
  </relation>
  <relation id="RT29">
    <member type="way" ref="W278" role="ref_line" />
    <tag k="type" v="regulatory_element" />
    <tag k="subtype" v="speed_limit" />
    <tag k="speed_limit" v="8.33" />
    <tag k="lanelet_id" v="Egmontstraße.lane.2" />
  </relation>
  <relation id="RT30">
    <member type="way" ref="W280" role="ref_line" />
    <tag k="type" v="regulatory_element" />
    <tag k="subtype" v="speed_limit" />
    <tag k="speed_limit" v="8.33" />
    <tag k="lanelet_id" v="Fürstenbergstraße.lane.1" />
  </relation>
  <relation id="RT31">
    <member type="way" ref="W282" role="ref_line" />
    <tag k="type" v="regulatory_element" />
    <tag k="subtype" v="speed_limit" />
    <tag k="speed_limit" v="8.33" />
    <tag k="lanelet_id" v="Fürstenbergstraße.lane.101" />
  </relation>
  <relation id="RT32">
    <member type="way" ref="W284" role="ref_line" />
    <tag k="type" v="regulatory_element" />
    <tag k="subtype" v="speed_limit" />
    <tag k="speed_limit" v="8.33" />
    <tag k="lanelet_id" v="Gartenstraße.lane.1" />
  </relation>
  <relation id="RT33">
    <member type="way" ref="W286" role="ref_line" />
    <tag k="type" v="regulatory_element" />
    <tag k="subtype" v="speed_limit" />
    <tag k="speed_limit" v="8.33" />
    <tag k="lanelet_id" v="Gartenstraße.lane.101" />
  </relation>
  <relation id="RT34">
    <member type="way" ref="W14" role="ref_line" />
    <tag k="type" v="regulatory_element" />
    <tag k="subtype" v="speed_limit" />
    <tag k="speed_limit" v="16.67" />
    <tag k="lanelet_id" v="Georg-Brauchle-Ring.lane.1" />
  </relation>
  <relation id="RT35">
    <member type="way" ref="W16" role="ref_line" />
    <tag k="type" v="regulatory_element" />
    <tag k="subtype" v="speed_limit" />
    <tag k="speed_limit" v="16.67" />
    <tag k="lanelet_id" v="Georg-Brauchle-Ring.lane.2" />
  </relation>
  <relation id="RT36">
    <member type="way" ref="W206" role="ref_line" />
    <tag k="type" v="regulatory_element" />
    <tag k="subtype" v="speed_limit" />
    <tag k="speed_limit" v="16.67" />
    <tag k="lanelet_id" v="Georg-Brauchle-Ring_145433978.lane.1" />
  </relation>
  <relation id="RT37">
    <member type="way" ref="W208" role="ref_line" />
    <tag k="type" v="regulatory_element" />
    <tag k="subtype" v="speed_limit" />
    <tag k="speed_limit" v="16.67" />
    <tag k="lanelet_id" v="Georg-Brauchle-Ring_145433978.lane.2" />
  </relation>
  <relation id="RT38">
    <member type="way" ref="W210" role="ref_line" />
    <tag k="type" v="regulatory_element" />
    <tag k="subtype" v="speed_limit" />
    <tag k="speed_limit" v="16.67" />
    <tag k="lanelet_id" v="Georg-Brauchle-Ring_145433978.lane.3" />
  </relation>
  <relation id="RT39">
    <member type="way" ref="W212" role="ref_line" />
    <tag k="type" v="regulatory_element" />
    <tag k="subtype" v="speed_limit" />
    <tag k="speed_limit" v="16.67" />
    <tag k="lanelet_id" v="Georg-Brauchle-Ring_145433978.lane.4" />
  </relation>
  <relation id="RT40">
    <member type="way" ref="W218" role="ref_line" />
    <tag k="type" v="regulatory_element" />
    <tag k="subtype" v="speed_limit" />
    <tag k="speed_limit" v="16.67" />
    <tag k="lanelet_id" v="Georg-Brauchle-Ring_146396400.lane.1" />
  </relation>
  <relation id="RT41">
    <member type="way" ref="W220" role="ref_line" />
    <tag k="type" v="regulatory_element" />
    <tag k="subtype" v="speed_limit" />
    <tag k="speed_limit" v="16.67" />
    <tag k="lanelet_id" v="Georg-Brauchle-Ring_146396400.lane.2" />
  </relation>
  <relation id="RT42">
    <member type="way" ref="W484" role="ref_line" />
    <tag k="type" v="regulatory_element" />
    <tag k="subtype" v="speed_limit" />
    <tag k="speed_limit" v="16.67" />
    <tag k="lanelet_id" v="Georg-Brauchle-Ring_283871244.lane.1" />
  </relation>
  <relation id="RT43">
    <member type="way" ref="W486" role="ref_line" />
    <tag k="type" v="regulatory_element" />
    <tag k="subtype" v="speed_limit" />
    <tag k="speed_limit" v="16.67" />
    <tag k="lanelet_id" v="Georg-Brauchle-Ring_283871244.lane.2" />
  </relation>
  <relation id="RT44">
    <member type="way" ref="W488" role="ref_line" />
    <tag k="type" v="regulatory_element" />
    <tag k="subtype" v="speed_limit" />
    <tag k="speed_limit" v="16.67" />
    <tag k="lanelet_id" v="Georg-Brauchle-Ring_283871244.lane.3" />
  </relation>
  <relation id="RT45">
    <member type="way" ref="W490" role="ref_line" />
    <tag k="type" v="regulatory_element" />
    <tag k="subtype" v="speed_limit" />
    <tag k="speed_limit" v="16.67" />
    <tag k="lanelet_id" v="Georg-Brauchle-Ring_283871244.lane.4" />
  </relation>
  <relation id="RT46">
    <member type="way" ref="W18" role="ref_line" />
    <tag k="type" v="regulatory_element" />
    <tag k="subtype" v="speed_limit" />
    <tag k="speed_limit" v="16.67" />
    <tag k="lanelet_id" v="Georg-Brauchle-Ring_4300524.lane.1" />
  </relation>
  <relation id="RT47">
    <member type="way" ref="W20" role="ref_line" />
    <tag k="type" v="regulatory_element" />
    <tag k="subtype" v="speed_limit" />
    <tag k="speed_limit" v="16.67" />
    <tag k="lanelet_id" v="Georg-Brauchle-Ring_4300524.lane.2" />
  </relation>
  <relation id="RT48">
    <member type="way" ref="W180" role="ref_line" />
    <tag k="type" v="regulatory_element" />
    <tag k="subtype" v="speed_limit" />
    <tag k="speed_limit" v="16.67" />
    <tag k="lanelet_id" v="Georg-Brauchle-Ring_95800607.lane.1" />
  </relation>
  <relation id="RT49">
    <member type="way" ref="W182" role="ref_line" />
    <tag k="type" v="regulatory_element" />
    <tag k="subtype" v="speed_limit" />
    <tag k="speed_limit" v="16.67" />
    <tag k="lanelet_id" v="Georg-Brauchle-Ring_95800607.lane.2" />
  </relation>
  <relation id="RT50">
    <member type="way" ref="W76" role="ref_line" />
    <tag k="type" v="regulatory_element" />
    <tag k="subtype" v="speed_limit" />
    <tag k="speed_limit" v="8.33" />
    <tag k="lanelet_id" v="Götzstraße.lane.1" />
  </relation>
  <relation id="RT51">
    <member type="way" ref="W78" role="ref_line" />
    <tag k="type" v="regulatory_element" />
    <tag k="subtype" v="speed_limit" />
    <tag k="speed_limit" v="8.33" />
    <tag k="lanelet_id" v="Götzstraße.lane.2" />
  </relation>
  <relation id="RT52">
    <member type="way" ref="W64" role="ref_line" />
    <tag k="type" v="regulatory_element" />
    <tag k="subtype" v="speed_limit" />
    <tag k="speed_limit" v="8.33" />
    <tag k="lanelet_id" v="Hanselmannstraße.lane.1" />
  </relation>
  <relation id="RT53">
    <member type="way" ref="W66" role="ref_line" />
    <tag k="type" v="regulatory_element" />
    <tag k="subtype" v="speed_limit" />
    <tag k="speed_limit" v="8.33" />
    <tag k="lanelet_id" v="Hanselmannstraße.lane.101" />
  </relation>
  <relation id="RT54">
    <member type="way" ref="W532" role="ref_line" />
    <tag k="type" v="regulatory_element" />
    <tag k="subtype" v="speed_limit" />
    <tag k="speed_limit" v="8.33" />
    <tag k="lanelet_id" v="Hanselmannstraße_339700502.lane.1" />
  </relation>
  <relation id="RT55">
    <member type="way" ref="W534" role="ref_line" />
    <tag k="type" v="regulatory_element" />
    <tag k="subtype" v="speed_limit" />
    <tag k="speed_limit" v="8.33" />
    <tag k="lanelet_id" v="Hanselmannstraße_339700502.lane.101" />
  </relation>
  <relation id="RT56">
    <member type="way" ref="W536" role="ref_line" />
    <tag k="type" v="regulatory_element" />
    <tag k="subtype" v="speed_limit" />
    <tag k="speed_limit" v="8.33" />
    <tag k="lanelet_id" v="Hanselmannstraße_339700504.lane.1" />
  </relation>
  <relation id="RT57">
    <member type="way" ref="W538" role="ref_line" />
    <tag k="type" v="regulatory_element" />
    <tag k="subtype" v="speed_limit" />
    <tag k="speed_limit" v="8.33" />
    <tag k="lanelet_id" v="Hanselmannstraße_339700504.lane.101" />
  </relation>
  <relation id="RT58">
    <member type="way" ref="W540" role="ref_line" />
    <tag k="type" v="regulatory_element" />
    <tag k="subtype" v="speed_limit" />
    <tag k="speed_limit" v="8.33" />
    <tag k="lanelet_id" v="Hanselmannstraße_339700505.lane.1" />
  </relation>
  <relation id="RT59">
    <member type="way" ref="W542" role="ref_line" />
    <tag k="type" v="regulatory_element" />
    <tag k="subtype" v="speed_limit" />
    <tag k="speed_limit" v="8.33" />
    <tag k="lanelet_id" v="Hanselmannstraße_339700505.lane.101" />
  </relation>
  <relation id="RT60">
    <member type="way" ref="W544" role="ref_line" />
    <tag k="type" v="regulatory_element" />
    <tag k="subtype" v="speed_limit" />
    <tag k="speed_limit" v="8.33" />
    <tag k="lanelet_id" v="Hanselmannstraße_339700506.lane.1" />
  </relation>
  <relation id="RT61">
    <member type="way" ref="W546" role="ref_line" />
    <tag k="type" v="regulatory_element" />
    <tag k="subtype" v="speed_limit" />
    <tag k="speed_limit" v="8.33" />
    <tag k="lanelet_id" v="Hanselmannstraße_339700506.lane.101" />
  </relation>
  <relation id="RT62">
    <member type="way" ref="W548" role="ref_line" />
    <tag k="type" v="regulatory_element" />
    <tag k="subtype" v="speed_limit" />
    <tag k="speed_limit" v="8.33" />
    <tag k="lanelet_id" v="Hanselmannstraße_339700507.lane.1" />
  </relation>
  <relation id="RT63">
    <member type="way" ref="W550" role="ref_line" />
    <tag k="type" v="regulatory_element" />
    <tag k="subtype" v="speed_limit" />
    <tag k="speed_limit" v="8.33" />
    <tag k="lanelet_id" v="Hanselmannstraße_339700507.lane.101" />
  </relation>
  <relation id="RT64">
    <member type="way" ref="W552" role="ref_line" />
    <tag k="type" v="regulatory_element" />
    <tag k="subtype" v="speed_limit" />
    <tag k="speed_limit" v="8.33" />
    <tag k="lanelet_id" v="Hanselmannstraße_339700508.lane.1" />
  </relation>
  <relation id="RT65">
    <member type="way" ref="W554" role="ref_line" />
    <tag k="type" v="regulatory_element" />
    <tag k="subtype" v="speed_limit" />
    <tag k="speed_limit" v="8.33" />
    <tag k="lanelet_id" v="Hanselmannstraße_339700508.lane.101" />
  </relation>
  <relation id="RT66">
    <member type="way" ref="W556" role="ref_line" />
    <tag k="type" v="regulatory_element" />
    <tag k="subtype" v="speed_limit" />
    <tag k="speed_limit" v="8.33" />
    <tag k="lanelet_id" v="Hanselmannstraße_339700511.lane.1" />
  </relation>
  <relation id="RT67">
    <member type="way" ref="W558" role="ref_line" />
    <tag k="type" v="regulatory_element" />
    <tag k="subtype" v="speed_limit" />
    <tag k="speed_limit" v="8.33" />
    <tag k="lanelet_id" v="Hanselmannstraße_339700511.lane.101" />
  </relation>
  <relation id="RT68">
    <member type="way" ref="W560" role="ref_line" />
    <tag k="type" v="regulatory_element" />
    <tag k="subtype" v="speed_limit" />
    <tag k="speed_limit" v="8.33" />
    <tag k="lanelet_id" v="Hanselmannstraße_339700512.lane.1" />
  </relation>
  <relation id="RT69">
    <member type="way" ref="W562" role="ref_line" />
    <tag k="type" v="regulatory_element" />
    <tag k="subtype" v="speed_limit" />
    <tag k="speed_limit" v="8.33" />
    <tag k="lanelet_id" v="Hanselmannstraße_339700512.lane.101" />
  </relation>
  <relation id="RT70">
    <member type="way" ref="W564" role="ref_line" />
    <tag k="type" v="regulatory_element" />
    <tag k="subtype" v="speed_limit" />
    <tag k="speed_limit" v="8.33" />
    <tag k="lanelet_id" v="Hanselmannstraße_339700513.lane.1" />
  </relation>
  <relation id="RT71">
    <member type="way" ref="W566" role="ref_line" />
    <tag k="type" v="regulatory_element" />
    <tag k="subtype" v="speed_limit" />
    <tag k="speed_limit" v="8.33" />
    <tag k="lanelet_id" v="Hanselmannstraße_339700513.lane.101" />
  </relation>
  <relation id="RT72">
    <member type="way" ref="W568" role="ref_line" />
    <tag k="type" v="regulatory_element" />
    <tag k="subtype" v="speed_limit" />
    <tag k="speed_limit" v="8.33" />
    <tag k="lanelet_id" v="Hanselmannstraße_339700515.lane.1" />
  </relation>
  <relation id="RT73">
    <member type="way" ref="W570" role="ref_line" />
    <tag k="type" v="regulatory_element" />
    <tag k="subtype" v="speed_limit" />
    <tag k="speed_limit" v="8.33" />
    <tag k="lanelet_id" v="Hanselmannstraße_339700515.lane.101" />
  </relation>
  <relation id="RT74">
    <member type="way" ref="W38" role="ref_line" />
    <tag k="type" v="regulatory_element" />
    <tag k="subtype" v="speed_limit" />
    <tag k="speed_limit" v="13.89" />
    <tag k="lanelet_id" v="Helene-Mayer-Ring.lane.1" />
  </relation>
  <relation id="RT75">
    <member type="way" ref="W40" role="ref_line" />
    <tag k="type" v="regulatory_element" />
    <tag k="subtype" v="speed_limit" />
    <tag k="speed_limit" v="13.89" />
    <tag k="lanelet_id" v="Helene-Mayer-Ring.lane.2" />
  </relation>
  <relation id="RT76">
    <member type="way" ref="W46" role="ref_line" />
    <tag k="type" v="regulatory_element" />
    <tag k="subtype" v="speed_limit" />
    <tag k="speed_limit" v="8.33" />
    <tag k="lanelet_id" v="Helene-Mayer-Ring_10065802.lane.1" />
  </relation>
  <relation id="RT77">
    <member type="way" ref="W48" role="ref_line" />
    <tag k="type" v="regulatory_element" />
    <tag k="subtype" v="speed_limit" />
    <tag k="speed_limit" v="8.33" />
    <tag k="lanelet_id" v="Helene-Mayer-Ring_10065802.lane.2" />
  </relation>
  <relation id="RT78">
    <member type="way" ref="W50" role="ref_line" />
    <tag k="type" v="regulatory_element" />
    <tag k="subtype" v="speed_limit" />
    <tag k="speed_limit" v="8.33" />
    <tag k="lanelet_id" v="Helene-Mayer-Ring_10066255.lane.1" />
  </relation>
  <relation id="RT79">
    <member type="way" ref="W52" role="ref_line" />
    <tag k="type" v="regulatory_element" />
    <tag k="subtype" v="speed_limit" />
    <tag k="speed_limit" v="8.33" />
    <tag k="lanelet_id" v="Helene-Mayer-Ring_10066255.lane.2" />
  </relation>
  <relation id="RT80">
    <member type="way" ref="W480" role="ref_line" />
    <tag k="type" v="regulatory_element" />
    <tag k="subtype" v="speed_limit" />
    <tag k="speed_limit" v="8.33" />
    <tag k="lanelet_id" v="Helene-Mayer-Ring_282017116.lane.1" />
  </relation>
  <relation id="RT81">
    <member type="way" ref="W482" role="ref_line" />
    <tag k="type" v="regulatory_element" />
    <tag k="subtype" v="speed_limit" />
    <tag k="speed_limit" v="8.33" />
    <tag k="lanelet_id" v="Helene-Mayer-Ring_282017116.lane.2" />
  </relation>
  <relation id="RT82">
    <member type="way" ref="W496" role="ref_line" />
    <tag k="type" v="regulatory_element" />
    <tag k="subtype" v="speed_limit" />
    <tag k="speed_limit" v="13.89" />
    <tag k="lanelet_id" v="Helene-Mayer-Ring_291794246.lane.1" />
  </relation>
  <relation id="RT83">
    <member type="way" ref="W498" role="ref_line" />
    <tag k="type" v="regulatory_element" />
    <tag k="subtype" v="speed_limit" />
    <tag k="speed_limit" v="13.89" />
    <tag k="lanelet_id" v="Helene-Mayer-Ring_291794246.lane.2" />
  </relation>
  <relation id="RT84">
    <member type="way" ref="W500" role="ref_line" />
    <tag k="type" v="regulatory_element" />
    <tag k="subtype" v="speed_limit" />
    <tag k="speed_limit" v="8.33" />
    <tag k="lanelet_id" v="Helene-Mayer-Ring_291794247.lane.1" />
  </relation>
  <relation id="RT85">
    <member type="way" ref="W502" role="ref_line" />
    <tag k="type" v="regulatory_element" />
    <tag k="subtype" v="speed_limit" />
    <tag k="speed_limit" v="8.33" />
    <tag k="lanelet_id" v="Helene-Mayer-Ring_291794247.lane.2" />
  </relation>
  <relation id="RT86">
    <member type="way" ref="W176" role="ref_line" />
    <tag k="type" v="regulatory_element" />
    <tag k="subtype" v="speed_limit" />
    <tag k="speed_limit" v="8.33" />
    <tag k="lanelet_id" v="Helene-Mayer-Ring_93759035.lane.1" />
  </relation>
  <relation id="RT87">
    <member type="way" ref="W178" role="ref_line" />
    <tag k="type" v="regulatory_element" />
    <tag k="subtype" v="speed_limit" />
    <tag k="speed_limit" v="8.33" />
    <tag k="lanelet_id" v="Helene-Mayer-Ring_93759035.lane.2" />
  </relation>
  <relation id="RT88">
    <member type="way" ref="W34" role="ref_line" />
    <tag k="type" v="regulatory_element" />
    <tag k="subtype" v="speed_limit" />
    <tag k="speed_limit" v="8.33" />
    <tag k="lanelet_id" v="Kantstraße.lane.1" />
  </relation>
  <relation id="RT89">
    <member type="way" ref="W36" role="ref_line" />
    <tag k="type" v="regulatory_element" />
    <tag k="subtype" v="speed_limit" />
    <tag k="speed_limit" v="8.33" />
    <tag k="lanelet_id" v="Kantstraße.lane.2" />
  </relation>
  <relation id="RT90">
    <member type="way" ref="W746" role="ref_line" />
    <tag k="type" v="regulatory_element" />
    <tag k="subtype" v="speed_limit" />
    <tag k="speed_limit" v="8.33" />
    <tag k="lanelet_id" v="Kantstraße_1079276738.lane.1" />
  </relation>
  <relation id="RT91">
    <member type="way" ref="W748" role="ref_line" />
    <tag k="type" v="regulatory_element" />
    <tag k="subtype" v="speed_limit" />
    <tag k="speed_limit" v="8.33" />
    <tag k="lanelet_id" v="Kantstraße_1079276738.lane.2" />
  </relation>
  <relation id="RT92">
    <member type="way" ref="W198" role="ref_line" />
    <tag k="type" v="regulatory_element" />
    <tag k="subtype" v="speed_limit" />
    <tag k="speed_limit" v="8.33" />
    <tag k="lanelet_id" v="Kantstraße_123625461.lane.1" />
  </relation>
  <relation id="RT93">
    <member type="way" ref="W200" role="ref_line" />
    <tag k="type" v="regulatory_element" />
    <tag k="subtype" v="speed_limit" />
    <tag k="speed_limit" v="8.33" />
    <tag k="lanelet_id" v="Kantstraße_123625461.lane.2" />
  </relation>
  <relation id="RT94">
    <member type="way" ref="W572" role="ref_line" />
    <tag k="type" v="regulatory_element" />
    <tag k="subtype" v="speed_limit" />
    <tag k="speed_limit" v="8.33" />
    <tag k="lanelet_id" v="Kantstraße_339700517.lane.1" />
  </relation>
  <relation id="RT95">
    <member type="way" ref="W574" role="ref_line" />
    <tag k="type" v="regulatory_element" />
    <tag k="subtype" v="speed_limit" />
    <tag k="speed_limit" v="8.33" />
    <tag k="lanelet_id" v="Kantstraße_339700517.lane.2" />
  </relation>
  <relation id="RT96">
    <member type="way" ref="W576" role="ref_line" />
    <tag k="type" v="regulatory_element" />
    <tag k="subtype" v="speed_limit" />
    <tag k="speed_limit" v="8.33" />
    <tag k="lanelet_id" v="Kantstraße_339700519.lane.1" />
  </relation>
  <relation id="RT97">
    <member type="way" ref="W578" role="ref_line" />
    <tag k="type" v="regulatory_element" />
    <tag k="subtype" v="speed_limit" />
    <tag k="speed_limit" v="8.33" />
    <tag k="lanelet_id" v="Kantstraße_339700519.lane.2" />
  </relation>
  <relation id="RT98">
    <member type="way" ref="W580" role="ref_line" />
    <tag k="type" v="regulatory_element" />
    <tag k="subtype" v="speed_limit" />
    <tag k="speed_limit" v="8.33" />
    <tag k="lanelet_id" v="Kantstraße_339700520.lane.1" />
  </relation>
  <relation id="RT99">
    <member type="way" ref="W582" role="ref_line" />
    <tag k="type" v="regulatory_element" />
    <tag k="subtype" v="speed_limit" />
    <tag k="speed_limit" v="8.33" />
    <tag k="lanelet_id" v="Kantstraße_339700520.lane.2" />
  </relation>
  <relation id="RT100">
    <member type="way" ref="W584" role="ref_line" />
    <tag k="type" v="regulatory_element" />
    <tag k="subtype" v="speed_limit" />
    <tag k="speed_limit" v="8.33" />
    <tag k="lanelet_id" v="Kantstraße_339700536.lane.1" />
  </relation>
  <relation id="RT101">
    <member type="way" ref="W586" role="ref_line" />
    <tag k="type" v="regulatory_element" />
    <tag k="subtype" v="speed_limit" />
    <tag k="speed_limit" v="8.33" />
    <tag k="lanelet_id" v="Kantstraße_339700536.lane.2" />
  </relation>
  <relation id="RT102">
    <member type="way" ref="W588" role="ref_line" />
    <tag k="type" v="regulatory_element" />
    <tag k="subtype" v="speed_limit" />
    <tag k="speed_limit" v="8.33" />
    <tag k="lanelet_id" v="Kantstraße_339700541.lane.1" />
  </relation>
  <relation id="RT103">
    <member type="way" ref="W590" role="ref_line" />
    <tag k="type" v="regulatory_element" />
    <tag k="subtype" v="speed_limit" />
    <tag k="speed_limit" v="8.33" />
    <tag k="lanelet_id" v="Kantstraße_339700541.lane.2" />
  </relation>
  <relation id="RT104">
    <member type="way" ref="W84" role="ref_line" />
    <tag k="type" v="regulatory_element" />
    <tag k="subtype" v="speed_limit" />
    <tag k="speed_limit" v="13.89" />
    <tag k="lanelet_id" v="Lerchenauer Straße.lane.1" />
  </relation>
  <relation id="RT105">
    <member type="way" ref="W86" role="ref_line" />
    <tag k="type" v="regulatory_element" />
    <tag k="subtype" v="speed_limit" />
    <tag k="speed_limit" v="13.89" />
    <tag k="lanelet_id" v="Lerchenauer Straße.lane.2" />
  </relation>
  <relation id="RT106">
    <member type="way" ref="W712" role="ref_line" />
    <tag k="type" v="regulatory_element" />
    <tag k="subtype" v="speed_limit" />
    <tag k="speed_limit" v="13.89" />
    <tag k="lanelet_id" v="Lerchenauer Straße_1023916092.lane.1" />
  </relation>
  <relation id="RT107">
    <member type="way" ref="W716" role="ref_line" />
    <tag k="type" v="regulatory_element" />
    <tag k="subtype" v="speed_limit" />
    <tag k="speed_limit" v="13.89" />
    <tag k="lanelet_id" v="Lerchenauer Straße_1023916092.lane.101" />
  </relation>
  <relation id="RT108">
    <member type="way" ref="W718" role="ref_line" />
    <tag k="type" v="regulatory_element" />
    <tag k="subtype" v="speed_limit" />
    <tag k="speed_limit" v="13.89" />
    <tag k="lanelet_id" v="Lerchenauer Straße_1023916092.lane.102" />
  </relation>
  <relation id="RT109">
    <member type="way" ref="W714" role="ref_line" />
    <tag k="type" v="regulatory_element" />
    <tag k="subtype" v="speed_limit" />
    <tag k="speed_limit" v="13.89" />
    <tag k="lanelet_id" v="Lerchenauer Straße_1023916092.lane.2" />
  </relation>
  <relation id="RT110">
    <member type="way" ref="W720" role="ref_line" />
    <tag k="type" v="regulatory_element" />
    <tag k="subtype" v="speed_limit" />
    <tag k="speed_limit" v="13.89" />
    <tag k="lanelet_id" v="Lerchenauer Straße_1076186578.lane.1" />
  </relation>
  <relation id="RT111">
    <member type="way" ref="W722" role="ref_line" />
    <tag k="type" v="regulatory_element" />
    <tag k="subtype" v="speed_limit" />
    <tag k="speed_limit" v="13.89" />
    <tag k="lanelet_id" v="Lerchenauer Straße_1076186578.lane.2" />
  </relation>
  <relation id="RT112">
    <member type="way" ref="W724" role="ref_line" />
    <tag k="type" v="regulatory_element" />
    <tag k="subtype" v="speed_limit" />
    <tag k="speed_limit" v="13.89" />
    <tag k="lanelet_id" v="Lerchenauer Straße_1076186579.lane.1" />
  </relation>
  <relation id="RT113">
    <member type="way" ref="W726" role="ref_line" />
    <tag k="type" v="regulatory_element" />
    <tag k="subtype" v="speed_limit" />
    <tag k="speed_limit" v="13.89" />
    <tag k="lanelet_id" v="Lerchenauer Straße_1076186579.lane.2" />
  </relation>
  <relation id="RT114">
    <member type="way" ref="W728" role="ref_line" />
    <tag k="type" v="regulatory_element" />
    <tag k="subtype" v="speed_limit" />
    <tag k="speed_limit" v="13.89" />
    <tag k="lanelet_id" v="Lerchenauer Straße_1076186579.lane.3" />
  </relation>
  <relation id="RT115">
    <member type="way" ref="W766" role="ref_line" />
    <tag k="type" v="regulatory_element" />
    <tag k="subtype" v="speed_limit" />
    <tag k="speed_limit" v="13.89" />
    <tag k="lanelet_id" v="Lerchenauer Straße_1120836495.lane.1" />
  </relation>
  <relation id="RT116">
    <member type="way" ref="W768" role="ref_line" />
    <tag k="type" v="regulatory_element" />
    <tag k="subtype" v="speed_limit" />
    <tag k="speed_limit" v="13.89" />
    <tag k="lanelet_id" v="Lerchenauer Straße_1120836495.lane.2" />
  </relation>
  <relation id="RT117">
    <member type="way" ref="W770" role="ref_line" />
    <tag k="type" v="regulatory_element" />
    <tag k="subtype" v="speed_limit" />
    <tag k="speed_limit" v="13.89" />
    <tag k="lanelet_id" v="Lerchenauer Straße_1120836497.lane.1" />
  </relation>
  <relation id="RT118">
    <member type="way" ref="W772" role="ref_line" />
    <tag k="type" v="regulatory_element" />
    <tag k="subtype" v="speed_limit" />
    <tag k="speed_limit" v="13.89" />
    <tag k="lanelet_id" v="Lerchenauer Straße_1120836497.lane.2" />
  </relation>
  <relation id="RT119">
    <member type="way" ref="W794" role="ref_line" />
    <tag k="type" v="regulatory_element" />
    <tag k="subtype" v="speed_limit" />
    <tag k="speed_limit" v="13.89" />
    <tag k="lanelet_id" v="Lerchenauer Straße_1428931979.lane.1" />
  </relation>
  <relation id="RT120">
    <member type="way" ref="W796" role="ref_line" />
    <tag k="type" v="regulatory_element" />
    <tag k="subtype" v="speed_limit" />
    <tag k="speed_limit" v="13.89" />
    <tag k="lanelet_id" v="Lerchenauer Straße_1428931979.lane.101" />
  </relation>
  <relation id="RT121">
    <member type="way" ref="W246" role="ref_line" />
    <tag k="type" v="regulatory_element" />
    <tag k="subtype" v="speed_limit" />
    <tag k="speed_limit" v="13.89" />
    <tag k="lanelet_id" v="Lerchenauer Straße_147950382.lane.1" />
  </relation>
  <relation id="RT122">
    <member type="way" ref="W248" role="ref_line" />
    <tag k="type" v="regulatory_element" />
    <tag k="subtype" v="speed_limit" />
    <tag k="speed_limit" v="13.89" />
    <tag k="lanelet_id" v="Lerchenauer Straße_147950382.lane.2" />
  </relation>
  <relation id="RT123">
    <member type="way" ref="W250" role="ref_line" />
    <tag k="type" v="regulatory_element" />
    <tag k="subtype" v="speed_limit" />
    <tag k="speed_limit" v="13.89" />
    <tag k="lanelet_id" v="Lerchenauer Straße_147950387.lane.1" />
  </relation>
  <relation id="RT124">
    <member type="way" ref="W252" role="ref_line" />
    <tag k="type" v="regulatory_element" />
    <tag k="subtype" v="speed_limit" />
    <tag k="speed_limit" v="13.89" />
    <tag k="lanelet_id" v="Lerchenauer Straße_147950387.lane.2" />
  </relation>
  <relation id="RT125">
    <member type="way" ref="W258" role="ref_line" />
    <tag k="type" v="regulatory_element" />
    <tag k="subtype" v="speed_limit" />
    <tag k="speed_limit" v="13.89" />
    <tag k="lanelet_id" v="Lerchenauer Straße_151786524.lane.1" />
  </relation>
  <relation id="RT126">
    <member type="way" ref="W260" role="ref_line" />
    <tag k="type" v="regulatory_element" />
    <tag k="subtype" v="speed_limit" />
    <tag k="speed_limit" v="13.89" />
    <tag k="lanelet_id" v="Lerchenauer Straße_151786524.lane.101" />
  </relation>
  <relation id="RT127">
    <member type="way" ref="W306" role="ref_line" />
    <tag k="type" v="regulatory_element" />
    <tag k="subtype" v="speed_limit" />
    <tag k="speed_limit" v="13.89" />
    <tag k="lanelet_id" v="Lerchenauer Straße_209452708.lane.1" />
  </relation>
  <relation id="RT128">
    <member type="way" ref="W308" role="ref_line" />
    <tag k="type" v="regulatory_element" />
    <tag k="subtype" v="speed_limit" />
    <tag k="speed_limit" v="13.89" />
    <tag k="lanelet_id" v="Lerchenauer Straße_209452708.lane.2" />
  </relation>
  <relation id="RT129">
    <member type="way" ref="W310" role="ref_line" />
    <tag k="type" v="regulatory_element" />
    <tag k="subtype" v="speed_limit" />
    <tag k="speed_limit" v="13.89" />
    <tag k="lanelet_id" v="Lerchenauer Straße_209452708.lane.3" />
  </relation>
  <relation id="RT130">
    <member type="way" ref="W328" role="ref_line" />
    <tag k="type" v="regulatory_element" />
    <tag k="subtype" v="speed_limit" />
    <tag k="speed_limit" v="13.89" />
    <tag k="lanelet_id" v="Lerchenauer Straße_256987058.lane.1" />
  </relation>
  <relation id="RT131">
    <member type="way" ref="W330" role="ref_line" />
    <tag k="type" v="regulatory_element" />
    <tag k="subtype" v="speed_limit" />
    <tag k="speed_limit" v="13.89" />
    <tag k="lanelet_id" v="Lerchenauer Straße_256987058.lane.2" />
  </relation>
  <relation id="RT132">
    <member type="way" ref="W332" role="ref_line" />
    <tag k="type" v="regulatory_element" />
    <tag k="subtype" v="speed_limit" />
    <tag k="speed_limit" v="13.89" />
    <tag k="lanelet_id" v="Lerchenauer Straße_256987059.lane.1" />
  </relation>
  <relation id="RT133">
    <member type="way" ref="W334" role="ref_line" />
    <tag k="type" v="regulatory_element" />
    <tag k="subtype" v="speed_limit" />
    <tag k="speed_limit" v="13.89" />
    <tag k="lanelet_id" v="Lerchenauer Straße_256987059.lane.2" />
  </relation>
  <relation id="RT134">
    <member type="way" ref="W336" role="ref_line" />
    <tag k="type" v="regulatory_element" />
    <tag k="subtype" v="speed_limit" />
    <tag k="speed_limit" v="13.89" />
    <tag k="lanelet_id" v="Lerchenauer Straße_256987060.lane.1" />
  </relation>
  <relation id="RT135">
    <member type="way" ref="W338" role="ref_line" />
    <tag k="type" v="regulatory_element" />
    <tag k="subtype" v="speed_limit" />
    <tag k="speed_limit" v="13.89" />
    <tag k="lanelet_id" v="Lerchenauer Straße_256987060.lane.2" />
  </relation>
  <relation id="RT136">
    <member type="way" ref="W340" role="ref_line" />
    <tag k="type" v="regulatory_element" />
    <tag k="subtype" v="speed_limit" />
    <tag k="speed_limit" v="13.89" />
    <tag k="lanelet_id" v="Lerchenauer Straße_256987062.lane.1" />
  </relation>
  <relation id="RT137">
    <member type="way" ref="W342" role="ref_line" />
    <tag k="type" v="regulatory_element" />
    <tag k="subtype" v="speed_limit" />
    <tag k="speed_limit" v="13.89" />
    <tag k="lanelet_id" v="Lerchenauer Straße_256987062.lane.2" />
  </relation>
  <relation id="RT138">
    <member type="way" ref="W400" role="ref_line" />
    <tag k="type" v="regulatory_element" />
    <tag k="subtype" v="speed_limit" />
    <tag k="speed_limit" v="13.89" />
    <tag k="lanelet_id" v="Lerchenauer Straße_269716427.lane.1" />
  </relation>
  <relation id="RT139">
    <member type="way" ref="W402" role="ref_line" />
    <tag k="type" v="regulatory_element" />
    <tag k="subtype" v="speed_limit" />
    <tag k="speed_limit" v="13.89" />
    <tag k="lanelet_id" v="Lerchenauer Straße_269716427.lane.2" />
  </relation>
  <relation id="RT140">
    <member type="way" ref="W404" role="ref_line" />
    <tag k="type" v="regulatory_element" />
    <tag k="subtype" v="speed_limit" />
    <tag k="speed_limit" v="13.89" />
    <tag k="lanelet_id" v="Lerchenauer Straße_269716427.lane.3" />
  </relation>
  <relation id="RT141">
    <member type="way" ref="W406" role="ref_line" />
    <tag k="type" v="regulatory_element" />
    <tag k="subtype" v="speed_limit" />
    <tag k="speed_limit" v="13.89" />
    <tag k="lanelet_id" v="Lerchenauer Straße_269716429.lane.1" />
  </relation>
  <relation id="RT142">
    <member type="way" ref="W408" role="ref_line" />
    <tag k="type" v="regulatory_element" />
    <tag k="subtype" v="speed_limit" />
    <tag k="speed_limit" v="13.89" />
    <tag k="lanelet_id" v="Lerchenauer Straße_269716429.lane.2" />
  </relation>
  <relation id="RT143">
    <member type="way" ref="W410" role="ref_line" />
    <tag k="type" v="regulatory_element" />
    <tag k="subtype" v="speed_limit" />
    <tag k="speed_limit" v="13.89" />
    <tag k="lanelet_id" v="Lerchenauer Straße_269716429.lane.3" />
  </relation>
  <relation id="RT144">
    <member type="way" ref="W412" role="ref_line" />
    <tag k="type" v="regulatory_element" />
    <tag k="subtype" v="speed_limit" />
    <tag k="speed_limit" v="13.89" />
    <tag k="lanelet_id" v="Lerchenauer Straße_269716431.lane.1" />
  </relation>
  <relation id="RT145">
    <member type="way" ref="W414" role="ref_line" />
    <tag k="type" v="regulatory_element" />
    <tag k="subtype" v="speed_limit" />
    <tag k="speed_limit" v="13.89" />
    <tag k="lanelet_id" v="Lerchenauer Straße_269716431.lane.2" />
  </relation>
  <relation id="RT146">
    <member type="way" ref="W416" role="ref_line" />
    <tag k="type" v="regulatory_element" />
    <tag k="subtype" v="speed_limit" />
    <tag k="speed_limit" v="13.89" />
    <tag k="lanelet_id" v="Lerchenauer Straße_269716431.lane.3" />
  </relation>
  <relation id="RT147">
    <member type="way" ref="W418" role="ref_line" />
    <tag k="type" v="regulatory_element" />
    <tag k="subtype" v="speed_limit" />
    <tag k="speed_limit" v="13.89" />
    <tag k="lanelet_id" v="Lerchenauer Straße_269716437.lane.1" />
  </relation>
  <relation id="RT148">
    <member type="way" ref="W420" role="ref_line" />
    <tag k="type" v="regulatory_element" />
    <tag k="subtype" v="speed_limit" />
    <tag k="speed_limit" v="13.89" />
    <tag k="lanelet_id" v="Lerchenauer Straße_269716437.lane.2" />
  </relation>
  <relation id="RT149">
    <member type="way" ref="W422" role="ref_line" />
    <tag k="type" v="regulatory_element" />
    <tag k="subtype" v="speed_limit" />
    <tag k="speed_limit" v="13.89" />
    <tag k="lanelet_id" v="Lerchenauer Straße_269716437.lane.3" />
  </relation>
  <relation id="RT150">
    <member type="way" ref="W436" role="ref_line" />
    <tag k="type" v="regulatory_element" />
    <tag k="subtype" v="speed_limit" />
    <tag k="speed_limit" v="13.89" />
    <tag k="lanelet_id" v="Lerchenauer Straße_276604358.lane.1" />
  </relation>
  <relation id="RT151">
    <member type="way" ref="W438" role="ref_line" />
    <tag k="type" v="regulatory_element" />
    <tag k="subtype" v="speed_limit" />
    <tag k="speed_limit" v="13.89" />
    <tag k="lanelet_id" v="Lerchenauer Straße_276604358.lane.2" />
  </relation>
  <relation id="RT152">
    <member type="way" ref="W440" role="ref_line" />
    <tag k="type" v="regulatory_element" />
    <tag k="subtype" v="speed_limit" />
    <tag k="speed_limit" v="13.89" />
    <tag k="lanelet_id" v="Lerchenauer Straße_276604358.lane.3" />
  </relation>
  <relation id="RT153">
    <member type="way" ref="W442" role="ref_line" />
    <tag k="type" v="regulatory_element" />
    <tag k="subtype" v="speed_limit" />
    <tag k="speed_limit" v="13.89" />
    <tag k="lanelet_id" v="Lerchenauer Straße_276604360.lane.1" />
  </relation>
  <relation id="RT154">
    <member type="way" ref="W444" role="ref_line" />
    <tag k="type" v="regulatory_element" />
    <tag k="subtype" v="speed_limit" />
    <tag k="speed_limit" v="13.89" />
    <tag k="lanelet_id" v="Lerchenauer Straße_276604360.lane.2" />
  </relation>
  <relation id="RT155">
    <member type="way" ref="W446" role="ref_line" />
    <tag k="type" v="regulatory_element" />
    <tag k="subtype" v="speed_limit" />
    <tag k="speed_limit" v="13.89" />
    <tag k="lanelet_id" v="Lerchenauer Straße_276604360.lane.3" />
  </relation>
  <relation id="RT156">
    <member type="way" ref="W448" role="ref_line" />
    <tag k="type" v="regulatory_element" />
    <tag k="subtype" v="speed_limit" />
    <tag k="speed_limit" v="13.89" />
    <tag k="lanelet_id" v="Lerchenauer Straße_276604361.lane.1" />
  </relation>
  <relation id="RT157">
    <member type="way" ref="W450" role="ref_line" />
    <tag k="type" v="regulatory_element" />
    <tag k="subtype" v="speed_limit" />
    <tag k="speed_limit" v="13.89" />
    <tag k="lanelet_id" v="Lerchenauer Straße_276604361.lane.2" />
  </relation>
  <relation id="RT158">
    <member type="way" ref="W452" role="ref_line" />
    <tag k="type" v="regulatory_element" />
    <tag k="subtype" v="speed_limit" />
    <tag k="speed_limit" v="13.89" />
    <tag k="lanelet_id" v="Lerchenauer Straße_276604361.lane.3" />
  </relation>
  <relation id="RT159">
    <member type="way" ref="W454" role="ref_line" />
    <tag k="type" v="regulatory_element" />
    <tag k="subtype" v="speed_limit" />
    <tag k="speed_limit" v="13.89" />
    <tag k="lanelet_id" v="Lerchenauer Straße_276604362.lane.1" />
  </relation>
  <relation id="RT160">
    <member type="way" ref="W456" role="ref_line" />
    <tag k="type" v="regulatory_element" />
    <tag k="subtype" v="speed_limit" />
    <tag k="speed_limit" v="13.89" />
    <tag k="lanelet_id" v="Lerchenauer Straße_276604362.lane.2" />
  </relation>
  <relation id="RT161">
    <member type="way" ref="W458" role="ref_line" />
    <tag k="type" v="regulatory_element" />
    <tag k="subtype" v="speed_limit" />
    <tag k="speed_limit" v="13.89" />
    <tag k="lanelet_id" v="Lerchenauer Straße_276604362.lane.3" />
  </relation>
  <relation id="RT162">
    <member type="way" ref="W460" role="ref_line" />
    <tag k="type" v="regulatory_element" />
    <tag k="subtype" v="speed_limit" />
    <tag k="speed_limit" v="13.89" />
    <tag k="lanelet_id" v="Lerchenauer Straße_276604363.lane.1" />
  </relation>
  <relation id="RT163">
    <member type="way" ref="W462" role="ref_line" />
    <tag k="type" v="regulatory_element" />
    <tag k="subtype" v="speed_limit" />
    <tag k="speed_limit" v="13.89" />
    <tag k="lanelet_id" v="Lerchenauer Straße_276604363.lane.2" />
  </relation>
  <relation id="RT164">
    <member type="way" ref="W464" role="ref_line" />
    <tag k="type" v="regulatory_element" />
    <tag k="subtype" v="speed_limit" />
    <tag k="speed_limit" v="13.89" />
    <tag k="lanelet_id" v="Lerchenauer Straße_276604367.lane.1" />
  </relation>
  <relation id="RT165">
    <member type="way" ref="W466" role="ref_line" />
    <tag k="type" v="regulatory_element" />
    <tag k="subtype" v="speed_limit" />
    <tag k="speed_limit" v="13.89" />
    <tag k="lanelet_id" v="Lerchenauer Straße_276604367.lane.2" />
  </relation>
  <relation id="RT166">
    <member type="way" ref="W468" role="ref_line" />
    <tag k="type" v="regulatory_element" />
    <tag k="subtype" v="speed_limit" />
    <tag k="speed_limit" v="13.89" />
    <tag k="lanelet_id" v="Lerchenauer Straße_276604367.lane.3" />
  </relation>
  <relation id="RT167">
    <member type="way" ref="W470" role="ref_line" />
    <tag k="type" v="regulatory_element" />
    <tag k="subtype" v="speed_limit" />
    <tag k="speed_limit" v="13.89" />
    <tag k="lanelet_id" v="Lerchenauer Straße_276604367.lane.4" />
  </relation>
  <relation id="RT168">
    <member type="way" ref="W504" role="ref_line" />
    <tag k="type" v="regulatory_element" />
    <tag k="subtype" v="speed_limit" />
    <tag k="speed_limit" v="13.89" />
    <tag k="lanelet_id" v="Lerchenauer Straße_291794248.lane.1" />
  </relation>
  <relation id="RT169">
    <member type="way" ref="W506" role="ref_line" />
    <tag k="type" v="regulatory_element" />
    <tag k="subtype" v="speed_limit" />
    <tag k="speed_limit" v="13.89" />
    <tag k="lanelet_id" v="Lerchenauer Straße_291794248.lane.2" />
  </relation>
  <relation id="RT170">
    <member type="way" ref="W88" role="ref_line" />
    <tag k="type" v="regulatory_element" />
    <tag k="subtype" v="speed_limit" />
    <tag k="speed_limit" v="13.89" />
    <tag k="lanelet_id" v="Lerchenauer Straße_31351672.lane.1" />
  </relation>
  <relation id="RT171">
    <member type="way" ref="W90" role="ref_line" />
    <tag k="type" v="regulatory_element" />
    <tag k="subtype" v="speed_limit" />
    <tag k="speed_limit" v="13.89" />
    <tag k="lanelet_id" v="Lerchenauer Straße_31351672.lane.2" />
  </relation>
  <relation id="RT172">
    <member type="way" ref="W92" role="ref_line" />
    <tag k="type" v="regulatory_element" />
    <tag k="subtype" v="speed_limit" />
    <tag k="speed_limit" v="13.89" />
    <tag k="lanelet_id" v="Lerchenauer Straße_31351672.lane.3" />
  </relation>
  <relation id="RT173">
    <member type="way" ref="W94" role="ref_line" />
    <tag k="type" v="regulatory_element" />
    <tag k="subtype" v="speed_limit" />
    <tag k="speed_limit" v="13.89" />
    <tag k="lanelet_id" v="Lerchenauer Straße_31351674.lane.1" />
  </relation>
  <relation id="RT174">
    <member type="way" ref="W96" role="ref_line" />
    <tag k="type" v="regulatory_element" />
    <tag k="subtype" v="speed_limit" />
    <tag k="speed_limit" v="13.89" />
    <tag k="lanelet_id" v="Lerchenauer Straße_31351674.lane.2" />
  </relation>
  <relation id="RT175">
    <member type="way" ref="W528" role="ref_line" />
    <tag k="type" v="regulatory_element" />
    <tag k="subtype" v="speed_limit" />
    <tag k="speed_limit" v="13.89" />
    <tag k="lanelet_id" v="Lerchenauer Straße_335380283.lane.1" />
  </relation>
  <relation id="RT176">
    <member type="way" ref="W530" role="ref_line" />
    <tag k="type" v="regulatory_element" />
    <tag k="subtype" v="speed_limit" />
    <tag k="speed_limit" v="13.89" />
    <tag k="lanelet_id" v="Lerchenauer Straße_335380283.lane.2" />
  </relation>
  <relation id="RT177">
    <member type="way" ref="W122" role="ref_line" />
    <tag k="type" v="regulatory_element" />
    <tag k="subtype" v="speed_limit" />
    <tag k="speed_limit" v="13.89" />
    <tag k="lanelet_id" v="Lerchenauer Straße_42158264.lane.1" />
  </relation>
  <relation id="RT178">
    <member type="way" ref="W124" role="ref_line" />
    <tag k="type" v="regulatory_element" />
    <tag k="subtype" v="speed_limit" />
    <tag k="speed_limit" v="13.89" />
    <tag k="lanelet_id" v="Lerchenauer Straße_42158264.lane.2" />
  </relation>
  <relation id="RT179">
    <member type="way" ref="W126" role="ref_line" />
    <tag k="type" v="regulatory_element" />
    <tag k="subtype" v="speed_limit" />
    <tag k="speed_limit" v="13.89" />
    <tag k="lanelet_id" v="Lerchenauer Straße_42158264.lane.3" />
  </relation>
  <relation id="RT180">
    <member type="way" ref="W664" role="ref_line" />
    <tag k="type" v="regulatory_element" />
    <tag k="subtype" v="speed_limit" />
    <tag k="speed_limit" v="13.89" />
    <tag k="lanelet_id" v="Lerchenauer Straße_468992255.lane.1" />
  </relation>
  <relation id="RT181">
    <member type="way" ref="W666" role="ref_line" />
    <tag k="type" v="regulatory_element" />
    <tag k="subtype" v="speed_limit" />
    <tag k="speed_limit" v="13.89" />
    <tag k="lanelet_id" v="Lerchenauer Straße_468992255.lane.2" />
  </relation>
  <relation id="RT182">
    <member type="way" ref="W668" role="ref_line" />
    <tag k="type" v="regulatory_element" />
    <tag k="subtype" v="speed_limit" />
    <tag k="speed_limit" v="13.89" />
    <tag k="lanelet_id" v="Lerchenauer Straße_468992256.lane.1" />
  </relation>
  <relation id="RT183">
    <member type="way" ref="W670" role="ref_line" />
    <tag k="type" v="regulatory_element" />
    <tag k="subtype" v="speed_limit" />
    <tag k="speed_limit" v="13.89" />
    <tag k="lanelet_id" v="Lerchenauer Straße_468992256.lane.2" />
  </relation>
  <relation id="RT184">
    <member type="way" ref="W672" role="ref_line" />
    <tag k="type" v="regulatory_element" />
    <tag k="subtype" v="speed_limit" />
    <tag k="speed_limit" v="13.89" />
    <tag k="lanelet_id" v="Lerchenauer Straße_478460017.lane.1" />
  </relation>
  <relation id="RT185">
    <member type="way" ref="W674" role="ref_line" />
    <tag k="type" v="regulatory_element" />
    <tag k="subtype" v="speed_limit" />
    <tag k="speed_limit" v="13.89" />
    <tag k="lanelet_id" v="Lerchenauer Straße_478460017.lane.2" />
  </relation>
  <relation id="RT186">
    <member type="way" ref="W128" role="ref_line" />
    <tag k="type" v="regulatory_element" />
    <tag k="subtype" v="speed_limit" />
    <tag k="speed_limit" v="13.89" />
    <tag k="lanelet_id" v="Lerchenauer Straße_50232911.lane.1" />
  </relation>
  <relation id="RT187">
    <member type="way" ref="W130" role="ref_line" />
    <tag k="type" v="regulatory_element" />
    <tag k="subtype" v="speed_limit" />
    <tag k="speed_limit" v="13.89" />
    <tag k="lanelet_id" v="Lerchenauer Straße_50232911.lane.101" />
  </relation>
  <relation id="RT188">
    <member type="way" ref="W682" role="ref_line" />
    <tag k="type" v="regulatory_element" />
    <tag k="subtype" v="speed_limit" />
    <tag k="speed_limit" v="13.89" />
    <tag k="lanelet_id" v="Lerchenauer Straße_549023361.lane.1" />
  </relation>
  <relation id="RT189">
    <member type="way" ref="W684" role="ref_line" />
    <tag k="type" v="regulatory_element" />
    <tag k="subtype" v="speed_limit" />
    <tag k="speed_limit" v="13.89" />
    <tag k="lanelet_id" v="Lerchenauer Straße_549023361.lane.2" />
  </relation>
  <relation id="RT190">
    <member type="way" ref="W686" role="ref_line" />
    <tag k="type" v="regulatory_element" />
    <tag k="subtype" v="speed_limit" />
    <tag k="speed_limit" v="13.89" />
    <tag k="lanelet_id" v="Lerchenauer Straße_549023361.lane.3" />
  </relation>
  <relation id="RT191">
    <member type="way" ref="W636" role="ref_line" />
    <tag k="type" v="regulatory_element" />
    <tag k="subtype" v="speed_limit" />
    <tag k="speed_limit" v="13.89" />
    <tag k="lanelet_id" v="Olympiapark Ost.lane.1" />
  </relation>
  <relation id="RT192">
    <member type="way" ref="W638" role="ref_line" />
    <tag k="type" v="regulatory_element" />
    <tag k="subtype" v="speed_limit" />
    <tag k="speed_limit" v="13.89" />
    <tag k="lanelet_id" v="Olympiapark Ost.lane.101" />
  </relation>
  <relation id="RT193">
    <member type="way" ref="W640" role="ref_line" />
    <tag k="type" v="regulatory_element" />
    <tag k="subtype" v="speed_limit" />
    <tag k="speed_limit" v="13.89" />
    <tag k="lanelet_id" v="Olympiapark Ost_390071287.lane.1" />
  </relation>
  <relation id="RT194">
    <member type="way" ref="W642" role="ref_line" />
    <tag k="type" v="regulatory_element" />
    <tag k="subtype" v="speed_limit" />
    <tag k="speed_limit" v="13.89" />
    <tag k="lanelet_id" v="Olympiapark Ost_390071287.lane.101" />
  </relation>
  <relation id="RT195">
    <member type="way" ref="W620" role="ref_line" />
    <tag k="type" v="regulatory_element" />
    <tag k="subtype" v="speed_limit" />
    <tag k="speed_limit" v="13.89" />
    <tag k="lanelet_id" v="Olympiazentrum.lane.1" />
  </relation>
  <relation id="RT196">
    <member type="way" ref="W622" role="ref_line" />
    <tag k="type" v="regulatory_element" />
    <tag k="subtype" v="speed_limit" />
    <tag k="speed_limit" v="13.89" />
    <tag k="lanelet_id" v="Olympiazentrum.lane.101" />
  </relation>
  <relation id="RT197">
    <member type="way" ref="W624" role="ref_line" />
    <tag k="type" v="regulatory_element" />
    <tag k="subtype" v="speed_limit" />
    <tag k="speed_limit" v="13.89" />
    <tag k="lanelet_id" v="Olympiazentrum_371108410.lane.1" />
  </relation>
  <relation id="RT198">
    <member type="way" ref="W626" role="ref_line" />
    <tag k="type" v="regulatory_element" />
    <tag k="subtype" v="speed_limit" />
    <tag k="speed_limit" v="13.89" />
    <tag k="lanelet_id" v="Olympiazentrum_371108410.lane.101" />
  </relation>
  <relation id="RT199">
    <member type="way" ref="W0" role="ref_line" />
    <tag k="type" v="regulatory_element" />
    <tag k="subtype" v="speed_limit" />
    <tag k="speed_limit" v="13.89" />
    <tag k="lanelet_id" v="Petuelring.lane.1" />
  </relation>
  <relation id="RT200">
    <member type="way" ref="W2" role="ref_line" />
    <tag k="type" v="regulatory_element" />
    <tag k="subtype" v="speed_limit" />
    <tag k="speed_limit" v="13.89" />
    <tag k="lanelet_id" v="Petuelring.lane.2" />
  </relation>
  <relation id="RT201">
    <member type="way" ref="W4" role="ref_line" />
    <tag k="type" v="regulatory_element" />
    <tag k="subtype" v="speed_limit" />
    <tag k="speed_limit" v="13.89" />
    <tag k="lanelet_id" v="Petuelring.lane.3" />
  </relation>
  <relation id="RT202">
    <member type="way" ref="W786" role="ref_line" />
    <tag k="type" v="regulatory_element" />
    <tag k="subtype" v="speed_limit" />
    <tag k="speed_limit" v="13.89" />
    <tag k="lanelet_id" v="Petuelring_1394084617.lane.1" />
  </relation>
  <relation id="RT203">
    <member type="way" ref="W788" role="ref_line" />
    <tag k="type" v="regulatory_element" />
    <tag k="subtype" v="speed_limit" />
    <tag k="speed_limit" v="13.89" />
    <tag k="lanelet_id" v="Petuelring_1394084617.lane.2" />
  </relation>
  <relation id="RT204">
    <member type="way" ref="W790" role="ref_line" />
    <tag k="type" v="regulatory_element" />
    <tag k="subtype" v="speed_limit" />
    <tag k="speed_limit" v="13.89" />
    <tag k="lanelet_id" v="Petuelring_1394084618.lane.1" />
  </relation>
  <relation id="RT205">
    <member type="way" ref="W792" role="ref_line" />
    <tag k="type" v="regulatory_element" />
    <tag k="subtype" v="speed_limit" />
    <tag k="speed_limit" v="13.89" />
    <tag k="lanelet_id" v="Petuelring_1394084618.lane.2" />
  </relation>
  <relation id="RT206">
    <member type="way" ref="W222" role="ref_line" />
    <tag k="type" v="regulatory_element" />
    <tag k="subtype" v="speed_limit" />
    <tag k="speed_limit" v="16.67" />
    <tag k="lanelet_id" v="Petuelring_146634675.lane.1" />
  </relation>
  <relation id="RT207">
    <member type="way" ref="W224" role="ref_line" />
    <tag k="type" v="regulatory_element" />
    <tag k="subtype" v="speed_limit" />
    <tag k="speed_limit" v="16.67" />
    <tag k="lanelet_id" v="Petuelring_146634675.lane.2" />
  </relation>
  <relation id="RT208">
    <member type="way" ref="W226" role="ref_line" />
    <tag k="type" v="regulatory_element" />
    <tag k="subtype" v="speed_limit" />
    <tag k="speed_limit" v="16.67" />
    <tag k="lanelet_id" v="Petuelring_146634675.lane.3" />
  </relation>
  <relation id="RT209">
    <member type="way" ref="W228" role="ref_line" />
    <tag k="type" v="regulatory_element" />
    <tag k="subtype" v="speed_limit" />
    <tag k="speed_limit" v="16.67" />
    <tag k="lanelet_id" v="Petuelring_146634675.lane.4" />
  </relation>
  <relation id="RT210">
    <member type="way" ref="W230" role="ref_line" />
    <tag k="type" v="regulatory_element" />
    <tag k="subtype" v="speed_limit" />
    <tag k="speed_limit" v="16.67" />
    <tag k="lanelet_id" v="Petuelring_146634676.lane.1" />
  </relation>
  <relation id="RT211">
    <member type="way" ref="W232" role="ref_line" />
    <tag k="type" v="regulatory_element" />
    <tag k="subtype" v="speed_limit" />
    <tag k="speed_limit" v="16.67" />
    <tag k="lanelet_id" v="Petuelring_146634676.lane.2" />
  </relation>
  <relation id="RT212">
    <member type="way" ref="W234" role="ref_line" />
    <tag k="type" v="regulatory_element" />
    <tag k="subtype" v="speed_limit" />
    <tag k="speed_limit" v="16.67" />
    <tag k="lanelet_id" v="Petuelring_146634677.lane.1" />
  </relation>
  <relation id="RT213">
    <member type="way" ref="W236" role="ref_line" />
    <tag k="type" v="regulatory_element" />
    <tag k="subtype" v="speed_limit" />
    <tag k="speed_limit" v="16.67" />
    <tag k="lanelet_id" v="Petuelring_146634677.lane.2" />
  </relation>
  <relation id="RT214">
    <member type="way" ref="W238" role="ref_line" />
    <tag k="type" v="regulatory_element" />
    <tag k="subtype" v="speed_limit" />
    <tag k="speed_limit" v="13.89" />
    <tag k="lanelet_id" v="Petuelring_146634678.lane.1" />
  </relation>
  <relation id="RT215">
    <member type="way" ref="W240" role="ref_line" />
    <tag k="type" v="regulatory_element" />
    <tag k="subtype" v="speed_limit" />
    <tag k="speed_limit" v="13.89" />
    <tag k="lanelet_id" v="Petuelring_146634678.lane.2" />
  </relation>
  <relation id="RT216">
    <member type="way" ref="W242" role="ref_line" />
    <tag k="type" v="regulatory_element" />
    <tag k="subtype" v="speed_limit" />
    <tag k="speed_limit" v="16.67" />
    <tag k="lanelet_id" v="Petuelring_146634680.lane.1" />
  </relation>
  <relation id="RT217">
    <member type="way" ref="W244" role="ref_line" />
    <tag k="type" v="regulatory_element" />
    <tag k="subtype" v="speed_limit" />
    <tag k="speed_limit" v="16.67" />
    <tag k="lanelet_id" v="Petuelring_146634680.lane.2" />
  </relation>
  <relation id="RT218">
    <member type="way" ref="W254" role="ref_line" />
    <tag k="type" v="regulatory_element" />
    <tag k="subtype" v="speed_limit" />
    <tag k="speed_limit" v="13.89" />
    <tag k="lanelet_id" v="Petuelring_147950388.lane.1" />
  </relation>
  <relation id="RT219">
    <member type="way" ref="W256" role="ref_line" />
    <tag k="type" v="regulatory_element" />
    <tag k="subtype" v="speed_limit" />
    <tag k="speed_limit" v="13.89" />
    <tag k="lanelet_id" v="Petuelring_147950388.lane.2" />
  </relation>
  <relation id="RT220">
    <member type="way" ref="W262" role="ref_line" />
    <tag k="type" v="regulatory_element" />
    <tag k="subtype" v="speed_limit" />
    <tag k="speed_limit" v="13.89" />
    <tag k="lanelet_id" v="Petuelring_152582354.lane.1" />
  </relation>
  <relation id="RT221">
    <member type="way" ref="W264" role="ref_line" />
    <tag k="type" v="regulatory_element" />
    <tag k="subtype" v="speed_limit" />
    <tag k="speed_limit" v="13.89" />
    <tag k="lanelet_id" v="Petuelring_152582354.lane.2" />
  </relation>
  <relation id="RT222">
    <member type="way" ref="W300" role="ref_line" />
    <tag k="type" v="regulatory_element" />
    <tag k="subtype" v="speed_limit" />
    <tag k="speed_limit" v="13.89" />
    <tag k="lanelet_id" v="Petuelring_172507242.lane.1" />
  </relation>
  <relation id="RT223">
    <member type="way" ref="W302" role="ref_line" />
    <tag k="type" v="regulatory_element" />
    <tag k="subtype" v="speed_limit" />
    <tag k="speed_limit" v="13.89" />
    <tag k="lanelet_id" v="Petuelring_172507242.lane.2" />
  </relation>
  <relation id="RT224">
    <member type="way" ref="W304" role="ref_line" />
    <tag k="type" v="regulatory_element" />
    <tag k="subtype" v="speed_limit" />
    <tag k="speed_limit" v="13.89" />
    <tag k="lanelet_id" v="Petuelring_172507242.lane.3" />
  </relation>
  <relation id="RT225">
    <member type="way" ref="W62" role="ref_line" />
    <tag k="type" v="regulatory_element" />
    <tag k="subtype" v="speed_limit" />
    <tag k="speed_limit" v="13.89" />
    <tag k="lanelet_id" v="Petuelring_19435275.lane.1" />
  </relation>
  <relation id="RT226">
    <member type="way" ref="W396" role="ref_line" />
    <tag k="type" v="regulatory_element" />
    <tag k="subtype" v="speed_limit" />
    <tag k="speed_limit" v="13.89" />
    <tag k="lanelet_id" v="Petuelring_267576358.lane.1" />
  </relation>
  <relation id="RT227">
    <member type="way" ref="W398" role="ref_line" />
    <tag k="type" v="regulatory_element" />
    <tag k="subtype" v="speed_limit" />
    <tag k="speed_limit" v="13.89" />
    <tag k="lanelet_id" v="Petuelring_267576358.lane.2" />
  </relation>
  <relation id="RT228">
    <member type="way" ref="W424" role="ref_line" />
    <tag k="type" v="regulatory_element" />
    <tag k="subtype" v="speed_limit" />
    <tag k="speed_limit" v="13.89" />
    <tag k="lanelet_id" v="Petuelring_269716441.lane.1" />
  </relation>
  <relation id="RT229">
    <member type="way" ref="W426" role="ref_line" />
    <tag k="type" v="regulatory_element" />
    <tag k="subtype" v="speed_limit" />
    <tag k="speed_limit" v="13.89" />
    <tag k="lanelet_id" v="Petuelring_269716441.lane.2" />
  </relation>
  <relation id="RT230">
    <member type="way" ref="W428" role="ref_line" />
    <tag k="type" v="regulatory_element" />
    <tag k="subtype" v="speed_limit" />
    <tag k="speed_limit" v="13.89" />
    <tag k="lanelet_id" v="Petuelring_269716443.lane.1" />
  </relation>
  <relation id="RT231">
    <member type="way" ref="W430" role="ref_line" />
    <tag k="type" v="regulatory_element" />
    <tag k="subtype" v="speed_limit" />
    <tag k="speed_limit" v="13.89" />
    <tag k="lanelet_id" v="Petuelring_269716443.lane.2" />
  </relation>
  <relation id="RT232">
    <member type="way" ref="W432" role="ref_line" />
    <tag k="type" v="regulatory_element" />
    <tag k="subtype" v="speed_limit" />
    <tag k="speed_limit" v="13.89" />
    <tag k="lanelet_id" v="Petuelring_269716443.lane.3" />
  </relation>
  <relation id="RT233">
    <member type="way" ref="W434" role="ref_line" />
    <tag k="type" v="regulatory_element" />
    <tag k="subtype" v="speed_limit" />
    <tag k="speed_limit" v="13.89" />
    <tag k="lanelet_id" v="Petuelring_269716443.lane.4" />
  </relation>
  <relation id="RT234">
    <member type="way" ref="W102" role="ref_line" />
    <tag k="type" v="regulatory_element" />
    <tag k="subtype" v="speed_limit" />
    <tag k="speed_limit" v="16.67" />
    <tag k="lanelet_id" v="Petuelring_32457957.lane.1" />
  </relation>
  <relation id="RT235">
    <member type="way" ref="W104" role="ref_line" />
    <tag k="type" v="regulatory_element" />
    <tag k="subtype" v="speed_limit" />
    <tag k="speed_limit" v="16.67" />
    <tag k="lanelet_id" v="Petuelring_32457957.lane.2" />
  </relation>
  <relation id="RT236">
    <member type="way" ref="W612" role="ref_line" />
    <tag k="type" v="regulatory_element" />
    <tag k="subtype" v="speed_limit" />
    <tag k="speed_limit" v="13.89" />
    <tag k="lanelet_id" v="Petuelring_349142799.lane.1" />
  </relation>
  <relation id="RT237">
    <member type="way" ref="W614" role="ref_line" />
    <tag k="type" v="regulatory_element" />
    <tag k="subtype" v="speed_limit" />
    <tag k="speed_limit" v="13.89" />
    <tag k="lanelet_id" v="Petuelring_349142799.lane.101" />
  </relation>
  <relation id="RT238">
    <member type="way" ref="W616" role="ref_line" />
    <tag k="type" v="regulatory_element" />
    <tag k="subtype" v="speed_limit" />
    <tag k="speed_limit" v="13.89" />
    <tag k="lanelet_id" v="Petuelring_349142801.lane.1" />
  </relation>
  <relation id="RT239">
    <member type="way" ref="W618" role="ref_line" />
    <tag k="type" v="regulatory_element" />
    <tag k="subtype" v="speed_limit" />
    <tag k="speed_limit" v="13.89" />
    <tag k="lanelet_id" v="Petuelring_349142801.lane.101" />
  </relation>
  <relation id="RT240">
    <member type="way" ref="W118" role="ref_line" />
    <tag k="type" v="regulatory_element" />
    <tag k="subtype" v="speed_limit" />
    <tag k="speed_limit" v="13.89" />
    <tag k="lanelet_id" v="Petuelring_36966110.lane.1" />
  </relation>
  <relation id="RT241">
    <member type="way" ref="W120" role="ref_line" />
    <tag k="type" v="regulatory_element" />
    <tag k="subtype" v="speed_limit" />
    <tag k="speed_limit" v="13.89" />
    <tag k="lanelet_id" v="Petuelring_36966110.lane.2" />
  </relation>
  <relation id="RT242">
    <member type="way" ref="W652" role="ref_line" />
    <tag k="type" v="regulatory_element" />
    <tag k="subtype" v="speed_limit" />
    <tag k="speed_limit" v="13.89" />
    <tag k="lanelet_id" v="Petuelring_421514326.lane.1" />
  </relation>
  <relation id="RT243">
    <member type="way" ref="W654" role="ref_line" />
    <tag k="type" v="regulatory_element" />
    <tag k="subtype" v="speed_limit" />
    <tag k="speed_limit" v="13.89" />
    <tag k="lanelet_id" v="Petuelring_421514326.lane.2" />
  </relation>
  <relation id="RT244">
    <member type="way" ref="W6" role="ref_line" />
    <tag k="type" v="regulatory_element" />
    <tag k="subtype" v="speed_limit" />
    <tag k="speed_limit" v="16.67" />
    <tag k="lanelet_id" v="Petuelring_4300513.lane.1" />
  </relation>
  <relation id="RT245">
    <member type="way" ref="W8" role="ref_line" />
    <tag k="type" v="regulatory_element" />
    <tag k="subtype" v="speed_limit" />
    <tag k="speed_limit" v="16.67" />
    <tag k="lanelet_id" v="Petuelring_4300513.lane.2" />
  </relation>
  <relation id="RT246">
    <member type="way" ref="W10" role="ref_line" />
    <tag k="type" v="regulatory_element" />
    <tag k="subtype" v="speed_limit" />
    <tag k="speed_limit" v="16.67" />
    <tag k="lanelet_id" v="Petuelring_4300513.lane.3" />
  </relation>
  <relation id="RT247">
    <member type="way" ref="W12" role="ref_line" />
    <tag k="type" v="regulatory_element" />
    <tag k="subtype" v="speed_limit" />
    <tag k="speed_limit" v="16.67" />
    <tag k="lanelet_id" v="Petuelring_4300513.lane.4" />
  </relation>
  <relation id="RT248">
    <member type="way" ref="W30" role="ref_line" />
    <tag k="type" v="regulatory_element" />
    <tag k="subtype" v="speed_limit" />
    <tag k="speed_limit" v="16.67" />
    <tag k="lanelet_id" v="Petuelring_4585579.lane.1" />
  </relation>
  <relation id="RT249">
    <member type="way" ref="W32" role="ref_line" />
    <tag k="type" v="regulatory_element" />
    <tag k="subtype" v="speed_limit" />
    <tag k="speed_limit" v="16.67" />
    <tag k="lanelet_id" v="Petuelring_4585579.lane.2" />
  </relation>
  <relation id="RT250">
    <member type="way" ref="W676" role="ref_line" />
    <tag k="type" v="regulatory_element" />
    <tag k="subtype" v="speed_limit" />
    <tag k="speed_limit" v="13.89" />
    <tag k="lanelet_id" v="Petuelring_504395817.lane.1" />
  </relation>
  <relation id="RT251">
    <member type="way" ref="W678" role="ref_line" />
    <tag k="type" v="regulatory_element" />
    <tag k="subtype" v="speed_limit" />
    <tag k="speed_limit" v="13.89" />
    <tag k="lanelet_id" v="Petuelring_504395817.lane.2" />
  </relation>
  <relation id="RT252">
    <member type="way" ref="W680" role="ref_line" />
    <tag k="type" v="regulatory_element" />
    <tag k="subtype" v="speed_limit" />
    <tag k="speed_limit" v="13.89" />
    <tag k="lanelet_id" v="Petuelring_504395817.lane.3" />
  </relation>
  <relation id="RT253">
    <member type="way" ref="W184" role="ref_line" />
    <tag k="type" v="regulatory_element" />
    <tag k="subtype" v="speed_limit" />
    <tag k="speed_limit" v="13.89" />
    <tag k="lanelet_id" v="Petuelring_97451283.lane.1" />
  </relation>
  <relation id="RT254">
    <member type="way" ref="W186" role="ref_line" />
    <tag k="type" v="regulatory_element" />
    <tag k="subtype" v="speed_limit" />
    <tag k="speed_limit" v="13.89" />
    <tag k="lanelet_id" v="Petuelring_97451283.lane.2" />
  </relation>
  <relation id="RT255">
    <member type="way" ref="W188" role="ref_line" />
    <tag k="type" v="regulatory_element" />
    <tag k="subtype" v="speed_limit" />
    <tag k="speed_limit" v="13.89" />
    <tag k="lanelet_id" v="Petuelring_97451283.lane.3" />
  </relation>
  <relation id="RT256">
    <member type="way" ref="W172" role="ref_line" />
    <tag k="type" v="regulatory_element" />
    <tag k="subtype" v="speed_limit" />
    <tag k="speed_limit" v="13.89" />
    <tag k="lanelet_id" v="Riesenfeldstraße.lane.1" />
  </relation>
  <relation id="RT257">
    <member type="way" ref="W174" role="ref_line" />
    <tag k="type" v="regulatory_element" />
    <tag k="subtype" v="speed_limit" />
    <tag k="speed_limit" v="13.89" />
    <tag k="lanelet_id" v="Riesenfeldstraße.lane.101" />
  </relation>
  <relation id="RT258">
    <member type="way" ref="W734" role="ref_line" />
    <tag k="type" v="regulatory_element" />
    <tag k="subtype" v="speed_limit" />
    <tag k="speed_limit" v="13.89" />
    <tag k="lanelet_id" v="Riesenfeldstraße_1079276725.lane.1" />
  </relation>
  <relation id="RT259">
    <member type="way" ref="W736" role="ref_line" />
    <tag k="type" v="regulatory_element" />
    <tag k="subtype" v="speed_limit" />
    <tag k="speed_limit" v="13.89" />
    <tag k="lanelet_id" v="Riesenfeldstraße_1079276725.lane.101" />
  </relation>
  <relation id="RT260">
    <member type="way" ref="W592" role="ref_line" />
    <tag k="type" v="regulatory_element" />
    <tag k="subtype" v="speed_limit" />
    <tag k="speed_limit" v="13.89" />
    <tag k="lanelet_id" v="Riesenfeldstraße_339700552.lane.1" />
  </relation>
  <relation id="RT261">
    <member type="way" ref="W594" role="ref_line" />
    <tag k="type" v="regulatory_element" />
    <tag k="subtype" v="speed_limit" />
    <tag k="speed_limit" v="13.89" />
    <tag k="lanelet_id" v="Riesenfeldstraße_339700552.lane.101" />
  </relation>
  <relation id="RT262">
    <member type="way" ref="W596" role="ref_line" />
    <tag k="type" v="regulatory_element" />
    <tag k="subtype" v="speed_limit" />
    <tag k="speed_limit" v="13.89" />
    <tag k="lanelet_id" v="Riesenfeldstraße_339700561.lane.1" />
  </relation>
  <relation id="RT263">
    <member type="way" ref="W598" role="ref_line" />
    <tag k="type" v="regulatory_element" />
    <tag k="subtype" v="speed_limit" />
    <tag k="speed_limit" v="13.89" />
    <tag k="lanelet_id" v="Riesenfeldstraße_339700561.lane.101" />
  </relation>
  <relation id="RT264">
    <member type="way" ref="W600" role="ref_line" />
    <tag k="type" v="regulatory_element" />
    <tag k="subtype" v="speed_limit" />
    <tag k="speed_limit" v="13.89" />
    <tag k="lanelet_id" v="Riesenfeldstraße_339700565.lane.1" />
  </relation>
  <relation id="RT265">
    <member type="way" ref="W602" role="ref_line" />
    <tag k="type" v="regulatory_element" />
    <tag k="subtype" v="speed_limit" />
    <tag k="speed_limit" v="13.89" />
    <tag k="lanelet_id" v="Riesenfeldstraße_339700565.lane.101" />
  </relation>
  <relation id="RT266">
    <member type="way" ref="W272" role="ref_line" />
    <tag k="type" v="regulatory_element" />
    <tag k="subtype" v="speed_limit" />
    <tag k="speed_limit" v="8.33" />
    <tag k="lanelet_id" v="Sailerstraße.lane.1" />
  </relation>
  <relation id="RT267">
    <member type="way" ref="W274" role="ref_line" />
    <tag k="type" v="regulatory_element" />
    <tag k="subtype" v="speed_limit" />
    <tag k="speed_limit" v="8.33" />
    <tag k="lanelet_id" v="Sailerstraße.lane.101" />
  </relation>
  <relation id="RT268">
    <member type="way" ref="W288" role="ref_line" />
    <tag k="type" v="regulatory_element" />
    <tag k="subtype" v="speed_limit" />
    <tag k="speed_limit" v="8.33" />
    <tag k="lanelet_id" v="Sailerstraße_157090559.lane.1" />
  </relation>
  <relation id="RT269">
    <member type="way" ref="W290" role="ref_line" />
    <tag k="type" v="regulatory_element" />
    <tag k="subtype" v="speed_limit" />
    <tag k="speed_limit" v="8.33" />
    <tag k="lanelet_id" v="Sailerstraße_157090559.lane.2" />
  </relation>
  <relation id="RT270">
    <member type="way" ref="W72" role="ref_line" />
    <tag k="type" v="regulatory_element" />
    <tag k="subtype" v="speed_limit" />
    <tag k="speed_limit" v="13.89" />
    <tag k="lanelet_id" v="Sankt-Blasien-Straße.lane.1" />
  </relation>
  <relation id="RT271">
    <member type="way" ref="W74" role="ref_line" />
    <tag k="type" v="regulatory_element" />
    <tag k="subtype" v="speed_limit" />
    <tag k="speed_limit" v="13.89" />
    <tag k="lanelet_id" v="Sankt-Blasien-Straße.lane.101" />
  </relation>
  <relation id="RT272">
    <member type="way" ref="W106" role="ref_line" />
    <tag k="type" v="regulatory_element" />
    <tag k="subtype" v="speed_limit" />
    <tag k="speed_limit" v="13.89" />
    <tag k="lanelet_id" v="Schleißheimer Straße.lane.1" />
  </relation>
  <relation id="RT273">
    <member type="way" ref="W108" role="ref_line" />
    <tag k="type" v="regulatory_element" />
    <tag k="subtype" v="speed_limit" />
    <tag k="speed_limit" v="13.89" />
    <tag k="lanelet_id" v="Schleißheimer Straße.lane.2" />
  </relation>
  <relation id="RT274">
    <member type="way" ref="W136" role="ref_line" />
    <tag k="type" v="regulatory_element" />
    <tag k="subtype" v="speed_limit" />
    <tag k="speed_limit" v="13.89" />
    <tag k="lanelet_id" v="Schleißheimer Straße_51095967.lane.1" />
  </relation>
  <relation id="RT275">
    <member type="way" ref="W138" role="ref_line" />
    <tag k="type" v="regulatory_element" />
    <tag k="subtype" v="speed_limit" />
    <tag k="speed_limit" v="13.89" />
    <tag k="lanelet_id" v="Schleißheimer Straße_51095967.lane.2" />
  </relation>
  <relation id="RT276">
    <member type="way" ref="W140" role="ref_line" />
    <tag k="type" v="regulatory_element" />
    <tag k="subtype" v="speed_limit" />
    <tag k="speed_limit" v="13.89" />
    <tag k="lanelet_id" v="Schleißheimer Straße_51095970.lane.1" />
  </relation>
  <relation id="RT277">
    <member type="way" ref="W142" role="ref_line" />
    <tag k="type" v="regulatory_element" />
    <tag k="subtype" v="speed_limit" />
    <tag k="speed_limit" v="13.89" />
    <tag k="lanelet_id" v="Schleißheimer Straße_51095970.lane.2" />
  </relation>
  <relation id="RT278">
    <member type="way" ref="W98" role="ref_line" />
    <tag k="type" v="regulatory_element" />
    <tag k="subtype" v="speed_limit" />
    <tag k="speed_limit" v="8.33" />
    <tag k="lanelet_id" v="Schopenhauerstraße.lane.1" />
  </relation>
  <relation id="RT279">
    <member type="way" ref="W100" role="ref_line" />
    <tag k="type" v="regulatory_element" />
    <tag k="subtype" v="speed_limit" />
    <tag k="speed_limit" v="8.33" />
    <tag k="lanelet_id" v="Schopenhauerstraße.lane.2" />
  </relation>
  <relation id="RT280">
    <member type="way" ref="W628" role="ref_line" />
    <tag k="type" v="regulatory_element" />
    <tag k="subtype" v="speed_limit" />
    <tag k="speed_limit" v="13.89" />
    <tag k="lanelet_id" v="Schopenhauerstraße_384211905.lane.1" />
  </relation>
  <relation id="RT281">
    <member type="way" ref="W630" role="ref_line" />
    <tag k="type" v="regulatory_element" />
    <tag k="subtype" v="speed_limit" />
    <tag k="speed_limit" v="13.89" />
    <tag k="lanelet_id" v="Schopenhauerstraße_384211905.lane.101" />
  </relation>
  <relation id="RT282">
    <member type="way" ref="W632" role="ref_line" />
    <tag k="type" v="regulatory_element" />
    <tag k="subtype" v="speed_limit" />
    <tag k="speed_limit" v="13.89" />
    <tag k="lanelet_id" v="Schopenhauerstraße_384211906.lane.1" />
  </relation>
  <relation id="RT283">
    <member type="way" ref="W634" role="ref_line" />
    <tag k="type" v="regulatory_element" />
    <tag k="subtype" v="speed_limit" />
    <tag k="speed_limit" v="13.89" />
    <tag k="lanelet_id" v="Schopenhauerstraße_384211906.lane.101" />
  </relation>
  <relation id="RT284">
    <member type="way" ref="W54" role="ref_line" />
    <tag k="type" v="regulatory_element" />
    <tag k="subtype" v="speed_limit" />
    <tag k="speed_limit" v="8.33" />
    <tag k="lanelet_id" v="Spiridon-Louis-Ring.lane.1" />
  </relation>
  <relation id="RT285">
    <member type="way" ref="W56" role="ref_line" />
    <tag k="type" v="regulatory_element" />
    <tag k="subtype" v="speed_limit" />
    <tag k="speed_limit" v="8.33" />
    <tag k="lanelet_id" v="Spiridon-Louis-Ring.lane.101" />
  </relation>
  <relation id="RT286">
    <member type="way" ref="W774" role="ref_line" />
    <tag k="type" v="regulatory_element" />
    <tag k="subtype" v="speed_limit" />
    <tag k="speed_limit" v="8.33" />
    <tag k="lanelet_id" v="Spiridon-Louis-Ring_1143276742.lane.1" />
  </relation>
  <relation id="RT287">
    <member type="way" ref="W776" role="ref_line" />
    <tag k="type" v="regulatory_element" />
    <tag k="subtype" v="speed_limit" />
    <tag k="speed_limit" v="8.33" />
    <tag k="lanelet_id" v="Spiridon-Louis-Ring_1143276742.lane.101" />
  </relation>
  <relation id="RT288">
    <member type="way" ref="W778" role="ref_line" />
    <tag k="type" v="regulatory_element" />
    <tag k="subtype" v="speed_limit" />
    <tag k="speed_limit" v="8.33" />
    <tag k="lanelet_id" v="Spiridon-Louis-Ring_1279888068.lane.1" />
  </relation>
  <relation id="RT289">
    <member type="way" ref="W780" role="ref_line" />
    <tag k="type" v="regulatory_element" />
    <tag k="subtype" v="speed_limit" />
    <tag k="speed_limit" v="8.33" />
    <tag k="lanelet_id" v="Spiridon-Louis-Ring_1279888068.lane.101" />
  </relation>
  <relation id="RT290">
    <member type="way" ref="W312" role="ref_line" />
    <tag k="type" v="regulatory_element" />
    <tag k="subtype" v="speed_limit" />
    <tag k="speed_limit" v="13.89" />
    <tag k="lanelet_id" v="Spiridon-Louis-Ring_209452713.lane.1" />
  </relation>
  <relation id="RT291">
    <member type="way" ref="W314" role="ref_line" />
    <tag k="type" v="regulatory_element" />
    <tag k="subtype" v="speed_limit" />
    <tag k="speed_limit" v="13.89" />
    <tag k="lanelet_id" v="Spiridon-Louis-Ring_209452713.lane.101" />
  </relation>
  <relation id="RT292">
    <member type="way" ref="W512" role="ref_line" />
    <tag k="type" v="regulatory_element" />
    <tag k="subtype" v="speed_limit" />
    <tag k="speed_limit" v="13.89" />
    <tag k="lanelet_id" v="Spiridon-Louis-Ring_305316829.lane.1" />
  </relation>
  <relation id="RT293">
    <member type="way" ref="W514" role="ref_line" />
    <tag k="type" v="regulatory_element" />
    <tag k="subtype" v="speed_limit" />
    <tag k="speed_limit" v="13.89" />
    <tag k="lanelet_id" v="Spiridon-Louis-Ring_305316829.lane.101" />
  </relation>
  <relation id="RT294">
    <member type="way" ref="W292" role="ref_line" />
    <tag k="type" v="regulatory_element" />
    <tag k="subtype" v="speed_limit" />
    <tag k="speed_limit" v="8.33" />
    <tag k="lanelet_id" v="Wertherstraße.lane.1" />
  </relation>
  <relation id="RT295">
    <member type="way" ref="W294" role="ref_line" />
    <tag k="type" v="regulatory_element" />
    <tag k="subtype" v="speed_limit" />
    <tag k="speed_limit" v="8.33" />
    <tag k="lanelet_id" v="Wertherstraße.lane.2" />
  </relation>
  <relation id="RT296">
    <member type="way" ref="W296" role="ref_line" />
    <tag k="type" v="regulatory_element" />
    <tag k="subtype" v="speed_limit" />
    <tag k="speed_limit" v="8.33" />
    <tag k="lanelet_id" v="Wilhelm-Meister-Straße.lane.1" />
  </relation>
  <relation id="RT297">
    <member type="way" ref="W298" role="ref_line" />
    <tag k="type" v="regulatory_element" />
    <tag k="subtype" v="speed_limit" />
    <tag k="speed_limit" v="8.33" />
    <tag k="lanelet_id" v="Wilhelm-Meister-Straße.lane.2" />
  </relation>
  <relation id="RT298">
    <member type="way" ref="W190" role="ref_line" />
    <tag k="type" v="regulatory_element" />
    <tag k="subtype" v="speed_limit" />
    <tag k="speed_limit" v="13.89" />
    <tag k="lanelet_id" v="way_100023982.lane.1" />
  </relation>
  <relation id="RT299">
    <member type="way" ref="W192" role="ref_line" />
    <tag k="type" v="regulatory_element" />
    <tag k="subtype" v="speed_limit" />
    <tag k="speed_limit" v="13.89" />
    <tag k="lanelet_id" v="way_100023982.lane.101" />
  </relation>
  <relation id="RT300">
    <member type="way" ref="W708" role="ref_line" />
    <tag k="type" v="regulatory_element" />
    <tag k="subtype" v="speed_limit" />
    <tag k="speed_limit" v="13.89" />
    <tag k="lanelet_id" v="way_1019249429.lane.1" />
  </relation>
  <relation id="RT301">
    <member type="way" ref="W710" role="ref_line" />
    <tag k="type" v="regulatory_element" />
    <tag k="subtype" v="speed_limit" />
    <tag k="speed_limit" v="13.89" />
    <tag k="lanelet_id" v="way_1019249429.lane.101" />
  </relation>
  <relation id="RT302">
    <member type="way" ref="W730" role="ref_line" />
    <tag k="type" v="regulatory_element" />
    <tag k="subtype" v="speed_limit" />
    <tag k="speed_limit" v="13.89" />
    <tag k="lanelet_id" v="way_1076186585.lane.1" />
  </relation>
  <relation id="RT303">
    <member type="way" ref="W732" role="ref_line" />
    <tag k="type" v="regulatory_element" />
    <tag k="subtype" v="speed_limit" />
    <tag k="speed_limit" v="13.89" />
    <tag k="lanelet_id" v="way_1076186585.lane.101" />
  </relation>
  <relation id="RT304">
    <member type="way" ref="W750" role="ref_line" />
    <tag k="type" v="regulatory_element" />
    <tag k="subtype" v="speed_limit" />
    <tag k="speed_limit" v="13.89" />
    <tag k="lanelet_id" v="way_1080985934.lane.1" />
  </relation>
  <relation id="RT305">
    <member type="way" ref="W752" role="ref_line" />
    <tag k="type" v="regulatory_element" />
    <tag k="subtype" v="speed_limit" />
    <tag k="speed_limit" v="13.89" />
    <tag k="lanelet_id" v="way_1080985934.lane.101" />
  </relation>
  <relation id="RT306">
    <member type="way" ref="W754" role="ref_line" />
    <tag k="type" v="regulatory_element" />
    <tag k="subtype" v="speed_limit" />
    <tag k="speed_limit" v="13.89" />
    <tag k="lanelet_id" v="way_1080985935.lane.1" />
  </relation>
  <relation id="RT307">
    <member type="way" ref="W756" role="ref_line" />
    <tag k="type" v="regulatory_element" />
    <tag k="subtype" v="speed_limit" />
    <tag k="speed_limit" v="13.89" />
    <tag k="lanelet_id" v="way_1080985935.lane.101" />
  </relation>
  <relation id="RT308">
    <member type="way" ref="W758" role="ref_line" />
    <tag k="type" v="regulatory_element" />
    <tag k="subtype" v="speed_limit" />
    <tag k="speed_limit" v="13.89" />
    <tag k="lanelet_id" v="way_1086175142.lane.1" />
  </relation>
  <relation id="RT309">
    <member type="way" ref="W760" role="ref_line" />
    <tag k="type" v="regulatory_element" />
    <tag k="subtype" v="speed_limit" />
    <tag k="speed_limit" v="13.89" />
    <tag k="lanelet_id" v="way_1086175142.lane.101" />
  </relation>
  <relation id="RT310">
    <member type="way" ref="W762" role="ref_line" />
    <tag k="type" v="regulatory_element" />
    <tag k="subtype" v="speed_limit" />
    <tag k="speed_limit" v="13.89" />
    <tag k="lanelet_id" v="way_1086932940.lane.1" />
  </relation>
  <relation id="RT311">
    <member type="way" ref="W764" role="ref_line" />
    <tag k="type" v="regulatory_element" />
    <tag k="subtype" v="speed_limit" />
    <tag k="speed_limit" v="13.89" />
    <tag k="lanelet_id" v="way_1086932940.lane.101" />
  </relation>
  <relation id="RT312">
    <member type="way" ref="W194" role="ref_line" />
    <tag k="type" v="regulatory_element" />
    <tag k="subtype" v="speed_limit" />
    <tag k="speed_limit" v="13.89" />
    <tag k="lanelet_id" v="way_111676419.lane.1" />
  </relation>
  <relation id="RT313">
    <member type="way" ref="W196" role="ref_line" />
    <tag k="type" v="regulatory_element" />
    <tag k="subtype" v="speed_limit" />
    <tag k="speed_limit" v="13.89" />
    <tag k="lanelet_id" v="way_111676419.lane.101" />
  </relation>
  <relation id="RT314">
    <member type="way" ref="W782" role="ref_line" />
    <tag k="type" v="regulatory_element" />
    <tag k="subtype" v="speed_limit" />
    <tag k="speed_limit" v="13.89" />
    <tag k="lanelet_id" v="way_1387781975.lane.1" />
  </relation>
  <relation id="RT315">
    <member type="way" ref="W784" role="ref_line" />
    <tag k="type" v="regulatory_element" />
    <tag k="subtype" v="speed_limit" />
    <tag k="speed_limit" v="13.89" />
    <tag k="lanelet_id" v="way_1387781975.lane.101" />
  </relation>
  <relation id="RT316">
    <member type="way" ref="W202" role="ref_line" />
    <tag k="type" v="regulatory_element" />
    <tag k="subtype" v="speed_limit" />
    <tag k="speed_limit" v="13.89" />
    <tag k="lanelet_id" v="way_140008098.lane.1" />
  </relation>
  <relation id="RT317">
    <member type="way" ref="W204" role="ref_line" />
    <tag k="type" v="regulatory_element" />
    <tag k="subtype" v="speed_limit" />
    <tag k="speed_limit" v="13.89" />
    <tag k="lanelet_id" v="way_140008098.lane.101" />
  </relation>
  <relation id="RT318">
    <member type="way" ref="W214" role="ref_line" />
    <tag k="type" v="regulatory_element" />
    <tag k="subtype" v="speed_limit" />
    <tag k="speed_limit" v="16.67" />
    <tag k="lanelet_id" v="way_145433980.lane.1" />
  </relation>
  <relation id="RT319">
    <member type="way" ref="W216" role="ref_line" />
    <tag k="type" v="regulatory_element" />
    <tag k="subtype" v="speed_limit" />
    <tag k="speed_limit" v="16.67" />
    <tag k="lanelet_id" v="way_145433980.lane.2" />
  </relation>
  <relation id="RT320">
    <member type="way" ref="W266" role="ref_line" />
    <tag k="type" v="regulatory_element" />
    <tag k="subtype" v="speed_limit" />
    <tag k="speed_limit" v="13.89" />
    <tag k="lanelet_id" v="way_152582357.lane.1" />
  </relation>
  <relation id="RT321">
    <member type="way" ref="W268" role="ref_line" />
    <tag k="type" v="regulatory_element" />
    <tag k="subtype" v="speed_limit" />
    <tag k="speed_limit" v="13.89" />
    <tag k="lanelet_id" v="way_152582357.lane.2" />
  </relation>
  <relation id="RT322">
    <member type="way" ref="W270" role="ref_line" />
    <tag k="type" v="regulatory_element" />
    <tag k="subtype" v="speed_limit" />
    <tag k="speed_limit" v="13.89" />
    <tag k="lanelet_id" v="way_152582357.lane.3" />
  </relation>
  <relation id="RT323">
    <member type="way" ref="W58" role="ref_line" />
    <tag k="type" v="regulatory_element" />
    <tag k="subtype" v="speed_limit" />
    <tag k="speed_limit" v="13.89" />
    <tag k="lanelet_id" v="way_17920125.lane.1" />
  </relation>
  <relation id="RT324">
    <member type="way" ref="W60" role="ref_line" />
    <tag k="type" v="regulatory_element" />
    <tag k="subtype" v="speed_limit" />
    <tag k="speed_limit" v="13.89" />
    <tag k="lanelet_id" v="way_17920125.lane.101" />
  </relation>
  <relation id="RT325">
    <member type="way" ref="W316" role="ref_line" />
    <tag k="type" v="regulatory_element" />
    <tag k="subtype" v="speed_limit" />
    <tag k="speed_limit" v="13.89" />
    <tag k="lanelet_id" v="way_256036553.lane.1" />
  </relation>
  <relation id="RT326">
    <member type="way" ref="W318" role="ref_line" />
    <tag k="type" v="regulatory_element" />
    <tag k="subtype" v="speed_limit" />
    <tag k="speed_limit" v="13.89" />
    <tag k="lanelet_id" v="way_256036553.lane.101" />
  </relation>
  <relation id="RT327">
    <member type="way" ref="W320" role="ref_line" />
    <tag k="type" v="regulatory_element" />
    <tag k="subtype" v="speed_limit" />
    <tag k="speed_limit" v="13.89" />
    <tag k="lanelet_id" v="way_256036554.lane.1" />
  </relation>
  <relation id="RT328">
    <member type="way" ref="W322" role="ref_line" />
    <tag k="type" v="regulatory_element" />
    <tag k="subtype" v="speed_limit" />
    <tag k="speed_limit" v="13.89" />
    <tag k="lanelet_id" v="way_256036554.lane.101" />
  </relation>
  <relation id="RT329">
    <member type="way" ref="W324" role="ref_line" />
    <tag k="type" v="regulatory_element" />
    <tag k="subtype" v="speed_limit" />
    <tag k="speed_limit" v="13.89" />
    <tag k="lanelet_id" v="way_256036555.lane.1" />
  </relation>
  <relation id="RT330">
    <member type="way" ref="W326" role="ref_line" />
    <tag k="type" v="regulatory_element" />
    <tag k="subtype" v="speed_limit" />
    <tag k="speed_limit" v="13.89" />
    <tag k="lanelet_id" v="way_256036555.lane.101" />
  </relation>
  <relation id="RT331">
    <member type="way" ref="W344" role="ref_line" />
    <tag k="type" v="regulatory_element" />
    <tag k="subtype" v="speed_limit" />
    <tag k="speed_limit" v="13.89" />
    <tag k="lanelet_id" v="way_256987065.lane.1" />
  </relation>
  <relation id="RT332">
    <member type="way" ref="W346" role="ref_line" />
    <tag k="type" v="regulatory_element" />
    <tag k="subtype" v="speed_limit" />
    <tag k="speed_limit" v="13.89" />
    <tag k="lanelet_id" v="way_256987065.lane.101" />
  </relation>
  <relation id="RT333">
    <member type="way" ref="W348" role="ref_line" />
    <tag k="type" v="regulatory_element" />
    <tag k="subtype" v="speed_limit" />
    <tag k="speed_limit" v="13.89" />
    <tag k="lanelet_id" v="way_256987067.lane.1" />
  </relation>
  <relation id="RT334">
    <member type="way" ref="W350" role="ref_line" />
    <tag k="type" v="regulatory_element" />
    <tag k="subtype" v="speed_limit" />
    <tag k="speed_limit" v="13.89" />
    <tag k="lanelet_id" v="way_256987067.lane.101" />
  </relation>
  <relation id="RT335">
    <member type="way" ref="W352" role="ref_line" />
    <tag k="type" v="regulatory_element" />
    <tag k="subtype" v="speed_limit" />
    <tag k="speed_limit" v="13.89" />
    <tag k="lanelet_id" v="way_256987070.lane.1" />
  </relation>
  <relation id="RT336">
    <member type="way" ref="W354" role="ref_line" />
    <tag k="type" v="regulatory_element" />
    <tag k="subtype" v="speed_limit" />
    <tag k="speed_limit" v="13.89" />
    <tag k="lanelet_id" v="way_256987070.lane.101" />
  </relation>
  <relation id="RT337">
    <member type="way" ref="W356" role="ref_line" />
    <tag k="type" v="regulatory_element" />
    <tag k="subtype" v="speed_limit" />
    <tag k="speed_limit" v="13.89" />
    <tag k="lanelet_id" v="way_256987071.lane.1" />
  </relation>
  <relation id="RT338">
    <member type="way" ref="W358" role="ref_line" />
    <tag k="type" v="regulatory_element" />
    <tag k="subtype" v="speed_limit" />
    <tag k="speed_limit" v="13.89" />
    <tag k="lanelet_id" v="way_256987071.lane.101" />
  </relation>
  <relation id="RT339">
    <member type="way" ref="W360" role="ref_line" />
    <tag k="type" v="regulatory_element" />
    <tag k="subtype" v="speed_limit" />
    <tag k="speed_limit" v="13.89" />
    <tag k="lanelet_id" v="way_257626484.lane.1" />
  </relation>
  <relation id="RT340">
    <member type="way" ref="W362" role="ref_line" />
    <tag k="type" v="regulatory_element" />
    <tag k="subtype" v="speed_limit" />
    <tag k="speed_limit" v="13.89" />
    <tag k="lanelet_id" v="way_257626484.lane.101" />
  </relation>
  <relation id="RT341">
    <member type="way" ref="W364" role="ref_line" />
    <tag k="type" v="regulatory_element" />
    <tag k="subtype" v="speed_limit" />
    <tag k="speed_limit" v="13.89" />
    <tag k="lanelet_id" v="way_257626485.lane.1" />
  </relation>
  <relation id="RT342">
    <member type="way" ref="W366" role="ref_line" />
    <tag k="type" v="regulatory_element" />
    <tag k="subtype" v="speed_limit" />
    <tag k="speed_limit" v="13.89" />
    <tag k="lanelet_id" v="way_257626485.lane.101" />
  </relation>
  <relation id="RT343">
    <member type="way" ref="W368" role="ref_line" />
    <tag k="type" v="regulatory_element" />
    <tag k="subtype" v="speed_limit" />
    <tag k="speed_limit" v="13.89" />
    <tag k="lanelet_id" v="way_257626487.lane.1" />
  </relation>
  <relation id="RT344">
    <member type="way" ref="W370" role="ref_line" />
    <tag k="type" v="regulatory_element" />
    <tag k="subtype" v="speed_limit" />
    <tag k="speed_limit" v="13.89" />
    <tag k="lanelet_id" v="way_257626487.lane.101" />
  </relation>
  <relation id="RT345">
    <member type="way" ref="W372" role="ref_line" />
    <tag k="type" v="regulatory_element" />
    <tag k="subtype" v="speed_limit" />
    <tag k="speed_limit" v="13.89" />
    <tag k="lanelet_id" v="way_257626490.lane.1" />
  </relation>
  <relation id="RT346">
    <member type="way" ref="W374" role="ref_line" />
    <tag k="type" v="regulatory_element" />
    <tag k="subtype" v="speed_limit" />
    <tag k="speed_limit" v="13.89" />
    <tag k="lanelet_id" v="way_257626490.lane.101" />
  </relation>
  <relation id="RT347">
    <member type="way" ref="W376" role="ref_line" />
    <tag k="type" v="regulatory_element" />
    <tag k="subtype" v="speed_limit" />
    <tag k="speed_limit" v="13.89" />
    <tag k="lanelet_id" v="way_257626493.lane.1" />
  </relation>
  <relation id="RT348">
    <member type="way" ref="W378" role="ref_line" />
    <tag k="type" v="regulatory_element" />
    <tag k="subtype" v="speed_limit" />
    <tag k="speed_limit" v="13.89" />
    <tag k="lanelet_id" v="way_257626493.lane.101" />
  </relation>
  <relation id="RT349">
    <member type="way" ref="W380" role="ref_line" />
    <tag k="type" v="regulatory_element" />
    <tag k="subtype" v="speed_limit" />
    <tag k="speed_limit" v="13.89" />
    <tag k="lanelet_id" v="way_257626496.lane.1" />
  </relation>
  <relation id="RT350">
    <member type="way" ref="W382" role="ref_line" />
    <tag k="type" v="regulatory_element" />
    <tag k="subtype" v="speed_limit" />
    <tag k="speed_limit" v="13.89" />
    <tag k="lanelet_id" v="way_257626496.lane.101" />
  </relation>
  <relation id="RT351">
    <member type="way" ref="W384" role="ref_line" />
    <tag k="type" v="regulatory_element" />
    <tag k="subtype" v="speed_limit" />
    <tag k="speed_limit" v="13.89" />
    <tag k="lanelet_id" v="way_257626499.lane.1" />
  </relation>
  <relation id="RT352">
    <member type="way" ref="W386" role="ref_line" />
    <tag k="type" v="regulatory_element" />
    <tag k="subtype" v="speed_limit" />
    <tag k="speed_limit" v="13.89" />
    <tag k="lanelet_id" v="way_257626499.lane.101" />
  </relation>
  <relation id="RT353">
    <member type="way" ref="W388" role="ref_line" />
    <tag k="type" v="regulatory_element" />
    <tag k="subtype" v="speed_limit" />
    <tag k="speed_limit" v="13.89" />
    <tag k="lanelet_id" v="way_257626500.lane.1" />
  </relation>
  <relation id="RT354">
    <member type="way" ref="W390" role="ref_line" />
    <tag k="type" v="regulatory_element" />
    <tag k="subtype" v="speed_limit" />
    <tag k="speed_limit" v="13.89" />
    <tag k="lanelet_id" v="way_257626500.lane.101" />
  </relation>
  <relation id="RT355">
    <member type="way" ref="W392" role="ref_line" />
    <tag k="type" v="regulatory_element" />
    <tag k="subtype" v="speed_limit" />
    <tag k="speed_limit" v="13.89" />
    <tag k="lanelet_id" v="way_257626501.lane.1" />
  </relation>
  <relation id="RT356">
    <member type="way" ref="W394" role="ref_line" />
    <tag k="type" v="regulatory_element" />
    <tag k="subtype" v="speed_limit" />
    <tag k="speed_limit" v="13.89" />
    <tag k="lanelet_id" v="way_257626501.lane.101" />
  </relation>
  <relation id="RT357">
    <member type="way" ref="W492" role="ref_line" />
    <tag k="type" v="regulatory_element" />
    <tag k="subtype" v="speed_limit" />
    <tag k="speed_limit" v="13.89" />
    <tag k="lanelet_id" v="way_285292335.lane.1" />
  </relation>
  <relation id="RT358">
    <member type="way" ref="W494" role="ref_line" />
    <tag k="type" v="regulatory_element" />
    <tag k="subtype" v="speed_limit" />
    <tag k="speed_limit" v="13.89" />
    <tag k="lanelet_id" v="way_285292335.lane.101" />
  </relation>
  <relation id="RT359">
    <member type="way" ref="W80" role="ref_line" />
    <tag k="type" v="regulatory_element" />
    <tag k="subtype" v="speed_limit" />
    <tag k="speed_limit" v="13.89" />
    <tag k="lanelet_id" v="way_29899934.lane.1" />
  </relation>
  <relation id="RT360">
    <member type="way" ref="W82" role="ref_line" />
    <tag k="type" v="regulatory_element" />
    <tag k="subtype" v="speed_limit" />
    <tag k="speed_limit" v="13.89" />
    <tag k="lanelet_id" v="way_29899934.lane.101" />
  </relation>
  <relation id="RT361">
    <member type="way" ref="W508" role="ref_line" />
    <tag k="type" v="regulatory_element" />
    <tag k="subtype" v="speed_limit" />
    <tag k="speed_limit" v="13.89" />
    <tag k="lanelet_id" v="way_300994954.lane.1" />
  </relation>
  <relation id="RT362">
    <member type="way" ref="W510" role="ref_line" />
    <tag k="type" v="regulatory_element" />
    <tag k="subtype" v="speed_limit" />
    <tag k="speed_limit" v="13.89" />
    <tag k="lanelet_id" v="way_300994954.lane.101" />
  </relation>
  <relation id="RT363">
    <member type="way" ref="W524" role="ref_line" />
    <tag k="type" v="regulatory_element" />
    <tag k="subtype" v="speed_limit" />
    <tag k="speed_limit" v="13.89" />
    <tag k="lanelet_id" v="way_317342457.lane.1" />
  </relation>
  <relation id="RT364">
    <member type="way" ref="W526" role="ref_line" />
    <tag k="type" v="regulatory_element" />
    <tag k="subtype" v="speed_limit" />
    <tag k="speed_limit" v="13.89" />
    <tag k="lanelet_id" v="way_317342457.lane.101" />
  </relation>
  <relation id="RT365">
    <member type="way" ref="W110" role="ref_line" />
    <tag k="type" v="regulatory_element" />
    <tag k="subtype" v="speed_limit" />
    <tag k="speed_limit" v="13.89" />
    <tag k="lanelet_id" v="way_33954492.lane.1" />
  </relation>
  <relation id="RT366">
    <member type="way" ref="W112" role="ref_line" />
    <tag k="type" v="regulatory_element" />
    <tag k="subtype" v="speed_limit" />
    <tag k="speed_limit" v="13.89" />
    <tag k="lanelet_id" v="way_33954492.lane.2" />
  </relation>
  <relation id="RT367">
    <member type="way" ref="W604" role="ref_line" />
    <tag k="type" v="regulatory_element" />
    <tag k="subtype" v="speed_limit" />
    <tag k="speed_limit" v="13.89" />
    <tag k="lanelet_id" v="way_345696699.lane.1" />
  </relation>
  <relation id="RT368">
    <member type="way" ref="W606" role="ref_line" />
    <tag k="type" v="regulatory_element" />
    <tag k="subtype" v="speed_limit" />
    <tag k="speed_limit" v="13.89" />
    <tag k="lanelet_id" v="way_345696699.lane.101" />
  </relation>
  <relation id="RT369">
    <member type="way" ref="W608" role="ref_line" />
    <tag k="type" v="regulatory_element" />
    <tag k="subtype" v="speed_limit" />
    <tag k="speed_limit" v="13.89" />
    <tag k="lanelet_id" v="way_345696700.lane.1" />
  </relation>
  <relation id="RT370">
    <member type="way" ref="W610" role="ref_line" />
    <tag k="type" v="regulatory_element" />
    <tag k="subtype" v="speed_limit" />
    <tag k="speed_limit" v="13.89" />
    <tag k="lanelet_id" v="way_345696700.lane.101" />
  </relation>
  <relation id="RT371">
    <member type="way" ref="W114" role="ref_line" />
    <tag k="type" v="regulatory_element" />
    <tag k="subtype" v="speed_limit" />
    <tag k="speed_limit" v="13.89" />
    <tag k="lanelet_id" v="way_36965392.lane.1" />
  </relation>
  <relation id="RT372">
    <member type="way" ref="W116" role="ref_line" />
    <tag k="type" v="regulatory_element" />
    <tag k="subtype" v="speed_limit" />
    <tag k="speed_limit" v="13.89" />
    <tag k="lanelet_id" v="way_36965392.lane.2" />
  </relation>
  <relation id="RT373">
    <member type="way" ref="W644" role="ref_line" />
    <tag k="type" v="regulatory_element" />
    <tag k="subtype" v="speed_limit" />
    <tag k="speed_limit" v="13.89" />
    <tag k="lanelet_id" v="way_410359739.lane.1" />
  </relation>
  <relation id="RT374">
    <member type="way" ref="W646" role="ref_line" />
    <tag k="type" v="regulatory_element" />
    <tag k="subtype" v="speed_limit" />
    <tag k="speed_limit" v="13.89" />
    <tag k="lanelet_id" v="way_410359739.lane.101" />
  </relation>
  <relation id="RT375">
    <member type="way" ref="W648" role="ref_line" />
    <tag k="type" v="regulatory_element" />
    <tag k="subtype" v="speed_limit" />
    <tag k="speed_limit" v="13.89" />
    <tag k="lanelet_id" v="way_410359740.lane.1" />
  </relation>
  <relation id="RT376">
    <member type="way" ref="W650" role="ref_line" />
    <tag k="type" v="regulatory_element" />
    <tag k="subtype" v="speed_limit" />
    <tag k="speed_limit" v="13.89" />
    <tag k="lanelet_id" v="way_410359740.lane.101" />
  </relation>
  <relation id="RT377">
    <member type="way" ref="W656" role="ref_line" />
    <tag k="type" v="regulatory_element" />
    <tag k="subtype" v="speed_limit" />
    <tag k="speed_limit" v="13.89" />
    <tag k="lanelet_id" v="way_424475754.lane.1" />
  </relation>
  <relation id="RT378">
    <member type="way" ref="W658" role="ref_line" />
    <tag k="type" v="regulatory_element" />
    <tag k="subtype" v="speed_limit" />
    <tag k="speed_limit" v="13.89" />
    <tag k="lanelet_id" v="way_424475754.lane.101" />
  </relation>
  <relation id="RT379">
    <member type="way" ref="W660" role="ref_line" />
    <tag k="type" v="regulatory_element" />
    <tag k="subtype" v="speed_limit" />
    <tag k="speed_limit" v="13.89" />
    <tag k="lanelet_id" v="way_431556926.lane.1" />
  </relation>
  <relation id="RT380">
    <member type="way" ref="W662" role="ref_line" />
    <tag k="type" v="regulatory_element" />
    <tag k="subtype" v="speed_limit" />
    <tag k="speed_limit" v="13.89" />
    <tag k="lanelet_id" v="way_431556926.lane.101" />
  </relation>
  <relation id="RT381">
    <member type="way" ref="W26" role="ref_line" />
    <tag k="type" v="regulatory_element" />
    <tag k="subtype" v="speed_limit" />
    <tag k="speed_limit" v="16.67" />
    <tag k="lanelet_id" v="way_4585577.lane.1" />
  </relation>
  <relation id="RT382">
    <member type="way" ref="W28" role="ref_line" />
    <tag k="type" v="regulatory_element" />
    <tag k="subtype" v="speed_limit" />
    <tag k="speed_limit" v="16.67" />
    <tag k="lanelet_id" v="way_4585577.lane.2" />
  </relation>
  <relation id="RT383">
    <member type="way" ref="W132" role="ref_line" />
    <tag k="type" v="regulatory_element" />
    <tag k="subtype" v="speed_limit" />
    <tag k="speed_limit" v="13.89" />
    <tag k="lanelet_id" v="way_50624760.lane.1" />
  </relation>
  <relation id="RT384">
    <member type="way" ref="W134" role="ref_line" />
    <tag k="type" v="regulatory_element" />
    <tag k="subtype" v="speed_limit" />
    <tag k="speed_limit" v="13.89" />
    <tag k="lanelet_id" v="way_50624760.lane.101" />
  </relation>
  <relation id="RT385">
    <member type="way" ref="W144" role="ref_line" />
    <tag k="type" v="regulatory_element" />
    <tag k="subtype" v="speed_limit" />
    <tag k="speed_limit" v="13.89" />
    <tag k="lanelet_id" v="way_51145578.lane.1" />
  </relation>
  <relation id="RT386">
    <member type="way" ref="W146" role="ref_line" />
    <tag k="type" v="regulatory_element" />
    <tag k="subtype" v="speed_limit" />
    <tag k="speed_limit" v="13.89" />
    <tag k="lanelet_id" v="way_51145578.lane.101" />
  </relation>
  <relation id="RT387">
    <member type="way" ref="W152" role="ref_line" />
    <tag k="type" v="regulatory_element" />
    <tag k="subtype" v="speed_limit" />
    <tag k="speed_limit" v="13.89" />
    <tag k="lanelet_id" v="way_60058821.lane.1" />
  </relation>
  <relation id="RT388">
    <member type="way" ref="W154" role="ref_line" />
    <tag k="type" v="regulatory_element" />
    <tag k="subtype" v="speed_limit" />
    <tag k="speed_limit" v="13.89" />
    <tag k="lanelet_id" v="way_60058821.lane.101" />
  </relation>
  <relation id="RT389">
    <member type="way" ref="W688" role="ref_line" />
    <tag k="type" v="regulatory_element" />
    <tag k="subtype" v="speed_limit" />
    <tag k="speed_limit" v="13.89" />
    <tag k="lanelet_id" v="way_616710958.lane.1" />
  </relation>
  <relation id="RT390">
    <member type="way" ref="W690" role="ref_line" />
    <tag k="type" v="regulatory_element" />
    <tag k="subtype" v="speed_limit" />
    <tag k="speed_limit" v="13.89" />
    <tag k="lanelet_id" v="way_616710958.lane.2" />
  </relation>
  <relation id="RT391">
    <member type="way" ref="W692" role="ref_line" />
    <tag k="type" v="regulatory_element" />
    <tag k="subtype" v="speed_limit" />
    <tag k="speed_limit" v="13.89" />
    <tag k="lanelet_id" v="way_617631834.lane.1" />
  </relation>
  <relation id="RT392">
    <member type="way" ref="W694" role="ref_line" />
    <tag k="type" v="regulatory_element" />
    <tag k="subtype" v="speed_limit" />
    <tag k="speed_limit" v="13.89" />
    <tag k="lanelet_id" v="way_617631834.lane.2" />
  </relation>
  <relation id="RT393">
    <member type="way" ref="W696" role="ref_line" />
    <tag k="type" v="regulatory_element" />
    <tag k="subtype" v="speed_limit" />
    <tag k="speed_limit" v="13.89" />
    <tag k="lanelet_id" v="way_617631837.lane.1" />
  </relation>
  <relation id="RT394">
    <member type="way" ref="W698" role="ref_line" />
    <tag k="type" v="regulatory_element" />
    <tag k="subtype" v="speed_limit" />
    <tag k="speed_limit" v="13.89" />
    <tag k="lanelet_id" v="way_617631837.lane.2" />
  </relation>
  <relation id="RT395">
    <member type="way" ref="W700" role="ref_line" />
    <tag k="type" v="regulatory_element" />
    <tag k="subtype" v="speed_limit" />
    <tag k="speed_limit" v="13.89" />
    <tag k="lanelet_id" v="way_617631841.lane.1" />
  </relation>
  <relation id="RT396">
    <member type="way" ref="W702" role="ref_line" />
    <tag k="type" v="regulatory_element" />
    <tag k="subtype" v="speed_limit" />
    <tag k="speed_limit" v="13.89" />
    <tag k="lanelet_id" v="way_617631841.lane.2" />
  </relation>
  <relation id="RT397">
    <member type="way" ref="W704" role="ref_line" />
    <tag k="type" v="regulatory_element" />
    <tag k="subtype" v="speed_limit" />
    <tag k="speed_limit" v="13.89" />
    <tag k="lanelet_id" v="way_996101475.lane.1" />
  </relation>
  <relation id="RT398">
    <member type="way" ref="W706" role="ref_line" />
    <tag k="type" v="regulatory_element" />
    <tag k="subtype" v="speed_limit" />
    <tag k="speed_limit" v="13.89" />
    <tag k="lanelet_id" v="way_996101475.lane.101" />
  </relation>
</osm>
